datetime,changepoint,source_group,source_file
2020-03-09 10:14:33,0.0,valve1,0.csv
2020-03-09 10:14:34,0.0,valve1,0.csv
2020-03-09 10:14:35,0.0,valve1,0.csv
2020-03-09 10:14:36,0.0,valve1,0.csv
2020-03-09 10:14:37,0.0,valve1,0.csv
2020-03-09 10:14:38,0.0,valve1,0.csv
2020-03-09 10:14:39,0.0,valve1,0.csv
2020-03-09 10:14:40,0.0,valve1,0.csv
2020-03-09 10:14:41,0.0,valve1,0.csv
2020-03-09 10:14:42,0.0,valve1,0.csv
2020-03-09 10:14:43,0.0,valve1,0.csv
2020-03-09 10:14:44,0.0,valve1,0.csv
2020-03-09 10:14:45,0.0,valve1,0.csv
2020-03-09 10:14:46,0.0,valve1,0.csv
2020-03-09 10:14:47,0.0,valve1,0.csv
2020-03-09 10:14:48,0.0,valve1,0.csv
2020-03-09 10:14:49,0.0,valve1,0.csv
2020-03-09 10:14:50,0.0,valve1,0.csv
2020-03-09 10:14:52,0.0,valve1,0.csv
2020-03-09 10:14:53,0.0,valve1,0.csv
2020-03-09 10:14:54,0.0,valve1,0.csv
2020-03-09 10:14:55,0.0,valve1,0.csv
2020-03-09 10:14:56,0.0,valve1,0.csv
2020-03-09 10:14:57,0.0,valve1,0.csv
2020-03-09 10:14:58,0.0,valve1,0.csv
2020-03-09 10:14:59,0.0,valve1,0.csv
2020-03-09 10:15:00,0.0,valve1,0.csv
2020-03-09 10:15:01,0.0,valve1,0.csv
2020-03-09 10:15:02,0.0,valve1,0.csv
2020-03-09 10:15:03,0.0,valve1,0.csv
2020-03-09 10:15:04,0.0,valve1,0.csv
2020-03-09 10:15:05,0.0,valve1,0.csv
2020-03-09 10:15:06,0.0,valve1,0.csv
2020-03-09 10:15:07,0.0,valve1,0.csv
2020-03-09 10:15:08,0.0,valve1,0.csv
2020-03-09 10:15:09,0.0,valve1,0.csv
2020-03-09 10:15:10,0.0,valve1,0.csv
2020-03-09 10:15:11,0.0,valve1,0.csv
2020-03-09 10:15:12,0.0,valve1,0.csv
2020-03-09 10:15:13,0.0,valve1,0.csv
2020-03-09 10:15:15,0.0,valve1,0.csv
2020-03-09 10:15:16,0.0,valve1,0.csv
2020-03-09 10:15:17,0.0,valve1,0.csv
2020-03-09 10:15:18,0.0,valve1,0.csv
2020-03-09 10:15:19,0.0,valve1,0.csv
2020-03-09 10:15:20,0.0,valve1,0.csv
2020-03-09 10:15:21,0.0,valve1,0.csv
2020-03-09 10:15:22,0.0,valve1,0.csv
2020-03-09 10:15:23,0.0,valve1,0.csv
2020-03-09 10:15:24,0.0,valve1,0.csv
2020-03-09 10:15:25,0.0,valve1,0.csv
2020-03-09 10:15:26,0.0,valve1,0.csv
2020-03-09 10:15:27,0.0,valve1,0.csv
2020-03-09 10:15:28,0.0,valve1,0.csv
2020-03-09 10:15:29,0.0,valve1,0.csv
2020-03-09 10:15:30,0.0,valve1,0.csv
2020-03-09 10:15:31,0.0,valve1,0.csv
2020-03-09 10:15:32,0.0,valve1,0.csv
2020-03-09 10:15:33,0.0,valve1,0.csv
2020-03-09 10:15:34,0.0,valve1,0.csv
2020-03-09 10:15:35,0.0,valve1,0.csv
2020-03-09 10:15:37,0.0,valve1,0.csv
2020-03-09 10:15:38,0.0,valve1,0.csv
2020-03-09 10:15:39,0.0,valve1,0.csv
2020-03-09 10:15:40,0.0,valve1,0.csv
2020-03-09 10:15:41,0.0,valve1,0.csv
2020-03-09 10:15:42,0.0,valve1,0.csv
2020-03-09 10:15:43,0.0,valve1,0.csv
2020-03-09 10:15:44,0.0,valve1,0.csv
2020-03-09 10:15:45,0.0,valve1,0.csv
2020-03-09 10:15:46,0.0,valve1,0.csv
2020-03-09 10:15:47,0.0,valve1,0.csv
2020-03-09 10:15:48,0.0,valve1,0.csv
2020-03-09 10:15:49,0.0,valve1,0.csv
2020-03-09 10:15:50,0.0,valve1,0.csv
2020-03-09 10:15:51,0.0,valve1,0.csv
2020-03-09 10:15:52,0.0,valve1,0.csv
2020-03-09 10:15:53,0.0,valve1,0.csv
2020-03-09 10:15:54,0.0,valve1,0.csv
2020-03-09 10:15:55,0.0,valve1,0.csv
2020-03-09 10:15:56,0.0,valve1,0.csv
2020-03-09 10:15:57,0.0,valve1,0.csv
2020-03-09 10:15:58,0.0,valve1,0.csv
2020-03-09 10:15:59,0.0,valve1,0.csv
2020-03-09 10:16:00,0.0,valve1,0.csv
2020-03-09 10:16:02,0.0,valve1,0.csv
2020-03-09 10:16:03,0.0,valve1,0.csv
2020-03-09 10:16:04,0.0,valve1,0.csv
2020-03-09 10:16:05,0.0,valve1,0.csv
2020-03-09 10:16:06,0.0,valve1,0.csv
2020-03-09 10:16:07,0.0,valve1,0.csv
2020-03-09 10:16:08,0.0,valve1,0.csv
2020-03-09 10:16:09,0.0,valve1,0.csv
2020-03-09 10:16:10,0.0,valve1,0.csv
2020-03-09 10:16:11,0.0,valve1,0.csv
2020-03-09 10:16:12,0.0,valve1,0.csv
2020-03-09 10:16:13,0.0,valve1,0.csv
2020-03-09 10:16:14,0.0,valve1,0.csv
2020-03-09 10:16:15,0.0,valve1,0.csv
2020-03-09 10:16:16,0.0,valve1,0.csv
2020-03-09 10:16:17,0.0,valve1,0.csv
2020-03-09 10:16:18,0.0,valve1,0.csv
2020-03-09 10:16:19,0.0,valve1,0.csv
2020-03-09 10:16:20,0.0,valve1,0.csv
2020-03-09 10:16:21,0.0,valve1,0.csv
2020-03-09 10:16:22,0.0,valve1,0.csv
2020-03-09 10:16:23,0.0,valve1,0.csv
2020-03-09 10:16:24,0.0,valve1,0.csv
2020-03-09 10:16:25,0.0,valve1,0.csv
2020-03-09 10:16:26,0.0,valve1,0.csv
2020-03-09 10:16:27,0.0,valve1,0.csv
2020-03-09 10:16:29,0.0,valve1,0.csv
2020-03-09 10:16:30,0.0,valve1,0.csv
2020-03-09 10:16:31,0.0,valve1,0.csv
2020-03-09 10:16:32,0.0,valve1,0.csv
2020-03-09 10:16:33,0.0,valve1,0.csv
2020-03-09 10:16:34,0.0,valve1,0.csv
2020-03-09 10:16:35,0.0,valve1,0.csv
2020-03-09 10:16:36,0.0,valve1,0.csv
2020-03-09 10:16:37,0.0,valve1,0.csv
2020-03-09 10:16:38,0.0,valve1,0.csv
2020-03-09 10:16:39,0.0,valve1,0.csv
2020-03-09 10:16:40,0.0,valve1,0.csv
2020-03-09 10:16:41,0.0,valve1,0.csv
2020-03-09 10:16:42,0.0,valve1,0.csv
2020-03-09 10:16:43,0.0,valve1,0.csv
2020-03-09 10:16:44,0.0,valve1,0.csv
2020-03-09 10:16:45,0.0,valve1,0.csv
2020-03-09 10:16:46,0.0,valve1,0.csv
2020-03-09 10:16:47,0.0,valve1,0.csv
2020-03-09 10:16:48,0.0,valve1,0.csv
2020-03-09 10:16:49,0.0,valve1,0.csv
2020-03-09 10:16:51,0.0,valve1,0.csv
2020-03-09 10:16:52,0.0,valve1,0.csv
2020-03-09 10:16:53,0.0,valve1,0.csv
2020-03-09 10:16:54,0.0,valve1,0.csv
2020-03-09 10:16:55,0.0,valve1,0.csv
2020-03-09 10:16:56,0.0,valve1,0.csv
2020-03-09 10:16:57,0.0,valve1,0.csv
2020-03-09 10:16:58,0.0,valve1,0.csv
2020-03-09 10:16:59,0.0,valve1,0.csv
2020-03-09 10:17:00,0.0,valve1,0.csv
2020-03-09 10:17:01,0.0,valve1,0.csv
2020-03-09 10:17:02,0.0,valve1,0.csv
2020-03-09 10:17:03,0.0,valve1,0.csv
2020-03-09 10:17:04,0.0,valve1,0.csv
2020-03-09 10:17:05,0.0,valve1,0.csv
2020-03-09 10:17:06,0.0,valve1,0.csv
2020-03-09 10:17:07,0.0,valve1,0.csv
2020-03-09 10:17:08,0.0,valve1,0.csv
2020-03-09 10:17:09,0.0,valve1,0.csv
2020-03-09 10:17:10,0.0,valve1,0.csv
2020-03-09 10:17:12,0.0,valve1,0.csv
2020-03-09 10:17:13,0.0,valve1,0.csv
2020-03-09 10:17:14,0.0,valve1,0.csv
2020-03-09 10:17:15,0.0,valve1,0.csv
2020-03-09 10:17:16,0.0,valve1,0.csv
2020-03-09 10:17:17,0.0,valve1,0.csv
2020-03-09 10:17:18,0.0,valve1,0.csv
2020-03-09 10:17:19,0.0,valve1,0.csv
2020-03-09 10:17:20,0.0,valve1,0.csv
2020-03-09 10:17:21,0.0,valve1,0.csv
2020-03-09 10:17:22,0.0,valve1,0.csv
2020-03-09 10:17:23,0.0,valve1,0.csv
2020-03-09 10:17:25,0.0,valve1,0.csv
2020-03-09 10:17:26,0.0,valve1,0.csv
2020-03-09 10:17:27,0.0,valve1,0.csv
2020-03-09 10:17:28,0.0,valve1,0.csv
2020-03-09 10:17:29,0.0,valve1,0.csv
2020-03-09 10:17:30,0.0,valve1,0.csv
2020-03-09 10:17:31,0.0,valve1,0.csv
2020-03-09 10:17:32,0.0,valve1,0.csv
2020-03-09 10:17:33,0.0,valve1,0.csv
2020-03-09 10:17:34,0.0,valve1,0.csv
2020-03-09 10:17:35,0.0,valve1,0.csv
2020-03-09 10:17:36,0.0,valve1,0.csv
2020-03-09 10:17:37,0.0,valve1,0.csv
2020-03-09 10:17:38,0.0,valve1,0.csv
2020-03-09 10:17:39,0.0,valve1,0.csv
2020-03-09 10:17:40,0.0,valve1,0.csv
2020-03-09 10:17:41,0.0,valve1,0.csv
2020-03-09 10:17:42,0.0,valve1,0.csv
2020-03-09 10:17:43,0.0,valve1,0.csv
2020-03-09 10:17:44,0.0,valve1,0.csv
2020-03-09 10:17:45,0.0,valve1,0.csv
2020-03-09 10:17:46,0.0,valve1,0.csv
2020-03-09 10:17:48,0.0,valve1,0.csv
2020-03-09 10:17:49,0.0,valve1,0.csv
2020-03-09 10:17:50,0.0,valve1,0.csv
2020-03-09 10:17:51,0.0,valve1,0.csv
2020-03-09 10:17:52,0.0,valve1,0.csv
2020-03-09 10:17:53,0.0,valve1,0.csv
2020-03-09 10:17:54,0.0,valve1,0.csv
2020-03-09 10:17:55,0.0,valve1,0.csv
2020-03-09 10:17:56,0.0,valve1,0.csv
2020-03-09 10:17:57,0.0,valve1,0.csv
2020-03-09 10:17:58,0.0,valve1,0.csv
2020-03-09 10:17:59,0.0,valve1,0.csv
2020-03-09 10:18:00,0.0,valve1,0.csv
2020-03-09 10:18:01,0.0,valve1,0.csv
2020-03-09 10:18:02,0.0,valve1,0.csv
2020-03-09 10:18:03,0.0,valve1,0.csv
2020-03-09 10:18:04,0.0,valve1,0.csv
2020-03-09 10:18:05,0.0,valve1,0.csv
2020-03-09 10:18:06,0.0,valve1,0.csv
2020-03-09 10:18:07,0.0,valve1,0.csv
2020-03-09 10:18:08,0.0,valve1,0.csv
2020-03-09 10:18:10,0.0,valve1,0.csv
2020-03-09 10:18:11,0.0,valve1,0.csv
2020-03-09 10:18:12,0.0,valve1,0.csv
2020-03-09 10:18:13,0.0,valve1,0.csv
2020-03-09 10:18:14,0.0,valve1,0.csv
2020-03-09 10:18:15,0.0,valve1,0.csv
2020-03-09 10:18:16,0.0,valve1,0.csv
2020-03-09 10:18:17,0.0,valve1,0.csv
2020-03-09 10:18:18,0.0,valve1,0.csv
2020-03-09 10:18:19,0.0,valve1,0.csv
2020-03-09 10:18:20,0.0,valve1,0.csv
2020-03-09 10:18:21,0.0,valve1,0.csv
2020-03-09 10:18:22,0.0,valve1,0.csv
2020-03-09 10:18:23,0.0,valve1,0.csv
2020-03-09 10:18:24,0.0,valve1,0.csv
2020-03-09 10:18:25,0.0,valve1,0.csv
2020-03-09 10:18:26,0.0,valve1,0.csv
2020-03-09 10:18:27,0.0,valve1,0.csv
2020-03-09 10:18:28,0.0,valve1,0.csv
2020-03-09 10:18:29,0.0,valve1,0.csv
2020-03-09 10:18:30,0.0,valve1,0.csv
2020-03-09 10:18:31,0.0,valve1,0.csv
2020-03-09 10:18:33,0.0,valve1,0.csv
2020-03-09 10:18:34,0.0,valve1,0.csv
2020-03-09 10:18:35,0.0,valve1,0.csv
2020-03-09 10:18:36,0.0,valve1,0.csv
2020-03-09 10:18:37,0.0,valve1,0.csv
2020-03-09 10:18:38,0.0,valve1,0.csv
2020-03-09 10:18:39,0.0,valve1,0.csv
2020-03-09 10:18:40,0.0,valve1,0.csv
2020-03-09 10:18:41,0.0,valve1,0.csv
2020-03-09 10:18:42,0.0,valve1,0.csv
2020-03-09 10:18:43,0.0,valve1,0.csv
2020-03-09 10:18:44,0.0,valve1,0.csv
2020-03-09 10:18:45,0.0,valve1,0.csv
2020-03-09 10:18:46,0.0,valve1,0.csv
2020-03-09 10:18:47,0.0,valve1,0.csv
2020-03-09 10:18:48,0.0,valve1,0.csv
2020-03-09 10:18:49,0.0,valve1,0.csv
2020-03-09 10:18:50,0.0,valve1,0.csv
2020-03-09 10:18:51,0.0,valve1,0.csv
2020-03-09 10:18:52,0.0,valve1,0.csv
2020-03-09 10:18:54,0.0,valve1,0.csv
2020-03-09 10:18:55,0.0,valve1,0.csv
2020-03-09 10:18:56,0.0,valve1,0.csv
2020-03-09 10:18:57,0.0,valve1,0.csv
2020-03-09 10:18:58,0.0,valve1,0.csv
2020-03-09 10:18:59,0.0,valve1,0.csv
2020-03-09 10:19:00,0.0,valve1,0.csv
2020-03-09 10:19:01,0.0,valve1,0.csv
2020-03-09 10:19:02,0.0,valve1,0.csv
2020-03-09 10:19:03,0.0,valve1,0.csv
2020-03-09 10:19:04,0.0,valve1,0.csv
2020-03-09 10:19:05,0.0,valve1,0.csv
2020-03-09 10:19:06,0.0,valve1,0.csv
2020-03-09 10:19:07,0.0,valve1,0.csv
2020-03-09 10:19:08,0.0,valve1,0.csv
2020-03-09 10:19:09,0.0,valve1,0.csv
2020-03-09 10:19:10,0.0,valve1,0.csv
2020-03-09 10:19:11,0.0,valve1,0.csv
2020-03-09 10:19:12,0.0,valve1,0.csv
2020-03-09 10:19:13,0.0,valve1,0.csv
2020-03-09 10:19:15,0.0,valve1,0.csv
2020-03-09 10:19:16,0.0,valve1,0.csv
2020-03-09 10:19:17,0.0,valve1,0.csv
2020-03-09 10:19:18,0.0,valve1,0.csv
2020-03-09 10:19:19,0.0,valve1,0.csv
2020-03-09 10:19:20,0.0,valve1,0.csv
2020-03-09 10:19:21,0.0,valve1,0.csv
2020-03-09 10:19:22,0.0,valve1,0.csv
2020-03-09 10:19:23,0.0,valve1,0.csv
2020-03-09 10:19:24,0.0,valve1,0.csv
2020-03-09 10:19:25,0.0,valve1,0.csv
2020-03-09 10:19:26,0.0,valve1,0.csv
2020-03-09 10:19:27,0.0,valve1,0.csv
2020-03-09 10:19:28,0.0,valve1,0.csv
2020-03-09 10:19:29,0.0,valve1,0.csv
2020-03-09 10:19:30,0.0,valve1,0.csv
2020-03-09 10:19:31,0.0,valve1,0.csv
2020-03-09 10:19:32,0.0,valve1,0.csv
2020-03-09 10:19:33,0.0,valve1,0.csv
2020-03-09 10:19:34,0.0,valve1,0.csv
2020-03-09 10:19:35,0.0,valve1,0.csv
2020-03-09 10:19:36,0.0,valve1,0.csv
2020-03-09 10:19:37,0.0,valve1,0.csv
2020-03-09 10:19:39,0.0,valve1,0.csv
2020-03-09 10:19:40,0.0,valve1,0.csv
2020-03-09 10:19:41,0.0,valve1,0.csv
2020-03-09 10:19:42,0.0,valve1,0.csv
2020-03-09 10:19:43,0.0,valve1,0.csv
2020-03-09 10:19:44,0.0,valve1,0.csv
2020-03-09 10:19:45,0.0,valve1,0.csv
2020-03-09 10:19:46,0.0,valve1,0.csv
2020-03-09 10:19:47,0.0,valve1,0.csv
2020-03-09 10:19:48,0.0,valve1,0.csv
2020-03-09 10:19:49,0.0,valve1,0.csv
2020-03-09 10:19:50,0.0,valve1,0.csv
2020-03-09 10:19:51,0.0,valve1,0.csv
2020-03-09 10:19:52,0.0,valve1,0.csv
2020-03-09 10:19:53,0.0,valve1,0.csv
2020-03-09 10:19:54,0.0,valve1,0.csv
2020-03-09 10:19:55,0.0,valve1,0.csv
2020-03-09 10:19:56,0.0,valve1,0.csv
2020-03-09 10:19:57,0.0,valve1,0.csv
2020-03-09 10:19:58,0.0,valve1,0.csv
2020-03-09 10:19:59,0.0,valve1,0.csv
2020-03-09 10:20:00,0.0,valve1,0.csv
2020-03-09 10:20:01,0.0,valve1,0.csv
2020-03-09 10:20:03,0.0,valve1,0.csv
2020-03-09 10:20:04,0.0,valve1,0.csv
2020-03-09 10:20:05,0.0,valve1,0.csv
2020-03-09 10:20:06,0.0,valve1,0.csv
2020-03-09 10:20:07,0.0,valve1,0.csv
2020-03-09 10:20:08,0.0,valve1,0.csv
2020-03-09 10:20:09,0.0,valve1,0.csv
2020-03-09 10:20:10,0.0,valve1,0.csv
2020-03-09 10:20:11,0.0,valve1,0.csv
2020-03-09 10:20:12,0.0,valve1,0.csv
2020-03-09 10:20:13,0.0,valve1,0.csv
2020-03-09 10:20:14,0.0,valve1,0.csv
2020-03-09 10:20:15,0.0,valve1,0.csv
2020-03-09 10:20:16,0.0,valve1,0.csv
2020-03-09 10:20:17,0.0,valve1,0.csv
2020-03-09 10:20:18,0.0,valve1,0.csv
2020-03-09 10:20:19,0.0,valve1,0.csv
2020-03-09 10:20:20,0.0,valve1,0.csv
2020-03-09 10:20:21,0.0,valve1,0.csv
2020-03-09 10:20:22,0.0,valve1,0.csv
2020-03-09 10:20:23,0.0,valve1,0.csv
2020-03-09 10:20:24,0.0,valve1,0.csv
2020-03-09 10:20:26,0.0,valve1,0.csv
2020-03-09 10:20:27,0.0,valve1,0.csv
2020-03-09 10:20:28,0.0,valve1,0.csv
2020-03-09 10:20:29,0.0,valve1,0.csv
2020-03-09 10:20:30,0.0,valve1,0.csv
2020-03-09 10:20:31,0.0,valve1,0.csv
2020-03-09 10:20:32,0.0,valve1,0.csv
2020-03-09 10:20:33,0.0,valve1,0.csv
2020-03-09 10:20:34,0.0,valve1,0.csv
2020-03-09 10:20:35,0.0,valve1,0.csv
2020-03-09 10:20:36,0.0,valve1,0.csv
2020-03-09 10:20:37,0.0,valve1,0.csv
2020-03-09 10:20:38,0.0,valve1,0.csv
2020-03-09 10:20:39,0.0,valve1,0.csv
2020-03-09 10:20:40,0.0,valve1,0.csv
2020-03-09 10:20:41,0.0,valve1,0.csv
2020-03-09 10:20:42,0.0,valve1,0.csv
2020-03-09 10:20:43,0.0,valve1,0.csv
2020-03-09 10:20:44,0.0,valve1,0.csv
2020-03-09 10:20:45,0.0,valve1,0.csv
2020-03-09 10:20:46,0.0,valve1,0.csv
2020-03-09 10:20:47,0.0,valve1,0.csv
2020-03-09 10:20:48,0.0,valve1,0.csv
2020-03-09 10:20:49,0.0,valve1,0.csv
2020-03-09 10:20:51,0.0,valve1,0.csv
2020-03-09 10:20:52,0.0,valve1,0.csv
2020-03-09 10:20:53,0.0,valve1,0.csv
2020-03-09 10:20:54,0.0,valve1,0.csv
2020-03-09 10:20:55,0.0,valve1,0.csv
2020-03-09 10:20:56,0.0,valve1,0.csv
2020-03-09 10:20:57,0.0,valve1,0.csv
2020-03-09 10:20:58,0.0,valve1,0.csv
2020-03-09 10:20:59,0.0,valve1,0.csv
2020-03-09 10:21:00,0.0,valve1,0.csv
2020-03-09 10:21:01,0.0,valve1,0.csv
2020-03-09 10:21:02,0.0,valve1,0.csv
2020-03-09 10:21:03,0.0,valve1,0.csv
2020-03-09 10:21:04,0.0,valve1,0.csv
2020-03-09 10:21:05,0.0,valve1,0.csv
2020-03-09 10:21:06,0.0,valve1,0.csv
2020-03-09 10:21:07,0.0,valve1,0.csv
2020-03-09 10:21:08,0.0,valve1,0.csv
2020-03-09 10:21:09,0.0,valve1,0.csv
2020-03-09 10:21:11,0.0,valve1,0.csv
2020-03-09 10:21:12,0.0,valve1,0.csv
2020-03-09 10:21:13,0.0,valve1,0.csv
2020-03-09 10:21:14,0.0,valve1,0.csv
2020-03-09 10:21:15,0.0,valve1,0.csv
2020-03-09 10:21:16,0.0,valve1,0.csv
2020-03-09 10:21:17,0.0,valve1,0.csv
2020-03-09 10:21:18,0.0,valve1,0.csv
2020-03-09 10:21:19,0.0,valve1,0.csv
2020-03-09 10:21:20,0.0,valve1,0.csv
2020-03-09 10:21:21,0.0,valve1,0.csv
2020-03-09 10:21:22,0.0,valve1,0.csv
2020-03-09 10:21:23,0.0,valve1,0.csv
2020-03-09 10:21:24,0.0,valve1,0.csv
2020-03-09 10:21:25,0.0,valve1,0.csv
2020-03-09 10:21:26,0.0,valve1,0.csv
2020-03-09 10:21:27,0.0,valve1,0.csv
2020-03-09 10:21:28,0.0,valve1,0.csv
2020-03-09 10:21:29,0.0,valve1,0.csv
2020-03-09 10:21:30,0.0,valve1,0.csv
2020-03-09 10:21:31,0.0,valve1,0.csv
2020-03-09 10:21:33,0.0,valve1,0.csv
2020-03-09 10:21:34,0.0,valve1,0.csv
2020-03-09 10:21:35,0.0,valve1,0.csv
2020-03-09 10:21:36,0.0,valve1,0.csv
2020-03-09 10:21:37,0.0,valve1,0.csv
2020-03-09 10:21:38,0.0,valve1,0.csv
2020-03-09 10:21:39,0.0,valve1,0.csv
2020-03-09 10:21:40,0.0,valve1,0.csv
2020-03-09 10:21:41,0.0,valve1,0.csv
2020-03-09 10:21:42,0.0,valve1,0.csv
2020-03-09 10:21:43,0.0,valve1,0.csv
2020-03-09 10:21:44,0.0,valve1,0.csv
2020-03-09 10:21:45,0.0,valve1,0.csv
2020-03-09 10:21:46,0.0,valve1,0.csv
2020-03-09 10:21:47,0.0,valve1,0.csv
2020-03-09 10:21:48,0.0,valve1,0.csv
2020-03-09 10:21:49,0.0,valve1,0.csv
2020-03-09 10:21:50,0.0,valve1,0.csv
2020-03-09 10:21:51,0.0,valve1,0.csv
2020-03-09 10:21:52,0.0,valve1,0.csv
2020-03-09 10:21:53,0.0,valve1,0.csv
2020-03-09 10:21:54,0.0,valve1,0.csv
2020-03-09 10:21:55,0.0,valve1,0.csv
2020-03-09 10:21:57,0.0,valve1,0.csv
2020-03-09 10:21:58,0.0,valve1,0.csv
2020-03-09 10:21:59,0.0,valve1,0.csv
2020-03-09 10:22:00,0.0,valve1,0.csv
2020-03-09 10:22:01,0.0,valve1,0.csv
2020-03-09 10:22:02,0.0,valve1,0.csv
2020-03-09 10:22:03,0.0,valve1,0.csv
2020-03-09 10:22:04,0.0,valve1,0.csv
2020-03-09 10:22:05,0.0,valve1,0.csv
2020-03-09 10:22:06,0.0,valve1,0.csv
2020-03-09 10:22:07,0.0,valve1,0.csv
2020-03-09 10:22:08,0.0,valve1,0.csv
2020-03-09 10:22:09,0.0,valve1,0.csv
2020-03-09 10:22:10,0.0,valve1,0.csv
2020-03-09 10:22:11,0.0,valve1,0.csv
2020-03-09 10:22:12,0.0,valve1,0.csv
2020-03-09 10:22:13,0.0,valve1,0.csv
2020-03-09 10:22:14,0.0,valve1,0.csv
2020-03-09 10:22:15,0.0,valve1,0.csv
2020-03-09 10:22:16,0.0,valve1,0.csv
2020-03-09 10:22:17,0.0,valve1,0.csv
2020-03-09 10:22:18,0.0,valve1,0.csv
2020-03-09 10:22:19,0.0,valve1,0.csv
2020-03-09 10:22:20,0.0,valve1,0.csv
2020-03-09 10:22:21,0.0,valve1,0.csv
2020-03-09 10:22:23,0.0,valve1,0.csv
2020-03-09 10:22:24,0.0,valve1,0.csv
2020-03-09 10:22:25,0.0,valve1,0.csv
2020-03-09 10:22:26,0.0,valve1,0.csv
2020-03-09 10:22:27,0.0,valve1,0.csv
2020-03-09 10:22:28,0.0,valve1,0.csv
2020-03-09 10:22:29,0.0,valve1,0.csv
2020-03-09 10:22:30,0.0,valve1,0.csv
2020-03-09 10:22:31,0.0,valve1,0.csv
2020-03-09 10:22:32,0.0,valve1,0.csv
2020-03-09 10:22:33,0.0,valve1,0.csv
2020-03-09 10:22:34,0.0,valve1,0.csv
2020-03-09 10:22:35,0.0,valve1,0.csv
2020-03-09 10:22:36,0.0,valve1,0.csv
2020-03-09 10:22:37,0.0,valve1,0.csv
2020-03-09 10:22:38,0.0,valve1,0.csv
2020-03-09 10:22:39,0.0,valve1,0.csv
2020-03-09 10:22:40,0.0,valve1,0.csv
2020-03-09 10:22:41,0.0,valve1,0.csv
2020-03-09 10:22:42,0.0,valve1,0.csv
2020-03-09 10:22:43,0.0,valve1,0.csv
2020-03-09 10:22:44,0.0,valve1,0.csv
2020-03-09 10:22:46,0.0,valve1,0.csv
2020-03-09 10:22:47,0.0,valve1,0.csv
2020-03-09 10:22:48,0.0,valve1,0.csv
2020-03-09 10:22:49,0.0,valve1,0.csv
2020-03-09 10:22:50,0.0,valve1,0.csv
2020-03-09 10:22:51,0.0,valve1,0.csv
2020-03-09 10:22:52,0.0,valve1,0.csv
2020-03-09 10:22:53,0.0,valve1,0.csv
2020-03-09 10:22:54,0.0,valve1,0.csv
2020-03-09 10:22:55,0.0,valve1,0.csv
2020-03-09 10:22:56,0.0,valve1,0.csv
2020-03-09 10:22:57,0.0,valve1,0.csv
2020-03-09 10:22:58,0.0,valve1,0.csv
2020-03-09 10:22:59,0.0,valve1,0.csv
2020-03-09 10:23:00,0.0,valve1,0.csv
2020-03-09 10:23:01,0.0,valve1,0.csv
2020-03-09 10:23:02,0.0,valve1,0.csv
2020-03-09 10:23:03,0.0,valve1,0.csv
2020-03-09 10:23:04,0.0,valve1,0.csv
2020-03-09 10:23:05,0.0,valve1,0.csv
2020-03-09 10:23:07,0.0,valve1,0.csv
2020-03-09 10:23:08,0.0,valve1,0.csv
2020-03-09 10:23:09,0.0,valve1,0.csv
2020-03-09 10:23:10,0.0,valve1,0.csv
2020-03-09 10:23:11,0.0,valve1,0.csv
2020-03-09 10:23:12,0.0,valve1,0.csv
2020-03-09 10:23:13,0.0,valve1,0.csv
2020-03-09 10:23:14,0.0,valve1,0.csv
2020-03-09 10:23:15,0.0,valve1,0.csv
2020-03-09 10:23:16,0.0,valve1,0.csv
2020-03-09 10:23:17,0.0,valve1,0.csv
2020-03-09 10:23:18,0.0,valve1,0.csv
2020-03-09 10:23:19,0.0,valve1,0.csv
2020-03-09 10:23:20,0.0,valve1,0.csv
2020-03-09 10:23:21,0.0,valve1,0.csv
2020-03-09 10:23:22,0.0,valve1,0.csv
2020-03-09 10:23:23,0.0,valve1,0.csv
2020-03-09 10:23:24,0.0,valve1,0.csv
2020-03-09 10:23:25,0.0,valve1,0.csv
2020-03-09 10:23:26,0.0,valve1,0.csv
2020-03-09 10:23:27,0.0,valve1,0.csv
2020-03-09 10:23:29,0.0,valve1,0.csv
2020-03-09 10:23:30,0.0,valve1,0.csv
2020-03-09 10:23:31,0.0,valve1,0.csv
2020-03-09 10:23:32,0.0,valve1,0.csv
2020-03-09 10:23:33,0.0,valve1,0.csv
2020-03-09 10:23:34,0.0,valve1,0.csv
2020-03-09 10:23:35,0.0,valve1,0.csv
2020-03-09 10:23:36,0.0,valve1,0.csv
2020-03-09 10:23:37,0.0,valve1,0.csv
2020-03-09 10:23:38,0.0,valve1,0.csv
2020-03-09 10:23:39,0.0,valve1,0.csv
2020-03-09 10:23:40,0.0,valve1,0.csv
2020-03-09 10:23:42,0.0,valve1,0.csv
2020-03-09 10:23:43,0.0,valve1,0.csv
2020-03-09 10:23:44,0.0,valve1,0.csv
2020-03-09 10:23:45,0.0,valve1,0.csv
2020-03-09 10:23:46,0.0,valve1,0.csv
2020-03-09 10:23:47,0.0,valve1,0.csv
2020-03-09 10:23:48,0.0,valve1,0.csv
2020-03-09 10:23:49,0.0,valve1,0.csv
2020-03-09 10:23:50,0.0,valve1,0.csv
2020-03-09 10:23:52,0.0,valve1,0.csv
2020-03-09 10:23:53,0.0,valve1,0.csv
2020-03-09 10:23:54,0.0,valve1,0.csv
2020-03-09 10:23:55,0.0,valve1,0.csv
2020-03-09 10:23:56,0.0,valve1,0.csv
2020-03-09 10:23:57,0.0,valve1,0.csv
2020-03-09 10:23:58,0.0,valve1,0.csv
2020-03-09 10:23:59,0.0,valve1,0.csv
2020-03-09 10:24:00,0.0,valve1,0.csv
2020-03-09 10:24:01,0.0,valve1,0.csv
2020-03-09 10:24:02,0.0,valve1,0.csv
2020-03-09 10:24:03,0.0,valve1,0.csv
2020-03-09 10:24:04,0.0,valve1,0.csv
2020-03-09 10:24:05,0.0,valve1,0.csv
2020-03-09 10:24:06,0.0,valve1,0.csv
2020-03-09 10:24:07,0.0,valve1,0.csv
2020-03-09 10:24:08,0.0,valve1,0.csv
2020-03-09 10:24:09,0.0,valve1,0.csv
2020-03-09 10:24:10,0.0,valve1,0.csv
2020-03-09 10:24:11,0.0,valve1,0.csv
2020-03-09 10:24:12,0.0,valve1,0.csv
2020-03-09 10:24:13,0.0,valve1,0.csv
2020-03-09 10:24:15,0.0,valve1,0.csv
2020-03-09 10:24:16,0.0,valve1,0.csv
2020-03-09 10:24:17,0.0,valve1,0.csv
2020-03-09 10:24:18,0.0,valve1,0.csv
2020-03-09 10:24:19,0.0,valve1,0.csv
2020-03-09 10:24:20,0.0,valve1,0.csv
2020-03-09 10:24:21,0.0,valve1,0.csv
2020-03-09 10:24:22,0.0,valve1,0.csv
2020-03-09 10:24:23,0.0,valve1,0.csv
2020-03-09 10:24:24,0.0,valve1,0.csv
2020-03-09 10:24:25,0.0,valve1,0.csv
2020-03-09 10:24:26,0.0,valve1,0.csv
2020-03-09 10:24:27,0.0,valve1,0.csv
2020-03-09 10:24:28,0.0,valve1,0.csv
2020-03-09 10:24:29,0.0,valve1,0.csv
2020-03-09 10:24:30,0.0,valve1,0.csv
2020-03-09 10:24:31,0.0,valve1,0.csv
2020-03-09 10:24:32,0.0,valve1,0.csv
2020-03-09 10:24:33,1.0,valve1,0.csv
2020-03-09 10:24:34,0.0,valve1,0.csv
2020-03-09 10:24:35,0.0,valve1,0.csv
2020-03-09 10:24:37,0.0,valve1,0.csv
2020-03-09 10:24:38,0.0,valve1,0.csv
2020-03-09 10:24:39,0.0,valve1,0.csv
2020-03-09 10:24:40,0.0,valve1,0.csv
2020-03-09 10:24:41,0.0,valve1,0.csv
2020-03-09 10:24:42,0.0,valve1,0.csv
2020-03-09 10:24:43,0.0,valve1,0.csv
2020-03-09 10:24:44,0.0,valve1,0.csv
2020-03-09 10:24:45,0.0,valve1,0.csv
2020-03-09 10:24:46,0.0,valve1,0.csv
2020-03-09 10:24:47,0.0,valve1,0.csv
2020-03-09 10:24:48,0.0,valve1,0.csv
2020-03-09 10:24:49,0.0,valve1,0.csv
2020-03-09 10:24:50,0.0,valve1,0.csv
2020-03-09 10:24:51,0.0,valve1,0.csv
2020-03-09 10:24:52,0.0,valve1,0.csv
2020-03-09 10:24:53,0.0,valve1,0.csv
2020-03-09 10:24:54,0.0,valve1,0.csv
2020-03-09 10:24:55,0.0,valve1,0.csv
2020-03-09 10:24:57,0.0,valve1,0.csv
2020-03-09 10:24:58,0.0,valve1,0.csv
2020-03-09 10:24:59,0.0,valve1,0.csv
2020-03-09 10:25:00,0.0,valve1,0.csv
2020-03-09 10:25:01,0.0,valve1,0.csv
2020-03-09 10:25:02,0.0,valve1,0.csv
2020-03-09 10:25:03,0.0,valve1,0.csv
2020-03-09 10:25:04,0.0,valve1,0.csv
2020-03-09 10:25:05,0.0,valve1,0.csv
2020-03-09 10:25:06,0.0,valve1,0.csv
2020-03-09 10:25:07,0.0,valve1,0.csv
2020-03-09 10:25:08,0.0,valve1,0.csv
2020-03-09 10:25:09,0.0,valve1,0.csv
2020-03-09 10:25:10,0.0,valve1,0.csv
2020-03-09 10:25:11,0.0,valve1,0.csv
2020-03-09 10:25:12,0.0,valve1,0.csv
2020-03-09 10:25:13,0.0,valve1,0.csv
2020-03-09 10:25:14,0.0,valve1,0.csv
2020-03-09 10:25:15,0.0,valve1,0.csv
2020-03-09 10:25:16,0.0,valve1,0.csv
2020-03-09 10:25:17,0.0,valve1,0.csv
2020-03-09 10:25:19,0.0,valve1,0.csv
2020-03-09 10:25:20,0.0,valve1,0.csv
2020-03-09 10:25:21,0.0,valve1,0.csv
2020-03-09 10:25:22,0.0,valve1,0.csv
2020-03-09 10:25:23,0.0,valve1,0.csv
2020-03-09 10:25:24,0.0,valve1,0.csv
2020-03-09 10:25:25,0.0,valve1,0.csv
2020-03-09 10:25:26,0.0,valve1,0.csv
2020-03-09 10:25:27,0.0,valve1,0.csv
2020-03-09 10:25:28,0.0,valve1,0.csv
2020-03-09 10:25:29,0.0,valve1,0.csv
2020-03-09 10:25:30,0.0,valve1,0.csv
2020-03-09 10:25:31,0.0,valve1,0.csv
2020-03-09 10:25:32,0.0,valve1,0.csv
2020-03-09 10:25:33,1.0,valve1,0.csv
2020-03-09 10:25:34,0.0,valve1,0.csv
2020-03-09 10:25:35,0.0,valve1,0.csv
2020-03-09 10:25:36,0.0,valve1,0.csv
2020-03-09 10:25:37,0.0,valve1,0.csv
2020-03-09 10:25:38,0.0,valve1,0.csv
2020-03-09 10:25:39,0.0,valve1,0.csv
2020-03-09 10:25:40,0.0,valve1,0.csv
2020-03-09 10:25:42,0.0,valve1,0.csv
2020-03-09 10:25:43,0.0,valve1,0.csv
2020-03-09 10:25:44,0.0,valve1,0.csv
2020-03-09 10:25:45,0.0,valve1,0.csv
2020-03-09 10:25:46,0.0,valve1,0.csv
2020-03-09 10:25:47,0.0,valve1,0.csv
2020-03-09 10:25:48,0.0,valve1,0.csv
2020-03-09 10:25:49,0.0,valve1,0.csv
2020-03-09 10:25:50,0.0,valve1,0.csv
2020-03-09 10:25:51,0.0,valve1,0.csv
2020-03-09 10:25:52,0.0,valve1,0.csv
2020-03-09 10:25:53,0.0,valve1,0.csv
2020-03-09 10:25:54,0.0,valve1,0.csv
2020-03-09 10:25:55,0.0,valve1,0.csv
2020-03-09 10:25:56,0.0,valve1,0.csv
2020-03-09 10:25:57,0.0,valve1,0.csv
2020-03-09 10:25:58,0.0,valve1,0.csv
2020-03-09 10:25:59,0.0,valve1,0.csv
2020-03-09 10:26:00,0.0,valve1,0.csv
2020-03-09 10:26:01,0.0,valve1,0.csv
2020-03-09 10:26:02,0.0,valve1,0.csv
2020-03-09 10:26:03,0.0,valve1,0.csv
2020-03-09 10:26:04,0.0,valve1,0.csv
2020-03-09 10:26:06,0.0,valve1,0.csv
2020-03-09 10:26:07,0.0,valve1,0.csv
2020-03-09 10:26:08,0.0,valve1,0.csv
2020-03-09 10:26:09,0.0,valve1,0.csv
2020-03-09 10:26:10,0.0,valve1,0.csv
2020-03-09 10:26:11,0.0,valve1,0.csv
2020-03-09 10:26:12,0.0,valve1,0.csv
2020-03-09 10:26:13,0.0,valve1,0.csv
2020-03-09 10:26:14,0.0,valve1,0.csv
2020-03-09 10:26:15,0.0,valve1,0.csv
2020-03-09 10:26:16,0.0,valve1,0.csv
2020-03-09 10:26:17,0.0,valve1,0.csv
2020-03-09 10:26:18,0.0,valve1,0.csv
2020-03-09 10:26:19,0.0,valve1,0.csv
2020-03-09 10:26:20,0.0,valve1,0.csv
2020-03-09 10:26:21,0.0,valve1,0.csv
2020-03-09 10:26:22,0.0,valve1,0.csv
2020-03-09 10:26:23,0.0,valve1,0.csv
2020-03-09 10:26:24,0.0,valve1,0.csv
2020-03-09 10:26:26,0.0,valve1,0.csv
2020-03-09 10:26:27,0.0,valve1,0.csv
2020-03-09 10:26:28,0.0,valve1,0.csv
2020-03-09 10:26:29,0.0,valve1,0.csv
2020-03-09 10:26:30,0.0,valve1,0.csv
2020-03-09 10:26:31,0.0,valve1,0.csv
2020-03-09 10:26:32,0.0,valve1,0.csv
2020-03-09 10:26:33,0.0,valve1,0.csv
2020-03-09 10:26:34,0.0,valve1,0.csv
2020-03-09 10:26:35,0.0,valve1,0.csv
2020-03-09 10:26:36,0.0,valve1,0.csv
2020-03-09 10:26:37,0.0,valve1,0.csv
2020-03-09 10:26:38,0.0,valve1,0.csv
2020-03-09 10:26:39,0.0,valve1,0.csv
2020-03-09 10:26:40,0.0,valve1,0.csv
2020-03-09 10:26:41,0.0,valve1,0.csv
2020-03-09 10:26:42,0.0,valve1,0.csv
2020-03-09 10:26:43,0.0,valve1,0.csv
2020-03-09 10:26:44,0.0,valve1,0.csv
2020-03-09 10:26:45,0.0,valve1,0.csv
2020-03-09 10:26:46,0.0,valve1,0.csv
2020-03-09 10:26:47,0.0,valve1,0.csv
2020-03-09 10:26:49,0.0,valve1,0.csv
2020-03-09 10:26:50,0.0,valve1,0.csv
2020-03-09 10:26:51,0.0,valve1,0.csv
2020-03-09 10:26:52,0.0,valve1,0.csv
2020-03-09 10:26:53,0.0,valve1,0.csv
2020-03-09 10:26:54,0.0,valve1,0.csv
2020-03-09 10:26:55,0.0,valve1,0.csv
2020-03-09 10:26:56,0.0,valve1,0.csv
2020-03-09 10:26:57,0.0,valve1,0.csv
2020-03-09 10:26:58,0.0,valve1,0.csv
2020-03-09 10:26:59,0.0,valve1,0.csv
2020-03-09 10:27:00,0.0,valve1,0.csv
2020-03-09 10:27:01,0.0,valve1,0.csv
2020-03-09 10:27:02,0.0,valve1,0.csv
2020-03-09 10:27:03,0.0,valve1,0.csv
2020-03-09 10:27:04,0.0,valve1,0.csv
2020-03-09 10:27:05,0.0,valve1,0.csv
2020-03-09 10:27:06,0.0,valve1,0.csv
2020-03-09 10:27:07,0.0,valve1,0.csv
2020-03-09 10:27:08,0.0,valve1,0.csv
2020-03-09 10:27:09,0.0,valve1,0.csv
2020-03-09 10:27:10,0.0,valve1,0.csv
2020-03-09 10:27:11,0.0,valve1,0.csv
2020-03-09 10:27:12,0.0,valve1,0.csv
2020-03-09 10:27:13,0.0,valve1,0.csv
2020-03-09 10:27:14,0.0,valve1,0.csv
2020-03-09 10:27:16,0.0,valve1,0.csv
2020-03-09 10:27:17,0.0,valve1,0.csv
2020-03-09 10:27:18,0.0,valve1,0.csv
2020-03-09 10:27:19,0.0,valve1,0.csv
2020-03-09 10:27:20,0.0,valve1,0.csv
2020-03-09 10:27:21,0.0,valve1,0.csv
2020-03-09 10:27:22,0.0,valve1,0.csv
2020-03-09 10:27:23,0.0,valve1,0.csv
2020-03-09 10:27:24,0.0,valve1,0.csv
2020-03-09 10:27:25,0.0,valve1,0.csv
2020-03-09 10:27:26,0.0,valve1,0.csv
2020-03-09 10:27:27,0.0,valve1,0.csv
2020-03-09 10:27:28,0.0,valve1,0.csv
2020-03-09 10:27:29,0.0,valve1,0.csv
2020-03-09 10:27:30,0.0,valve1,0.csv
2020-03-09 10:27:31,0.0,valve1,0.csv
2020-03-09 10:27:33,0.0,valve1,0.csv
2020-03-09 10:27:34,0.0,valve1,0.csv
2020-03-09 10:27:35,0.0,valve1,0.csv
2020-03-09 10:27:36,0.0,valve1,0.csv
2020-03-09 10:27:37,0.0,valve1,0.csv
2020-03-09 10:27:38,0.0,valve1,0.csv
2020-03-09 10:27:39,0.0,valve1,0.csv
2020-03-09 10:27:40,0.0,valve1,0.csv
2020-03-09 10:27:41,0.0,valve1,0.csv
2020-03-09 10:27:42,0.0,valve1,0.csv
2020-03-09 10:27:43,0.0,valve1,0.csv
2020-03-09 10:27:44,0.0,valve1,0.csv
2020-03-09 10:27:45,0.0,valve1,0.csv
2020-03-09 10:27:46,0.0,valve1,0.csv
2020-03-09 10:27:47,0.0,valve1,0.csv
2020-03-09 10:27:48,0.0,valve1,0.csv
2020-03-09 10:27:49,0.0,valve1,0.csv
2020-03-09 10:27:50,0.0,valve1,0.csv
2020-03-09 10:27:51,0.0,valve1,0.csv
2020-03-09 10:27:52,0.0,valve1,0.csv
2020-03-09 10:27:53,0.0,valve1,0.csv
2020-03-09 10:27:54,0.0,valve1,0.csv
2020-03-09 10:27:55,0.0,valve1,0.csv
2020-03-09 10:27:56,0.0,valve1,0.csv
2020-03-09 10:27:58,0.0,valve1,0.csv
2020-03-09 10:27:59,0.0,valve1,0.csv
2020-03-09 10:28:00,0.0,valve1,0.csv
2020-03-09 10:28:01,0.0,valve1,0.csv
2020-03-09 10:28:02,0.0,valve1,0.csv
2020-03-09 10:28:03,0.0,valve1,0.csv
2020-03-09 10:28:04,0.0,valve1,0.csv
2020-03-09 10:28:05,0.0,valve1,0.csv
2020-03-09 10:28:06,0.0,valve1,0.csv
2020-03-09 10:28:07,0.0,valve1,0.csv
2020-03-09 10:28:08,0.0,valve1,0.csv
2020-03-09 10:28:09,0.0,valve1,0.csv
2020-03-09 10:28:10,0.0,valve1,0.csv
2020-03-09 10:28:11,0.0,valve1,0.csv
2020-03-09 10:28:12,0.0,valve1,0.csv
2020-03-09 10:28:13,0.0,valve1,0.csv
2020-03-09 10:28:14,0.0,valve1,0.csv
2020-03-09 10:28:15,0.0,valve1,0.csv
2020-03-09 10:28:16,0.0,valve1,0.csv
2020-03-09 10:28:17,0.0,valve1,0.csv
2020-03-09 10:28:18,0.0,valve1,0.csv
2020-03-09 10:28:19,0.0,valve1,0.csv
2020-03-09 10:28:20,0.0,valve1,0.csv
2020-03-09 10:28:21,0.0,valve1,0.csv
2020-03-09 10:28:23,0.0,valve1,0.csv
2020-03-09 10:28:24,0.0,valve1,0.csv
2020-03-09 10:28:25,0.0,valve1,0.csv
2020-03-09 10:28:26,0.0,valve1,0.csv
2020-03-09 10:28:27,0.0,valve1,0.csv
2020-03-09 10:28:28,0.0,valve1,0.csv
2020-03-09 10:28:29,0.0,valve1,0.csv
2020-03-09 10:28:30,0.0,valve1,0.csv
2020-03-09 10:28:31,0.0,valve1,0.csv
2020-03-09 10:28:32,0.0,valve1,0.csv
2020-03-09 10:28:33,0.0,valve1,0.csv
2020-03-09 10:28:34,0.0,valve1,0.csv
2020-03-09 10:28:35,0.0,valve1,0.csv
2020-03-09 10:28:36,0.0,valve1,0.csv
2020-03-09 10:28:37,0.0,valve1,0.csv
2020-03-09 10:28:38,0.0,valve1,0.csv
2020-03-09 10:28:39,0.0,valve1,0.csv
2020-03-09 10:28:40,0.0,valve1,0.csv
2020-03-09 10:28:41,0.0,valve1,0.csv
2020-03-09 10:28:42,0.0,valve1,0.csv
2020-03-09 10:28:44,0.0,valve1,0.csv
2020-03-09 10:28:45,0.0,valve1,0.csv
2020-03-09 10:28:46,0.0,valve1,0.csv
2020-03-09 10:28:47,0.0,valve1,0.csv
2020-03-09 10:28:48,0.0,valve1,0.csv
2020-03-09 10:28:49,0.0,valve1,0.csv
2020-03-09 10:28:50,0.0,valve1,0.csv
2020-03-09 10:28:51,0.0,valve1,0.csv
2020-03-09 10:28:52,0.0,valve1,0.csv
2020-03-09 10:28:53,0.0,valve1,0.csv
2020-03-09 10:28:54,0.0,valve1,0.csv
2020-03-09 10:28:55,0.0,valve1,0.csv
2020-03-09 10:28:56,0.0,valve1,0.csv
2020-03-09 10:28:57,0.0,valve1,0.csv
2020-03-09 10:28:58,0.0,valve1,0.csv
2020-03-09 10:28:59,0.0,valve1,0.csv
2020-03-09 10:29:00,0.0,valve1,0.csv
2020-03-09 10:29:01,0.0,valve1,0.csv
2020-03-09 10:29:02,0.0,valve1,0.csv
2020-03-09 10:29:03,0.0,valve1,0.csv
2020-03-09 10:29:04,0.0,valve1,0.csv
2020-03-09 10:29:05,0.0,valve1,0.csv
2020-03-09 10:29:07,0.0,valve1,0.csv
2020-03-09 10:29:08,0.0,valve1,0.csv
2020-03-09 10:29:09,0.0,valve1,0.csv
2020-03-09 10:29:10,0.0,valve1,0.csv
2020-03-09 10:29:11,0.0,valve1,0.csv
2020-03-09 10:29:12,0.0,valve1,0.csv
2020-03-09 10:29:13,0.0,valve1,0.csv
2020-03-09 10:29:14,0.0,valve1,0.csv
2020-03-09 10:29:15,0.0,valve1,0.csv
2020-03-09 10:29:16,0.0,valve1,0.csv
2020-03-09 10:29:17,0.0,valve1,0.csv
2020-03-09 10:29:18,0.0,valve1,0.csv
2020-03-09 10:29:19,0.0,valve1,0.csv
2020-03-09 10:29:20,0.0,valve1,0.csv
2020-03-09 10:29:21,0.0,valve1,0.csv
2020-03-09 10:29:22,0.0,valve1,0.csv
2020-03-09 10:29:23,0.0,valve1,0.csv
2020-03-09 10:29:24,0.0,valve1,0.csv
2020-03-09 10:29:25,0.0,valve1,0.csv
2020-03-09 10:29:26,0.0,valve1,0.csv
2020-03-09 10:29:27,0.0,valve1,0.csv
2020-03-09 10:29:29,0.0,valve1,0.csv
2020-03-09 10:29:30,0.0,valve1,0.csv
2020-03-09 10:29:31,0.0,valve1,0.csv
2020-03-09 10:29:32,0.0,valve1,0.csv
2020-03-09 10:29:33,0.0,valve1,0.csv
2020-03-09 10:29:34,0.0,valve1,0.csv
2020-03-09 10:29:35,0.0,valve1,0.csv
2020-03-09 10:29:36,0.0,valve1,0.csv
2020-03-09 10:29:37,0.0,valve1,0.csv
2020-03-09 10:29:38,0.0,valve1,0.csv
2020-03-09 10:29:39,0.0,valve1,0.csv
2020-03-09 10:29:40,0.0,valve1,0.csv
2020-03-09 10:29:41,0.0,valve1,0.csv
2020-03-09 10:29:42,0.0,valve1,0.csv
2020-03-09 10:29:43,0.0,valve1,0.csv
2020-03-09 10:29:44,0.0,valve1,0.csv
2020-03-09 10:29:45,0.0,valve1,0.csv
2020-03-09 10:29:46,0.0,valve1,0.csv
2020-03-09 10:29:47,0.0,valve1,0.csv
2020-03-09 10:29:48,0.0,valve1,0.csv
2020-03-09 10:29:49,0.0,valve1,0.csv
2020-03-09 10:29:50,0.0,valve1,0.csv
2020-03-09 10:29:51,0.0,valve1,0.csv
2020-03-09 10:29:52,0.0,valve1,0.csv
2020-03-09 10:29:54,0.0,valve1,0.csv
2020-03-09 10:29:55,0.0,valve1,0.csv
2020-03-09 10:29:56,0.0,valve1,0.csv
2020-03-09 10:29:57,0.0,valve1,0.csv
2020-03-09 10:29:58,0.0,valve1,0.csv
2020-03-09 10:29:59,0.0,valve1,0.csv
2020-03-09 10:30:00,0.0,valve1,0.csv
2020-03-09 10:30:01,0.0,valve1,0.csv
2020-03-09 10:30:02,0.0,valve1,0.csv
2020-03-09 10:30:03,0.0,valve1,0.csv
2020-03-09 10:30:04,0.0,valve1,0.csv
2020-03-09 10:30:05,0.0,valve1,0.csv
2020-03-09 10:30:06,0.0,valve1,0.csv
2020-03-09 10:30:07,0.0,valve1,0.csv
2020-03-09 10:30:08,0.0,valve1,0.csv
2020-03-09 10:30:09,0.0,valve1,0.csv
2020-03-09 10:30:10,0.0,valve1,0.csv
2020-03-09 10:30:11,0.0,valve1,0.csv
2020-03-09 10:30:12,0.0,valve1,0.csv
2020-03-09 10:30:13,0.0,valve1,0.csv
2020-03-09 10:30:14,0.0,valve1,0.csv
2020-03-09 10:30:15,0.0,valve1,0.csv
2020-03-09 10:30:16,0.0,valve1,0.csv
2020-03-09 10:30:17,0.0,valve1,0.csv
2020-03-09 10:30:19,0.0,valve1,0.csv
2020-03-09 10:30:20,0.0,valve1,0.csv
2020-03-09 10:30:21,0.0,valve1,0.csv
2020-03-09 10:30:22,0.0,valve1,0.csv
2020-03-09 10:30:23,0.0,valve1,0.csv
2020-03-09 10:30:24,0.0,valve1,0.csv
2020-03-09 10:30:25,0.0,valve1,0.csv
2020-03-09 10:30:26,0.0,valve1,0.csv
2020-03-09 10:30:27,0.0,valve1,0.csv
2020-03-09 10:30:28,0.0,valve1,0.csv
2020-03-09 10:30:29,0.0,valve1,0.csv
2020-03-09 10:30:30,0.0,valve1,0.csv
2020-03-09 10:30:31,0.0,valve1,0.csv
2020-03-09 10:30:32,0.0,valve1,0.csv
2020-03-09 10:30:33,1.0,valve1,0.csv
2020-03-09 10:30:34,0.0,valve1,0.csv
2020-03-09 10:30:35,0.0,valve1,0.csv
2020-03-09 10:30:36,0.0,valve1,0.csv
2020-03-09 10:30:37,0.0,valve1,0.csv
2020-03-09 10:30:38,0.0,valve1,0.csv
2020-03-09 10:30:39,0.0,valve1,0.csv
2020-03-09 10:30:41,0.0,valve1,0.csv
2020-03-09 10:30:42,0.0,valve1,0.csv
2020-03-09 10:30:43,0.0,valve1,0.csv
2020-03-09 10:30:44,0.0,valve1,0.csv
2020-03-09 10:30:45,0.0,valve1,0.csv
2020-03-09 10:30:46,0.0,valve1,0.csv
2020-03-09 10:30:47,0.0,valve1,0.csv
2020-03-09 10:30:48,0.0,valve1,0.csv
2020-03-09 10:30:49,0.0,valve1,0.csv
2020-03-09 10:30:50,0.0,valve1,0.csv
2020-03-09 10:30:51,0.0,valve1,0.csv
2020-03-09 10:30:52,0.0,valve1,0.csv
2020-03-09 10:30:53,0.0,valve1,0.csv
2020-03-09 10:30:54,0.0,valve1,0.csv
2020-03-09 10:30:55,0.0,valve1,0.csv
2020-03-09 10:30:56,0.0,valve1,0.csv
2020-03-09 10:30:57,0.0,valve1,0.csv
2020-03-09 10:30:58,0.0,valve1,0.csv
2020-03-09 10:30:59,0.0,valve1,0.csv
2020-03-09 10:31:00,0.0,valve1,0.csv
2020-03-09 10:31:01,0.0,valve1,0.csv
2020-03-09 10:31:03,0.0,valve1,0.csv
2020-03-09 10:31:04,0.0,valve1,0.csv
2020-03-09 10:31:05,0.0,valve1,0.csv
2020-03-09 10:31:06,0.0,valve1,0.csv
2020-03-09 10:31:07,0.0,valve1,0.csv
2020-03-09 10:31:08,0.0,valve1,0.csv
2020-03-09 10:31:09,0.0,valve1,0.csv
2020-03-09 10:31:10,0.0,valve1,0.csv
2020-03-09 10:31:11,0.0,valve1,0.csv
2020-03-09 10:31:12,0.0,valve1,0.csv
2020-03-09 10:31:13,0.0,valve1,0.csv
2020-03-09 10:31:14,0.0,valve1,0.csv
2020-03-09 10:31:15,0.0,valve1,0.csv
2020-03-09 10:31:16,0.0,valve1,0.csv
2020-03-09 10:31:17,0.0,valve1,0.csv
2020-03-09 10:31:18,0.0,valve1,0.csv
2020-03-09 10:31:19,0.0,valve1,0.csv
2020-03-09 10:31:20,0.0,valve1,0.csv
2020-03-09 10:31:21,0.0,valve1,0.csv
2020-03-09 10:31:22,0.0,valve1,0.csv
2020-03-09 10:31:23,0.0,valve1,0.csv
2020-03-09 10:31:24,0.0,valve1,0.csv
2020-03-09 10:31:25,0.0,valve1,0.csv
2020-03-09 10:31:26,0.0,valve1,0.csv
2020-03-09 10:31:27,0.0,valve1,0.csv
2020-03-09 10:31:29,0.0,valve1,0.csv
2020-03-09 10:31:30,0.0,valve1,0.csv
2020-03-09 10:31:31,0.0,valve1,0.csv
2020-03-09 10:31:32,0.0,valve1,0.csv
2020-03-09 10:31:33,1.0,valve1,0.csv
2020-03-09 10:31:34,0.0,valve1,0.csv
2020-03-09 10:31:35,0.0,valve1,0.csv
2020-03-09 10:31:36,0.0,valve1,0.csv
2020-03-09 10:31:37,0.0,valve1,0.csv
2020-03-09 10:31:38,0.0,valve1,0.csv
2020-03-09 10:31:39,0.0,valve1,0.csv
2020-03-09 10:31:40,0.0,valve1,0.csv
2020-03-09 10:31:41,0.0,valve1,0.csv
2020-03-09 10:31:42,0.0,valve1,0.csv
2020-03-09 10:31:43,0.0,valve1,0.csv
2020-03-09 10:31:44,0.0,valve1,0.csv
2020-03-09 10:31:45,0.0,valve1,0.csv
2020-03-09 10:31:46,0.0,valve1,0.csv
2020-03-09 10:31:47,0.0,valve1,0.csv
2020-03-09 10:31:48,0.0,valve1,0.csv
2020-03-09 10:31:49,0.0,valve1,0.csv
2020-03-09 10:31:50,0.0,valve1,0.csv
2020-03-09 10:31:51,0.0,valve1,0.csv
2020-03-09 10:31:52,0.0,valve1,0.csv
2020-03-09 10:31:54,0.0,valve1,0.csv
2020-03-09 10:31:55,0.0,valve1,0.csv
2020-03-09 10:31:56,0.0,valve1,0.csv
2020-03-09 10:31:57,0.0,valve1,0.csv
2020-03-09 10:31:58,0.0,valve1,0.csv
2020-03-09 10:31:59,0.0,valve1,0.csv
2020-03-09 10:32:00,0.0,valve1,0.csv
2020-03-09 10:32:01,0.0,valve1,0.csv
2020-03-09 10:32:02,0.0,valve1,0.csv
2020-03-09 10:32:03,0.0,valve1,0.csv
2020-03-09 10:32:04,0.0,valve1,0.csv
2020-03-09 10:32:05,0.0,valve1,0.csv
2020-03-09 10:32:06,0.0,valve1,0.csv
2020-03-09 10:32:07,0.0,valve1,0.csv
2020-03-09 10:32:08,0.0,valve1,0.csv
2020-03-09 10:32:09,0.0,valve1,0.csv
2020-03-09 10:32:10,0.0,valve1,0.csv
2020-03-09 10:32:11,0.0,valve1,0.csv
2020-03-09 10:32:12,0.0,valve1,0.csv
2020-03-09 10:32:13,0.0,valve1,0.csv
2020-03-09 10:32:14,0.0,valve1,0.csv
2020-03-09 10:32:15,0.0,valve1,0.csv
2020-03-09 10:32:16,0.0,valve1,0.csv
2020-03-09 10:32:18,0.0,valve1,0.csv
2020-03-09 10:32:19,0.0,valve1,0.csv
2020-03-09 10:32:20,0.0,valve1,0.csv
2020-03-09 10:32:21,0.0,valve1,0.csv
2020-03-09 10:32:22,0.0,valve1,0.csv
2020-03-09 10:32:23,0.0,valve1,0.csv
2020-03-09 10:32:24,0.0,valve1,0.csv
2020-03-09 10:32:25,0.0,valve1,0.csv
2020-03-09 10:32:26,0.0,valve1,0.csv
2020-03-09 10:32:27,0.0,valve1,0.csv
2020-03-09 10:32:28,0.0,valve1,0.csv
2020-03-09 10:32:29,0.0,valve1,0.csv
2020-03-09 10:32:30,0.0,valve1,0.csv
2020-03-09 10:32:31,0.0,valve1,0.csv
2020-03-09 10:32:32,0.0,valve1,0.csv
2020-03-09 10:32:33,0.0,valve1,0.csv
2020-03-09 10:32:34,0.0,valve1,0.csv
2020-03-09 10:32:35,0.0,valve1,0.csv
2020-03-09 10:32:36,0.0,valve1,0.csv
2020-03-09 10:32:37,0.0,valve1,0.csv
2020-03-09 10:32:38,0.0,valve1,0.csv
2020-03-09 10:32:39,0.0,valve1,0.csv
2020-03-09 10:32:40,0.0,valve1,0.csv
2020-03-09 10:32:42,0.0,valve1,0.csv
2020-03-09 10:32:43,0.0,valve1,0.csv
2020-03-09 10:32:44,0.0,valve1,0.csv
2020-03-09 10:32:45,0.0,valve1,0.csv
2020-03-09 10:32:46,0.0,valve1,0.csv
2020-03-09 10:32:47,0.0,valve1,0.csv
2020-03-09 10:32:48,0.0,valve1,0.csv
2020-03-09 10:32:49,0.0,valve1,0.csv
2020-03-09 10:32:50,0.0,valve1,0.csv
2020-03-09 10:32:51,0.0,valve1,0.csv
2020-03-09 10:32:52,0.0,valve1,0.csv
2020-03-09 10:32:53,0.0,valve1,0.csv
2020-03-09 10:32:54,0.0,valve1,0.csv
2020-03-09 10:32:55,0.0,valve1,0.csv
2020-03-09 10:32:56,0.0,valve1,0.csv
2020-03-09 10:32:57,0.0,valve1,0.csv
2020-03-09 10:32:58,0.0,valve1,0.csv
2020-03-09 10:32:59,0.0,valve1,0.csv
2020-03-09 10:33:00,0.0,valve1,0.csv
2020-03-09 10:33:01,0.0,valve1,0.csv
2020-03-09 10:33:02,0.0,valve1,0.csv
2020-03-09 10:33:03,0.0,valve1,0.csv
2020-03-09 10:33:04,0.0,valve1,0.csv
2020-03-09 10:33:06,0.0,valve1,0.csv
2020-03-09 10:33:07,0.0,valve1,0.csv
2020-03-09 10:33:08,0.0,valve1,0.csv
2020-03-09 10:33:09,0.0,valve1,0.csv
2020-03-09 10:33:10,0.0,valve1,0.csv
2020-03-09 10:33:11,0.0,valve1,0.csv
2020-03-09 10:33:12,0.0,valve1,0.csv
2020-03-09 10:33:13,0.0,valve1,0.csv
2020-03-09 10:33:14,0.0,valve1,0.csv
2020-03-09 10:33:15,0.0,valve1,0.csv
2020-03-09 10:33:16,0.0,valve1,0.csv
2020-03-09 10:33:17,0.0,valve1,0.csv
2020-03-09 10:33:18,0.0,valve1,0.csv
2020-03-09 10:33:19,0.0,valve1,0.csv
2020-03-09 10:33:20,0.0,valve1,0.csv
2020-03-09 10:33:21,0.0,valve1,0.csv
2020-03-09 10:33:22,0.0,valve1,0.csv
2020-03-09 10:33:23,0.0,valve1,0.csv
2020-03-09 10:33:24,0.0,valve1,0.csv
2020-03-09 10:33:25,0.0,valve1,0.csv
2020-03-09 10:33:26,0.0,valve1,0.csv
2020-03-09 10:33:27,0.0,valve1,0.csv
2020-03-09 10:33:29,0.0,valve1,0.csv
2020-03-09 10:33:30,0.0,valve1,0.csv
2020-03-09 10:33:31,0.0,valve1,0.csv
2020-03-09 10:33:32,0.0,valve1,0.csv
2020-03-09 10:33:33,0.0,valve1,0.csv
2020-03-09 10:33:34,0.0,valve1,0.csv
2020-03-09 10:33:35,0.0,valve1,0.csv
2020-03-09 10:33:36,0.0,valve1,0.csv
2020-03-09 10:33:37,0.0,valve1,0.csv
2020-03-09 10:33:38,0.0,valve1,0.csv
2020-03-09 10:33:39,0.0,valve1,0.csv
2020-03-09 10:33:40,0.0,valve1,0.csv
2020-03-09 10:33:41,0.0,valve1,0.csv
2020-03-09 10:33:42,0.0,valve1,0.csv
2020-03-09 10:33:43,0.0,valve1,0.csv
2020-03-09 10:33:44,0.0,valve1,0.csv
2020-03-09 10:33:45,0.0,valve1,0.csv
2020-03-09 10:33:46,0.0,valve1,0.csv
2020-03-09 10:33:47,0.0,valve1,0.csv
2020-03-09 10:33:48,0.0,valve1,0.csv
2020-03-09 10:33:49,0.0,valve1,0.csv
2020-03-09 10:33:50,0.0,valve1,0.csv
2020-03-09 10:33:52,0.0,valve1,0.csv
2020-03-09 10:33:53,0.0,valve1,0.csv
2020-03-09 10:33:54,0.0,valve1,0.csv
2020-03-09 10:33:55,0.0,valve1,0.csv
2020-03-09 10:33:56,0.0,valve1,0.csv
2020-03-09 10:33:57,0.0,valve1,0.csv
2020-03-09 10:33:58,0.0,valve1,0.csv
2020-03-09 10:33:59,0.0,valve1,0.csv
2020-03-09 10:34:00,0.0,valve1,0.csv
2020-03-09 10:34:01,0.0,valve1,0.csv
2020-03-09 10:34:02,0.0,valve1,0.csv
2020-03-09 10:34:03,0.0,valve1,0.csv
2020-03-09 10:34:04,0.0,valve1,0.csv
2020-03-09 10:34:05,0.0,valve1,0.csv
2020-03-09 10:34:06,0.0,valve1,0.csv
2020-03-09 10:34:07,0.0,valve1,0.csv
2020-03-09 10:34:08,0.0,valve1,0.csv
2020-03-09 10:34:09,0.0,valve1,0.csv
2020-03-09 10:34:10,0.0,valve1,0.csv
2020-03-09 10:34:11,0.0,valve1,0.csv
2020-03-09 10:34:12,0.0,valve1,0.csv
2020-03-09 10:34:13,0.0,valve1,0.csv
2020-03-09 10:34:15,0.0,valve1,0.csv
2020-03-09 10:34:16,0.0,valve1,0.csv
2020-03-09 10:34:17,0.0,valve1,0.csv
2020-03-09 10:34:18,0.0,valve1,0.csv
2020-03-09 10:34:19,0.0,valve1,0.csv
2020-03-09 10:34:20,0.0,valve1,0.csv
2020-03-09 10:34:21,0.0,valve1,0.csv
2020-03-09 10:34:22,0.0,valve1,0.csv
2020-03-09 10:34:23,0.0,valve1,0.csv
2020-03-09 10:34:24,0.0,valve1,0.csv
2020-03-09 10:34:25,0.0,valve1,0.csv
2020-03-09 10:34:26,0.0,valve1,0.csv
2020-03-09 10:34:27,0.0,valve1,0.csv
2020-03-09 10:34:28,0.0,valve1,0.csv
2020-03-09 10:34:29,0.0,valve1,0.csv
2020-03-09 10:34:30,0.0,valve1,0.csv
2020-03-09 10:34:31,0.0,valve1,0.csv
2020-03-09 10:34:32,0.0,valve1,0.csv
2020-03-09 10:34:33,0.0,valve1,1.csv
2020-03-09 10:34:34,0.0,valve1,1.csv
2020-03-09 10:34:35,0.0,valve1,1.csv
2020-03-09 10:34:36,0.0,valve1,1.csv
2020-03-09 10:34:37,0.0,valve1,1.csv
2020-03-09 10:34:38,0.0,valve1,1.csv
2020-03-09 10:34:40,0.0,valve1,1.csv
2020-03-09 10:34:41,0.0,valve1,1.csv
2020-03-09 10:34:42,0.0,valve1,1.csv
2020-03-09 10:34:43,0.0,valve1,1.csv
2020-03-09 10:34:44,0.0,valve1,1.csv
2020-03-09 10:34:45,0.0,valve1,1.csv
2020-03-09 10:34:46,0.0,valve1,1.csv
2020-03-09 10:34:47,0.0,valve1,1.csv
2020-03-09 10:34:48,0.0,valve1,1.csv
2020-03-09 10:34:49,0.0,valve1,1.csv
2020-03-09 10:34:50,0.0,valve1,1.csv
2020-03-09 10:34:51,0.0,valve1,1.csv
2020-03-09 10:34:52,0.0,valve1,1.csv
2020-03-09 10:34:53,0.0,valve1,1.csv
2020-03-09 10:34:54,0.0,valve1,1.csv
2020-03-09 10:34:55,0.0,valve1,1.csv
2020-03-09 10:34:56,0.0,valve1,1.csv
2020-03-09 10:34:57,0.0,valve1,1.csv
2020-03-09 10:34:58,0.0,valve1,1.csv
2020-03-09 10:34:59,0.0,valve1,1.csv
2020-03-09 10:35:00,0.0,valve1,1.csv
2020-03-09 10:35:01,0.0,valve1,1.csv
2020-03-09 10:35:02,0.0,valve1,1.csv
2020-03-09 10:35:03,0.0,valve1,1.csv
2020-03-09 10:35:05,0.0,valve1,1.csv
2020-03-09 10:35:06,0.0,valve1,1.csv
2020-03-09 10:35:07,0.0,valve1,1.csv
2020-03-09 10:35:08,0.0,valve1,1.csv
2020-03-09 10:35:09,0.0,valve1,1.csv
2020-03-09 10:35:10,0.0,valve1,1.csv
2020-03-09 10:35:11,0.0,valve1,1.csv
2020-03-09 10:35:12,0.0,valve1,1.csv
2020-03-09 10:35:13,0.0,valve1,1.csv
2020-03-09 10:35:14,0.0,valve1,1.csv
2020-03-09 10:35:15,0.0,valve1,1.csv
2020-03-09 10:35:16,0.0,valve1,1.csv
2020-03-09 10:35:17,0.0,valve1,1.csv
2020-03-09 10:35:18,0.0,valve1,1.csv
2020-03-09 10:35:19,0.0,valve1,1.csv
2020-03-09 10:35:20,0.0,valve1,1.csv
2020-03-09 10:35:21,0.0,valve1,1.csv
2020-03-09 10:35:22,0.0,valve1,1.csv
2020-03-09 10:35:23,0.0,valve1,1.csv
2020-03-09 10:35:24,0.0,valve1,1.csv
2020-03-09 10:35:25,0.0,valve1,1.csv
2020-03-09 10:35:27,0.0,valve1,1.csv
2020-03-09 10:35:28,0.0,valve1,1.csv
2020-03-09 10:35:29,0.0,valve1,1.csv
2020-03-09 10:35:30,0.0,valve1,1.csv
2020-03-09 10:35:31,0.0,valve1,1.csv
2020-03-09 10:35:32,0.0,valve1,1.csv
2020-03-09 10:35:33,0.0,valve1,1.csv
2020-03-09 10:35:34,0.0,valve1,1.csv
2020-03-09 10:35:35,0.0,valve1,1.csv
2020-03-09 10:35:36,0.0,valve1,1.csv
2020-03-09 10:35:37,0.0,valve1,1.csv
2020-03-09 10:35:38,0.0,valve1,1.csv
2020-03-09 10:35:39,0.0,valve1,1.csv
2020-03-09 10:35:40,0.0,valve1,1.csv
2020-03-09 10:35:41,0.0,valve1,1.csv
2020-03-09 10:35:42,0.0,valve1,1.csv
2020-03-09 10:35:44,0.0,valve1,1.csv
2020-03-09 10:35:45,0.0,valve1,1.csv
2020-03-09 10:35:46,0.0,valve1,1.csv
2020-03-09 10:35:47,0.0,valve1,1.csv
2020-03-09 10:35:48,0.0,valve1,1.csv
2020-03-09 10:35:49,0.0,valve1,1.csv
2020-03-09 10:35:50,0.0,valve1,1.csv
2020-03-09 10:35:51,0.0,valve1,1.csv
2020-03-09 10:35:52,0.0,valve1,1.csv
2020-03-09 10:35:53,0.0,valve1,1.csv
2020-03-09 10:35:54,0.0,valve1,1.csv
2020-03-09 10:35:55,0.0,valve1,1.csv
2020-03-09 10:35:56,0.0,valve1,1.csv
2020-03-09 10:35:57,0.0,valve1,1.csv
2020-03-09 10:35:58,0.0,valve1,1.csv
2020-03-09 10:35:59,0.0,valve1,1.csv
2020-03-09 10:36:00,0.0,valve1,1.csv
2020-03-09 10:36:01,0.0,valve1,1.csv
2020-03-09 10:36:02,0.0,valve1,1.csv
2020-03-09 10:36:03,0.0,valve1,1.csv
2020-03-09 10:36:04,0.0,valve1,1.csv
2020-03-09 10:36:05,0.0,valve1,1.csv
2020-03-09 10:36:07,0.0,valve1,1.csv
2020-03-09 10:36:08,0.0,valve1,1.csv
2020-03-09 10:36:09,0.0,valve1,1.csv
2020-03-09 10:36:10,0.0,valve1,1.csv
2020-03-09 10:36:11,0.0,valve1,1.csv
2020-03-09 10:36:12,0.0,valve1,1.csv
2020-03-09 10:36:13,0.0,valve1,1.csv
2020-03-09 10:36:14,0.0,valve1,1.csv
2020-03-09 10:36:15,0.0,valve1,1.csv
2020-03-09 10:36:16,0.0,valve1,1.csv
2020-03-09 10:36:17,0.0,valve1,1.csv
2020-03-09 10:36:18,0.0,valve1,1.csv
2020-03-09 10:36:19,0.0,valve1,1.csv
2020-03-09 10:36:20,0.0,valve1,1.csv
2020-03-09 10:36:21,0.0,valve1,1.csv
2020-03-09 10:36:22,0.0,valve1,1.csv
2020-03-09 10:36:23,0.0,valve1,1.csv
2020-03-09 10:36:24,0.0,valve1,1.csv
2020-03-09 10:36:25,0.0,valve1,1.csv
2020-03-09 10:36:26,0.0,valve1,1.csv
2020-03-09 10:36:27,0.0,valve1,1.csv
2020-03-09 10:36:28,0.0,valve1,1.csv
2020-03-09 10:36:29,0.0,valve1,1.csv
2020-03-09 10:36:31,0.0,valve1,1.csv
2020-03-09 10:36:32,0.0,valve1,1.csv
2020-03-09 10:36:33,0.0,valve1,1.csv
2020-03-09 10:36:34,0.0,valve1,1.csv
2020-03-09 10:36:35,0.0,valve1,1.csv
2020-03-09 10:36:36,0.0,valve1,1.csv
2020-03-09 10:36:37,0.0,valve1,1.csv
2020-03-09 10:36:38,0.0,valve1,1.csv
2020-03-09 10:36:39,0.0,valve1,1.csv
2020-03-09 10:36:40,0.0,valve1,1.csv
2020-03-09 10:36:41,0.0,valve1,1.csv
2020-03-09 10:36:42,0.0,valve1,1.csv
2020-03-09 10:36:43,0.0,valve1,1.csv
2020-03-09 10:36:44,0.0,valve1,1.csv
2020-03-09 10:36:45,0.0,valve1,1.csv
2020-03-09 10:36:46,0.0,valve1,1.csv
2020-03-09 10:36:47,0.0,valve1,1.csv
2020-03-09 10:36:48,0.0,valve1,1.csv
2020-03-09 10:36:49,0.0,valve1,1.csv
2020-03-09 10:36:50,0.0,valve1,1.csv
2020-03-09 10:36:51,0.0,valve1,1.csv
2020-03-09 10:36:52,0.0,valve1,1.csv
2020-03-09 10:36:53,0.0,valve1,1.csv
2020-03-09 10:36:55,0.0,valve1,1.csv
2020-03-09 10:36:56,0.0,valve1,1.csv
2020-03-09 10:36:57,0.0,valve1,1.csv
2020-03-09 10:36:58,0.0,valve1,1.csv
2020-03-09 10:36:59,0.0,valve1,1.csv
2020-03-09 10:37:00,0.0,valve1,1.csv
2020-03-09 10:37:01,0.0,valve1,1.csv
2020-03-09 10:37:02,0.0,valve1,1.csv
2020-03-09 10:37:03,0.0,valve1,1.csv
2020-03-09 10:37:04,0.0,valve1,1.csv
2020-03-09 10:37:05,0.0,valve1,1.csv
2020-03-09 10:37:06,0.0,valve1,1.csv
2020-03-09 10:37:07,0.0,valve1,1.csv
2020-03-09 10:37:08,0.0,valve1,1.csv
2020-03-09 10:37:09,0.0,valve1,1.csv
2020-03-09 10:37:10,0.0,valve1,1.csv
2020-03-09 10:37:11,0.0,valve1,1.csv
2020-03-09 10:37:12,0.0,valve1,1.csv
2020-03-09 10:37:13,0.0,valve1,1.csv
2020-03-09 10:37:14,0.0,valve1,1.csv
2020-03-09 10:37:15,0.0,valve1,1.csv
2020-03-09 10:37:16,0.0,valve1,1.csv
2020-03-09 10:37:17,0.0,valve1,1.csv
2020-03-09 10:37:18,0.0,valve1,1.csv
2020-03-09 10:37:20,0.0,valve1,1.csv
2020-03-09 10:37:21,0.0,valve1,1.csv
2020-03-09 10:37:22,0.0,valve1,1.csv
2020-03-09 10:37:23,0.0,valve1,1.csv
2020-03-09 10:37:24,0.0,valve1,1.csv
2020-03-09 10:37:25,0.0,valve1,1.csv
2020-03-09 10:37:26,0.0,valve1,1.csv
2020-03-09 10:37:27,0.0,valve1,1.csv
2020-03-09 10:37:28,0.0,valve1,1.csv
2020-03-09 10:37:29,0.0,valve1,1.csv
2020-03-09 10:37:31,0.0,valve1,1.csv
2020-03-09 10:37:32,0.0,valve1,1.csv
2020-03-09 10:37:33,0.0,valve1,1.csv
2020-03-09 10:37:34,0.0,valve1,1.csv
2020-03-09 10:37:35,0.0,valve1,1.csv
2020-03-09 10:37:36,0.0,valve1,1.csv
2020-03-09 10:37:37,0.0,valve1,1.csv
2020-03-09 10:37:38,0.0,valve1,1.csv
2020-03-09 10:37:39,0.0,valve1,1.csv
2020-03-09 10:37:40,0.0,valve1,1.csv
2020-03-09 10:37:41,0.0,valve1,1.csv
2020-03-09 10:37:42,0.0,valve1,1.csv
2020-03-09 10:37:43,0.0,valve1,1.csv
2020-03-09 10:37:44,0.0,valve1,1.csv
2020-03-09 10:37:45,0.0,valve1,1.csv
2020-03-09 10:37:46,0.0,valve1,1.csv
2020-03-09 10:37:47,0.0,valve1,1.csv
2020-03-09 10:37:48,0.0,valve1,1.csv
2020-03-09 10:37:49,0.0,valve1,1.csv
2020-03-09 10:37:50,0.0,valve1,1.csv
2020-03-09 10:37:51,0.0,valve1,1.csv
2020-03-09 10:37:52,0.0,valve1,1.csv
2020-03-09 10:37:54,0.0,valve1,1.csv
2020-03-09 10:37:55,0.0,valve1,1.csv
2020-03-09 10:37:56,0.0,valve1,1.csv
2020-03-09 10:37:57,0.0,valve1,1.csv
2020-03-09 10:37:58,0.0,valve1,1.csv
2020-03-09 10:37:59,0.0,valve1,1.csv
2020-03-09 10:38:00,0.0,valve1,1.csv
2020-03-09 10:38:01,0.0,valve1,1.csv
2020-03-09 10:38:02,0.0,valve1,1.csv
2020-03-09 10:38:03,0.0,valve1,1.csv
2020-03-09 10:38:04,0.0,valve1,1.csv
2020-03-09 10:38:05,0.0,valve1,1.csv
2020-03-09 10:38:06,0.0,valve1,1.csv
2020-03-09 10:38:07,0.0,valve1,1.csv
2020-03-09 10:38:08,0.0,valve1,1.csv
2020-03-09 10:38:09,0.0,valve1,1.csv
2020-03-09 10:38:10,0.0,valve1,1.csv
2020-03-09 10:38:11,0.0,valve1,1.csv
2020-03-09 10:38:12,0.0,valve1,1.csv
2020-03-09 10:38:13,0.0,valve1,1.csv
2020-03-09 10:38:14,0.0,valve1,1.csv
2020-03-09 10:38:15,0.0,valve1,1.csv
2020-03-09 10:38:16,0.0,valve1,1.csv
2020-03-09 10:38:17,0.0,valve1,1.csv
2020-03-09 10:38:19,0.0,valve1,1.csv
2020-03-09 10:38:20,0.0,valve1,1.csv
2020-03-09 10:38:21,0.0,valve1,1.csv
2020-03-09 10:38:22,0.0,valve1,1.csv
2020-03-09 10:38:23,0.0,valve1,1.csv
2020-03-09 10:38:24,0.0,valve1,1.csv
2020-03-09 10:38:25,0.0,valve1,1.csv
2020-03-09 10:38:26,0.0,valve1,1.csv
2020-03-09 10:38:27,0.0,valve1,1.csv
2020-03-09 10:38:28,0.0,valve1,1.csv
2020-03-09 10:38:29,0.0,valve1,1.csv
2020-03-09 10:38:30,0.0,valve1,1.csv
2020-03-09 10:38:31,0.0,valve1,1.csv
2020-03-09 10:38:32,0.0,valve1,1.csv
2020-03-09 10:38:33,0.0,valve1,1.csv
2020-03-09 10:38:34,0.0,valve1,1.csv
2020-03-09 10:38:35,0.0,valve1,1.csv
2020-03-09 10:38:36,0.0,valve1,1.csv
2020-03-09 10:38:37,0.0,valve1,1.csv
2020-03-09 10:38:38,0.0,valve1,1.csv
2020-03-09 10:38:40,0.0,valve1,1.csv
2020-03-09 10:38:41,0.0,valve1,1.csv
2020-03-09 10:38:42,0.0,valve1,1.csv
2020-03-09 10:38:43,0.0,valve1,1.csv
2020-03-09 10:38:44,0.0,valve1,1.csv
2020-03-09 10:38:45,0.0,valve1,1.csv
2020-03-09 10:38:46,0.0,valve1,1.csv
2020-03-09 10:38:47,0.0,valve1,1.csv
2020-03-09 10:38:48,0.0,valve1,1.csv
2020-03-09 10:38:49,0.0,valve1,1.csv
2020-03-09 10:38:50,0.0,valve1,1.csv
2020-03-09 10:38:51,0.0,valve1,1.csv
2020-03-09 10:38:52,0.0,valve1,1.csv
2020-03-09 10:38:53,0.0,valve1,1.csv
2020-03-09 10:38:54,0.0,valve1,1.csv
2020-03-09 10:38:55,0.0,valve1,1.csv
2020-03-09 10:38:56,0.0,valve1,1.csv
2020-03-09 10:38:57,0.0,valve1,1.csv
2020-03-09 10:38:58,0.0,valve1,1.csv
2020-03-09 10:39:00,0.0,valve1,1.csv
2020-03-09 10:39:01,0.0,valve1,1.csv
2020-03-09 10:39:02,0.0,valve1,1.csv
2020-03-09 10:39:03,0.0,valve1,1.csv
2020-03-09 10:39:04,0.0,valve1,1.csv
2020-03-09 10:39:05,0.0,valve1,1.csv
2020-03-09 10:39:06,0.0,valve1,1.csv
2020-03-09 10:39:07,0.0,valve1,1.csv
2020-03-09 10:39:08,0.0,valve1,1.csv
2020-03-09 10:39:09,0.0,valve1,1.csv
2020-03-09 10:39:10,0.0,valve1,1.csv
2020-03-09 10:39:11,0.0,valve1,1.csv
2020-03-09 10:39:12,0.0,valve1,1.csv
2020-03-09 10:39:13,0.0,valve1,1.csv
2020-03-09 10:39:14,0.0,valve1,1.csv
2020-03-09 10:39:15,0.0,valve1,1.csv
2020-03-09 10:39:16,0.0,valve1,1.csv
2020-03-09 10:39:17,0.0,valve1,1.csv
2020-03-09 10:39:18,0.0,valve1,1.csv
2020-03-09 10:39:19,0.0,valve1,1.csv
2020-03-09 10:39:20,0.0,valve1,1.csv
2020-03-09 10:39:21,0.0,valve1,1.csv
2020-03-09 10:39:23,0.0,valve1,1.csv
2020-03-09 10:39:24,0.0,valve1,1.csv
2020-03-09 10:39:25,0.0,valve1,1.csv
2020-03-09 10:39:26,0.0,valve1,1.csv
2020-03-09 10:39:27,0.0,valve1,1.csv
2020-03-09 10:39:28,0.0,valve1,1.csv
2020-03-09 10:39:29,0.0,valve1,1.csv
2020-03-09 10:39:30,0.0,valve1,1.csv
2020-03-09 10:39:31,0.0,valve1,1.csv
2020-03-09 10:39:32,0.0,valve1,1.csv
2020-03-09 10:39:33,0.0,valve1,1.csv
2020-03-09 10:39:34,0.0,valve1,1.csv
2020-03-09 10:39:35,0.0,valve1,1.csv
2020-03-09 10:39:36,0.0,valve1,1.csv
2020-03-09 10:39:37,0.0,valve1,1.csv
2020-03-09 10:39:38,0.0,valve1,1.csv
2020-03-09 10:39:39,0.0,valve1,1.csv
2020-03-09 10:39:40,0.0,valve1,1.csv
2020-03-09 10:39:41,0.0,valve1,1.csv
2020-03-09 10:39:42,0.0,valve1,1.csv
2020-03-09 10:39:44,0.0,valve1,1.csv
2020-03-09 10:39:45,0.0,valve1,1.csv
2020-03-09 10:39:46,0.0,valve1,1.csv
2020-03-09 10:39:47,0.0,valve1,1.csv
2020-03-09 10:39:48,0.0,valve1,1.csv
2020-03-09 10:39:49,0.0,valve1,1.csv
2020-03-09 10:39:50,0.0,valve1,1.csv
2020-03-09 10:39:51,0.0,valve1,1.csv
2020-03-09 10:39:52,0.0,valve1,1.csv
2020-03-09 10:39:53,0.0,valve1,1.csv
2020-03-09 10:39:54,0.0,valve1,1.csv
2020-03-09 10:39:55,0.0,valve1,1.csv
2020-03-09 10:39:56,0.0,valve1,1.csv
2020-03-09 10:39:57,0.0,valve1,1.csv
2020-03-09 10:39:58,0.0,valve1,1.csv
2020-03-09 10:39:59,0.0,valve1,1.csv
2020-03-09 10:40:00,0.0,valve1,1.csv
2020-03-09 10:40:01,0.0,valve1,1.csv
2020-03-09 10:40:02,0.0,valve1,1.csv
2020-03-09 10:40:03,0.0,valve1,1.csv
2020-03-09 10:40:05,0.0,valve1,1.csv
2020-03-09 10:40:06,0.0,valve1,1.csv
2020-03-09 10:40:07,0.0,valve1,1.csv
2020-03-09 10:40:08,0.0,valve1,1.csv
2020-03-09 10:40:09,0.0,valve1,1.csv
2020-03-09 10:40:10,0.0,valve1,1.csv
2020-03-09 10:40:11,0.0,valve1,1.csv
2020-03-09 10:40:12,0.0,valve1,1.csv
2020-03-09 10:40:13,0.0,valve1,1.csv
2020-03-09 10:40:14,0.0,valve1,1.csv
2020-03-09 10:40:15,0.0,valve1,1.csv
2020-03-09 10:40:16,0.0,valve1,1.csv
2020-03-09 10:40:17,0.0,valve1,1.csv
2020-03-09 10:40:18,0.0,valve1,1.csv
2020-03-09 10:40:19,0.0,valve1,1.csv
2020-03-09 10:40:20,0.0,valve1,1.csv
2020-03-09 10:40:21,0.0,valve1,1.csv
2020-03-09 10:40:22,0.0,valve1,1.csv
2020-03-09 10:40:23,0.0,valve1,1.csv
2020-03-09 10:40:24,0.0,valve1,1.csv
2020-03-09 10:40:25,0.0,valve1,1.csv
2020-03-09 10:40:26,0.0,valve1,1.csv
2020-03-09 10:40:28,0.0,valve1,1.csv
2020-03-09 10:40:29,0.0,valve1,1.csv
2020-03-09 10:40:30,0.0,valve1,1.csv
2020-03-09 10:40:31,0.0,valve1,1.csv
2020-03-09 10:40:32,0.0,valve1,1.csv
2020-03-09 10:40:33,0.0,valve1,1.csv
2020-03-09 10:40:34,0.0,valve1,1.csv
2020-03-09 10:40:35,0.0,valve1,1.csv
2020-03-09 10:40:36,0.0,valve1,1.csv
2020-03-09 10:40:37,0.0,valve1,1.csv
2020-03-09 10:40:38,0.0,valve1,1.csv
2020-03-09 10:40:39,0.0,valve1,1.csv
2020-03-09 10:40:40,0.0,valve1,1.csv
2020-03-09 10:40:41,0.0,valve1,1.csv
2020-03-09 10:40:42,0.0,valve1,1.csv
2020-03-09 10:40:43,0.0,valve1,1.csv
2020-03-09 10:40:44,0.0,valve1,1.csv
2020-03-09 10:40:45,0.0,valve1,1.csv
2020-03-09 10:40:46,0.0,valve1,1.csv
2020-03-09 10:40:48,0.0,valve1,1.csv
2020-03-09 10:40:49,0.0,valve1,1.csv
2020-03-09 10:40:50,0.0,valve1,1.csv
2020-03-09 10:40:51,0.0,valve1,1.csv
2020-03-09 10:40:52,0.0,valve1,1.csv
2020-03-09 10:40:53,0.0,valve1,1.csv
2020-03-09 10:40:54,0.0,valve1,1.csv
2020-03-09 10:40:55,0.0,valve1,1.csv
2020-03-09 10:40:56,0.0,valve1,1.csv
2020-03-09 10:40:57,0.0,valve1,1.csv
2020-03-09 10:40:58,0.0,valve1,1.csv
2020-03-09 10:40:59,0.0,valve1,1.csv
2020-03-09 10:41:00,0.0,valve1,1.csv
2020-03-09 10:41:01,0.0,valve1,1.csv
2020-03-09 10:41:02,0.0,valve1,1.csv
2020-03-09 10:41:03,0.0,valve1,1.csv
2020-03-09 10:41:04,0.0,valve1,1.csv
2020-03-09 10:41:05,0.0,valve1,1.csv
2020-03-09 10:41:06,0.0,valve1,1.csv
2020-03-09 10:41:07,0.0,valve1,1.csv
2020-03-09 10:41:09,0.0,valve1,1.csv
2020-03-09 10:41:10,0.0,valve1,1.csv
2020-03-09 10:41:11,0.0,valve1,1.csv
2020-03-09 10:41:12,0.0,valve1,1.csv
2020-03-09 10:41:13,0.0,valve1,1.csv
2020-03-09 10:41:14,0.0,valve1,1.csv
2020-03-09 10:41:15,0.0,valve1,1.csv
2020-03-09 10:41:16,0.0,valve1,1.csv
2020-03-09 10:41:17,0.0,valve1,1.csv
2020-03-09 10:41:18,0.0,valve1,1.csv
2020-03-09 10:41:19,0.0,valve1,1.csv
2020-03-09 10:41:20,0.0,valve1,1.csv
2020-03-09 10:41:21,0.0,valve1,1.csv
2020-03-09 10:41:22,0.0,valve1,1.csv
2020-03-09 10:41:23,0.0,valve1,1.csv
2020-03-09 10:41:24,0.0,valve1,1.csv
2020-03-09 10:41:25,0.0,valve1,1.csv
2020-03-09 10:41:26,0.0,valve1,1.csv
2020-03-09 10:41:27,0.0,valve1,1.csv
2020-03-09 10:41:28,0.0,valve1,1.csv
2020-03-09 10:41:29,0.0,valve1,1.csv
2020-03-09 10:41:30,0.0,valve1,1.csv
2020-03-09 10:41:32,0.0,valve1,1.csv
2020-03-09 10:41:33,0.0,valve1,1.csv
2020-03-09 10:41:34,0.0,valve1,1.csv
2020-03-09 10:41:35,0.0,valve1,1.csv
2020-03-09 10:41:36,0.0,valve1,1.csv
2020-03-09 10:41:37,0.0,valve1,1.csv
2020-03-09 10:41:38,0.0,valve1,1.csv
2020-03-09 10:41:39,0.0,valve1,1.csv
2020-03-09 10:41:40,0.0,valve1,1.csv
2020-03-09 10:41:41,0.0,valve1,1.csv
2020-03-09 10:41:42,0.0,valve1,1.csv
2020-03-09 10:41:43,0.0,valve1,1.csv
2020-03-09 10:41:44,0.0,valve1,1.csv
2020-03-09 10:41:45,0.0,valve1,1.csv
2020-03-09 10:41:46,0.0,valve1,1.csv
2020-03-09 10:41:47,0.0,valve1,1.csv
2020-03-09 10:41:48,0.0,valve1,1.csv
2020-03-09 10:41:49,0.0,valve1,1.csv
2020-03-09 10:41:50,0.0,valve1,1.csv
2020-03-09 10:41:51,0.0,valve1,1.csv
2020-03-09 10:41:53,0.0,valve1,1.csv
2020-03-09 10:41:54,0.0,valve1,1.csv
2020-03-09 10:41:55,0.0,valve1,1.csv
2020-03-09 10:41:56,0.0,valve1,1.csv
2020-03-09 10:41:57,0.0,valve1,1.csv
2020-03-09 10:41:58,0.0,valve1,1.csv
2020-03-09 10:41:59,0.0,valve1,1.csv
2020-03-09 10:42:00,0.0,valve1,1.csv
2020-03-09 10:42:01,0.0,valve1,1.csv
2020-03-09 10:42:02,0.0,valve1,1.csv
2020-03-09 10:42:03,0.0,valve1,1.csv
2020-03-09 10:42:04,0.0,valve1,1.csv
2020-03-09 10:42:05,0.0,valve1,1.csv
2020-03-09 10:42:06,0.0,valve1,1.csv
2020-03-09 10:42:07,0.0,valve1,1.csv
2020-03-09 10:42:08,0.0,valve1,1.csv
2020-03-09 10:42:09,0.0,valve1,1.csv
2020-03-09 10:42:10,0.0,valve1,1.csv
2020-03-09 10:42:11,0.0,valve1,1.csv
2020-03-09 10:42:12,0.0,valve1,1.csv
2020-03-09 10:42:14,0.0,valve1,1.csv
2020-03-09 10:42:15,0.0,valve1,1.csv
2020-03-09 10:42:16,0.0,valve1,1.csv
2020-03-09 10:42:17,0.0,valve1,1.csv
2020-03-09 10:42:18,0.0,valve1,1.csv
2020-03-09 10:42:19,0.0,valve1,1.csv
2020-03-09 10:42:20,0.0,valve1,1.csv
2020-03-09 10:42:21,0.0,valve1,1.csv
2020-03-09 10:42:22,0.0,valve1,1.csv
2020-03-09 10:42:23,0.0,valve1,1.csv
2020-03-09 10:42:24,0.0,valve1,1.csv
2020-03-09 10:42:25,0.0,valve1,1.csv
2020-03-09 10:42:26,0.0,valve1,1.csv
2020-03-09 10:42:27,0.0,valve1,1.csv
2020-03-09 10:42:28,0.0,valve1,1.csv
2020-03-09 10:42:29,0.0,valve1,1.csv
2020-03-09 10:42:30,0.0,valve1,1.csv
2020-03-09 10:42:31,0.0,valve1,1.csv
2020-03-09 10:42:32,0.0,valve1,1.csv
2020-03-09 10:42:33,0.0,valve1,1.csv
2020-03-09 10:42:34,0.0,valve1,1.csv
2020-03-09 10:42:36,0.0,valve1,1.csv
2020-03-09 10:42:37,0.0,valve1,1.csv
2020-03-09 10:42:38,0.0,valve1,1.csv
2020-03-09 10:42:39,0.0,valve1,1.csv
2020-03-09 10:42:40,0.0,valve1,1.csv
2020-03-09 10:42:41,0.0,valve1,1.csv
2020-03-09 10:42:42,0.0,valve1,1.csv
2020-03-09 10:42:43,0.0,valve1,1.csv
2020-03-09 10:42:44,0.0,valve1,1.csv
2020-03-09 10:42:45,0.0,valve1,1.csv
2020-03-09 10:42:46,0.0,valve1,1.csv
2020-03-09 10:42:47,0.0,valve1,1.csv
2020-03-09 10:42:48,0.0,valve1,1.csv
2020-03-09 10:42:49,0.0,valve1,1.csv
2020-03-09 10:42:50,0.0,valve1,1.csv
2020-03-09 10:42:51,0.0,valve1,1.csv
2020-03-09 10:42:52,0.0,valve1,1.csv
2020-03-09 10:42:53,0.0,valve1,1.csv
2020-03-09 10:42:54,0.0,valve1,1.csv
2020-03-09 10:42:55,0.0,valve1,1.csv
2020-03-09 10:42:57,0.0,valve1,1.csv
2020-03-09 10:42:58,0.0,valve1,1.csv
2020-03-09 10:42:59,0.0,valve1,1.csv
2020-03-09 10:43:00,0.0,valve1,1.csv
2020-03-09 10:43:01,0.0,valve1,1.csv
2020-03-09 10:43:02,0.0,valve1,1.csv
2020-03-09 10:43:03,0.0,valve1,1.csv
2020-03-09 10:43:04,0.0,valve1,1.csv
2020-03-09 10:43:05,0.0,valve1,1.csv
2020-03-09 10:43:06,0.0,valve1,1.csv
2020-03-09 10:43:07,0.0,valve1,1.csv
2020-03-09 10:43:08,0.0,valve1,1.csv
2020-03-09 10:43:09,0.0,valve1,1.csv
2020-03-09 10:43:10,0.0,valve1,1.csv
2020-03-09 10:43:11,0.0,valve1,1.csv
2020-03-09 10:43:12,0.0,valve1,1.csv
2020-03-09 10:43:13,0.0,valve1,1.csv
2020-03-09 10:43:14,0.0,valve1,1.csv
2020-03-09 10:43:15,0.0,valve1,1.csv
2020-03-09 10:43:16,0.0,valve1,1.csv
2020-03-09 10:43:18,0.0,valve1,1.csv
2020-03-09 10:43:19,0.0,valve1,1.csv
2020-03-09 10:43:20,0.0,valve1,1.csv
2020-03-09 10:43:21,0.0,valve1,1.csv
2020-03-09 10:43:22,0.0,valve1,1.csv
2020-03-09 10:43:23,0.0,valve1,1.csv
2020-03-09 10:43:24,0.0,valve1,1.csv
2020-03-09 10:43:25,0.0,valve1,1.csv
2020-03-09 10:43:26,0.0,valve1,1.csv
2020-03-09 10:43:27,0.0,valve1,1.csv
2020-03-09 10:43:28,0.0,valve1,1.csv
2020-03-09 10:43:29,0.0,valve1,1.csv
2020-03-09 10:43:30,0.0,valve1,1.csv
2020-03-09 10:43:31,0.0,valve1,1.csv
2020-03-09 10:43:32,0.0,valve1,1.csv
2020-03-09 10:43:33,0.0,valve1,1.csv
2020-03-09 10:43:34,0.0,valve1,1.csv
2020-03-09 10:43:35,0.0,valve1,1.csv
2020-03-09 10:43:36,0.0,valve1,1.csv
2020-03-09 10:43:38,0.0,valve1,1.csv
2020-03-09 10:43:39,0.0,valve1,1.csv
2020-03-09 10:43:40,0.0,valve1,1.csv
2020-03-09 10:43:41,0.0,valve1,1.csv
2020-03-09 10:43:42,0.0,valve1,1.csv
2020-03-09 10:43:43,0.0,valve1,1.csv
2020-03-09 10:43:44,0.0,valve1,1.csv
2020-03-09 10:43:45,0.0,valve1,1.csv
2020-03-09 10:43:46,0.0,valve1,1.csv
2020-03-09 10:43:47,0.0,valve1,1.csv
2020-03-09 10:43:48,0.0,valve1,1.csv
2020-03-09 10:43:49,0.0,valve1,1.csv
2020-03-09 10:43:50,0.0,valve1,1.csv
2020-03-09 10:43:51,0.0,valve1,1.csv
2020-03-09 10:43:52,0.0,valve1,1.csv
2020-03-09 10:43:53,0.0,valve1,1.csv
2020-03-09 10:43:54,0.0,valve1,1.csv
2020-03-09 10:43:55,0.0,valve1,1.csv
2020-03-09 10:43:56,0.0,valve1,1.csv
2020-03-09 10:43:57,0.0,valve1,1.csv
2020-03-09 10:43:58,0.0,valve1,1.csv
2020-03-09 10:43:59,0.0,valve1,1.csv
2020-03-09 10:44:01,0.0,valve1,1.csv
2020-03-09 10:44:02,0.0,valve1,1.csv
2020-03-09 10:44:03,0.0,valve1,1.csv
2020-03-09 10:44:04,0.0,valve1,1.csv
2020-03-09 10:44:05,0.0,valve1,1.csv
2020-03-09 10:44:06,0.0,valve1,1.csv
2020-03-09 10:44:07,0.0,valve1,1.csv
2020-03-09 10:44:08,0.0,valve1,1.csv
2020-03-09 10:44:09,0.0,valve1,1.csv
2020-03-09 10:44:10,0.0,valve1,1.csv
2020-03-09 10:44:11,0.0,valve1,1.csv
2020-03-09 10:44:12,0.0,valve1,1.csv
2020-03-09 10:44:13,0.0,valve1,1.csv
2020-03-09 10:44:14,0.0,valve1,1.csv
2020-03-09 10:44:15,0.0,valve1,1.csv
2020-03-09 10:44:16,0.0,valve1,1.csv
2020-03-09 10:44:17,0.0,valve1,1.csv
2020-03-09 10:44:18,0.0,valve1,1.csv
2020-03-09 10:44:19,0.0,valve1,1.csv
2020-03-09 10:44:20,0.0,valve1,1.csv
2020-03-09 10:44:21,0.0,valve1,1.csv
2020-03-09 10:44:23,0.0,valve1,1.csv
2020-03-09 10:44:24,0.0,valve1,1.csv
2020-03-09 10:44:25,0.0,valve1,1.csv
2020-03-09 10:44:26,0.0,valve1,1.csv
2020-03-09 10:44:27,0.0,valve1,1.csv
2020-03-09 10:44:28,0.0,valve1,1.csv
2020-03-09 10:44:29,0.0,valve1,1.csv
2020-03-09 10:44:30,0.0,valve1,1.csv
2020-03-09 10:44:31,0.0,valve1,1.csv
2020-03-09 10:44:32,0.0,valve1,1.csv
2020-03-09 10:44:33,1.0,valve1,1.csv
2020-03-09 10:44:34,0.0,valve1,1.csv
2020-03-09 10:44:35,0.0,valve1,1.csv
2020-03-09 10:44:36,0.0,valve1,1.csv
2020-03-09 10:44:37,0.0,valve1,1.csv
2020-03-09 10:44:38,0.0,valve1,1.csv
2020-03-09 10:44:39,0.0,valve1,1.csv
2020-03-09 10:44:40,0.0,valve1,1.csv
2020-03-09 10:44:41,0.0,valve1,1.csv
2020-03-09 10:44:42,0.0,valve1,1.csv
2020-03-09 10:44:43,0.0,valve1,1.csv
2020-03-09 10:44:44,0.0,valve1,1.csv
2020-03-09 10:44:45,0.0,valve1,1.csv
2020-03-09 10:44:47,0.0,valve1,1.csv
2020-03-09 10:44:48,0.0,valve1,1.csv
2020-03-09 10:44:49,0.0,valve1,1.csv
2020-03-09 10:44:50,0.0,valve1,1.csv
2020-03-09 10:44:51,0.0,valve1,1.csv
2020-03-09 10:44:52,0.0,valve1,1.csv
2020-03-09 10:44:53,0.0,valve1,1.csv
2020-03-09 10:44:54,0.0,valve1,1.csv
2020-03-09 10:44:55,0.0,valve1,1.csv
2020-03-09 10:44:56,0.0,valve1,1.csv
2020-03-09 10:44:57,0.0,valve1,1.csv
2020-03-09 10:44:58,0.0,valve1,1.csv
2020-03-09 10:44:59,0.0,valve1,1.csv
2020-03-09 10:45:00,0.0,valve1,1.csv
2020-03-09 10:45:01,0.0,valve1,1.csv
2020-03-09 10:45:02,0.0,valve1,1.csv
2020-03-09 10:45:03,0.0,valve1,1.csv
2020-03-09 10:45:04,0.0,valve1,1.csv
2020-03-09 10:45:05,0.0,valve1,1.csv
2020-03-09 10:45:06,0.0,valve1,1.csv
2020-03-09 10:45:07,0.0,valve1,1.csv
2020-03-09 10:45:08,0.0,valve1,1.csv
2020-03-09 10:45:09,0.0,valve1,1.csv
2020-03-09 10:45:11,0.0,valve1,1.csv
2020-03-09 10:45:12,0.0,valve1,1.csv
2020-03-09 10:45:13,0.0,valve1,1.csv
2020-03-09 10:45:14,0.0,valve1,1.csv
2020-03-09 10:45:15,0.0,valve1,1.csv
2020-03-09 10:45:16,0.0,valve1,1.csv
2020-03-09 10:45:17,0.0,valve1,1.csv
2020-03-09 10:45:18,0.0,valve1,1.csv
2020-03-09 10:45:19,0.0,valve1,1.csv
2020-03-09 10:45:20,0.0,valve1,1.csv
2020-03-09 10:45:21,0.0,valve1,1.csv
2020-03-09 10:45:22,0.0,valve1,1.csv
2020-03-09 10:45:23,0.0,valve1,1.csv
2020-03-09 10:45:24,0.0,valve1,1.csv
2020-03-09 10:45:25,0.0,valve1,1.csv
2020-03-09 10:45:26,0.0,valve1,1.csv
2020-03-09 10:45:27,0.0,valve1,1.csv
2020-03-09 10:45:28,0.0,valve1,1.csv
2020-03-09 10:45:29,0.0,valve1,1.csv
2020-03-09 10:45:30,0.0,valve1,1.csv
2020-03-09 10:45:32,0.0,valve1,1.csv
2020-03-09 10:45:33,1.0,valve1,1.csv
2020-03-09 10:45:34,0.0,valve1,1.csv
2020-03-09 10:45:35,0.0,valve1,1.csv
2020-03-09 10:45:36,0.0,valve1,1.csv
2020-03-09 10:45:37,0.0,valve1,1.csv
2020-03-09 10:45:38,0.0,valve1,1.csv
2020-03-09 10:45:39,0.0,valve1,1.csv
2020-03-09 10:45:40,0.0,valve1,1.csv
2020-03-09 10:45:41,0.0,valve1,1.csv
2020-03-09 10:45:42,0.0,valve1,1.csv
2020-03-09 10:45:43,0.0,valve1,1.csv
2020-03-09 10:45:44,0.0,valve1,1.csv
2020-03-09 10:45:45,0.0,valve1,1.csv
2020-03-09 10:45:46,0.0,valve1,1.csv
2020-03-09 10:45:47,0.0,valve1,1.csv
2020-03-09 10:45:48,0.0,valve1,1.csv
2020-03-09 10:45:49,0.0,valve1,1.csv
2020-03-09 10:45:50,0.0,valve1,1.csv
2020-03-09 10:45:51,0.0,valve1,1.csv
2020-03-09 10:45:53,0.0,valve1,1.csv
2020-03-09 10:45:54,0.0,valve1,1.csv
2020-03-09 10:45:55,0.0,valve1,1.csv
2020-03-09 10:45:56,0.0,valve1,1.csv
2020-03-09 10:45:57,0.0,valve1,1.csv
2020-03-09 10:45:58,0.0,valve1,1.csv
2020-03-09 10:45:59,0.0,valve1,1.csv
2020-03-09 10:46:00,0.0,valve1,1.csv
2020-03-09 10:46:01,0.0,valve1,1.csv
2020-03-09 10:46:02,0.0,valve1,1.csv
2020-03-09 10:46:03,0.0,valve1,1.csv
2020-03-09 10:46:04,0.0,valve1,1.csv
2020-03-09 10:46:05,0.0,valve1,1.csv
2020-03-09 10:46:06,0.0,valve1,1.csv
2020-03-09 10:46:07,0.0,valve1,1.csv
2020-03-09 10:46:08,0.0,valve1,1.csv
2020-03-09 10:46:09,0.0,valve1,1.csv
2020-03-09 10:46:10,0.0,valve1,1.csv
2020-03-09 10:46:11,0.0,valve1,1.csv
2020-03-09 10:46:12,0.0,valve1,1.csv
2020-03-09 10:46:14,0.0,valve1,1.csv
2020-03-09 10:46:15,0.0,valve1,1.csv
2020-03-09 10:46:16,0.0,valve1,1.csv
2020-03-09 10:46:17,0.0,valve1,1.csv
2020-03-09 10:46:18,0.0,valve1,1.csv
2020-03-09 10:46:19,0.0,valve1,1.csv
2020-03-09 10:46:20,0.0,valve1,1.csv
2020-03-09 10:46:21,0.0,valve1,1.csv
2020-03-09 10:46:22,0.0,valve1,1.csv
2020-03-09 10:46:23,0.0,valve1,1.csv
2020-03-09 10:46:24,0.0,valve1,1.csv
2020-03-09 10:46:25,0.0,valve1,1.csv
2020-03-09 10:46:26,0.0,valve1,1.csv
2020-03-09 10:46:27,0.0,valve1,1.csv
2020-03-09 10:46:28,0.0,valve1,1.csv
2020-03-09 10:46:29,0.0,valve1,1.csv
2020-03-09 10:46:30,0.0,valve1,1.csv
2020-03-09 10:46:31,0.0,valve1,1.csv
2020-03-09 10:46:32,0.0,valve1,1.csv
2020-03-09 10:46:33,0.0,valve1,1.csv
2020-03-09 10:46:34,0.0,valve1,1.csv
2020-03-09 10:46:35,0.0,valve1,1.csv
2020-03-09 10:46:37,0.0,valve1,1.csv
2020-03-09 10:46:38,0.0,valve1,1.csv
2020-03-09 10:46:39,0.0,valve1,1.csv
2020-03-09 10:46:40,0.0,valve1,1.csv
2020-03-09 10:46:41,0.0,valve1,1.csv
2020-03-09 10:46:42,0.0,valve1,1.csv
2020-03-09 10:46:43,0.0,valve1,1.csv
2020-03-09 10:46:44,0.0,valve1,1.csv
2020-03-09 10:46:45,0.0,valve1,1.csv
2020-03-09 10:46:46,0.0,valve1,1.csv
2020-03-09 10:46:47,0.0,valve1,1.csv
2020-03-09 10:46:48,0.0,valve1,1.csv
2020-03-09 10:46:49,0.0,valve1,1.csv
2020-03-09 10:46:50,0.0,valve1,1.csv
2020-03-09 10:46:51,0.0,valve1,1.csv
2020-03-09 10:46:52,0.0,valve1,1.csv
2020-03-09 10:46:53,0.0,valve1,1.csv
2020-03-09 10:46:54,0.0,valve1,1.csv
2020-03-09 10:46:55,0.0,valve1,1.csv
2020-03-09 10:46:56,0.0,valve1,1.csv
2020-03-09 10:46:57,0.0,valve1,1.csv
2020-03-09 10:46:59,0.0,valve1,1.csv
2020-03-09 10:47:00,0.0,valve1,1.csv
2020-03-09 10:47:01,0.0,valve1,1.csv
2020-03-09 10:47:02,0.0,valve1,1.csv
2020-03-09 10:47:03,0.0,valve1,1.csv
2020-03-09 10:47:04,0.0,valve1,1.csv
2020-03-09 10:47:05,0.0,valve1,1.csv
2020-03-09 10:47:06,0.0,valve1,1.csv
2020-03-09 10:47:07,0.0,valve1,1.csv
2020-03-09 10:47:08,0.0,valve1,1.csv
2020-03-09 10:47:09,0.0,valve1,1.csv
2020-03-09 10:47:10,0.0,valve1,1.csv
2020-03-09 10:47:11,0.0,valve1,1.csv
2020-03-09 10:47:12,0.0,valve1,1.csv
2020-03-09 10:47:13,0.0,valve1,1.csv
2020-03-09 10:47:14,0.0,valve1,1.csv
2020-03-09 10:47:15,0.0,valve1,1.csv
2020-03-09 10:47:16,0.0,valve1,1.csv
2020-03-09 10:47:17,0.0,valve1,1.csv
2020-03-09 10:47:18,0.0,valve1,1.csv
2020-03-09 10:47:19,0.0,valve1,1.csv
2020-03-09 10:47:20,0.0,valve1,1.csv
2020-03-09 10:47:21,0.0,valve1,1.csv
2020-03-09 10:47:23,0.0,valve1,1.csv
2020-03-09 10:47:24,0.0,valve1,1.csv
2020-03-09 10:47:25,0.0,valve1,1.csv
2020-03-09 10:47:26,0.0,valve1,1.csv
2020-03-09 10:47:27,0.0,valve1,1.csv
2020-03-09 10:47:28,0.0,valve1,1.csv
2020-03-09 10:47:29,0.0,valve1,1.csv
2020-03-09 10:47:30,0.0,valve1,1.csv
2020-03-09 10:47:31,0.0,valve1,1.csv
2020-03-09 10:47:32,0.0,valve1,1.csv
2020-03-09 10:47:33,0.0,valve1,1.csv
2020-03-09 10:47:34,0.0,valve1,1.csv
2020-03-09 10:47:35,0.0,valve1,1.csv
2020-03-09 10:47:36,0.0,valve1,1.csv
2020-03-09 10:47:37,0.0,valve1,1.csv
2020-03-09 10:47:38,0.0,valve1,1.csv
2020-03-09 10:47:39,0.0,valve1,1.csv
2020-03-09 10:47:40,0.0,valve1,1.csv
2020-03-09 10:47:42,0.0,valve1,1.csv
2020-03-09 10:47:43,0.0,valve1,1.csv
2020-03-09 10:47:44,0.0,valve1,1.csv
2020-03-09 10:47:45,0.0,valve1,1.csv
2020-03-09 10:47:46,0.0,valve1,1.csv
2020-03-09 10:47:47,0.0,valve1,1.csv
2020-03-09 10:47:48,0.0,valve1,1.csv
2020-03-09 10:47:49,0.0,valve1,1.csv
2020-03-09 10:47:50,0.0,valve1,1.csv
2020-03-09 10:47:51,0.0,valve1,1.csv
2020-03-09 10:47:52,0.0,valve1,1.csv
2020-03-09 10:47:53,0.0,valve1,1.csv
2020-03-09 10:47:54,0.0,valve1,1.csv
2020-03-09 10:47:55,0.0,valve1,1.csv
2020-03-09 10:47:56,0.0,valve1,1.csv
2020-03-09 10:47:57,0.0,valve1,1.csv
2020-03-09 10:47:58,0.0,valve1,1.csv
2020-03-09 10:47:59,0.0,valve1,1.csv
2020-03-09 10:48:00,0.0,valve1,1.csv
2020-03-09 10:48:01,0.0,valve1,1.csv
2020-03-09 10:48:02,0.0,valve1,1.csv
2020-03-09 10:48:04,0.0,valve1,1.csv
2020-03-09 10:48:05,0.0,valve1,1.csv
2020-03-09 10:48:06,0.0,valve1,1.csv
2020-03-09 10:48:07,0.0,valve1,1.csv
2020-03-09 10:48:08,0.0,valve1,1.csv
2020-03-09 10:48:09,0.0,valve1,1.csv
2020-03-09 10:48:10,0.0,valve1,1.csv
2020-03-09 10:48:11,0.0,valve1,1.csv
2020-03-09 10:48:12,0.0,valve1,1.csv
2020-03-09 10:48:13,0.0,valve1,1.csv
2020-03-09 10:48:14,0.0,valve1,1.csv
2020-03-09 10:48:15,0.0,valve1,1.csv
2020-03-09 10:48:16,0.0,valve1,1.csv
2020-03-09 10:48:17,0.0,valve1,1.csv
2020-03-09 10:48:18,0.0,valve1,1.csv
2020-03-09 10:48:19,0.0,valve1,1.csv
2020-03-09 10:48:20,0.0,valve1,1.csv
2020-03-09 10:48:21,0.0,valve1,1.csv
2020-03-09 10:48:22,0.0,valve1,1.csv
2020-03-09 10:48:23,0.0,valve1,1.csv
2020-03-09 10:48:24,0.0,valve1,1.csv
2020-03-09 10:48:25,0.0,valve1,1.csv
2020-03-09 10:48:26,0.0,valve1,1.csv
2020-03-09 10:48:28,0.0,valve1,1.csv
2020-03-09 10:48:29,0.0,valve1,1.csv
2020-03-09 10:48:30,0.0,valve1,1.csv
2020-03-09 10:48:31,0.0,valve1,1.csv
2020-03-09 10:48:32,0.0,valve1,1.csv
2020-03-09 10:48:33,0.0,valve1,1.csv
2020-03-09 10:48:34,0.0,valve1,1.csv
2020-03-09 10:48:35,0.0,valve1,1.csv
2020-03-09 10:48:36,0.0,valve1,1.csv
2020-03-09 10:48:37,0.0,valve1,1.csv
2020-03-09 10:48:38,0.0,valve1,1.csv
2020-03-09 10:48:39,0.0,valve1,1.csv
2020-03-09 10:48:40,0.0,valve1,1.csv
2020-03-09 10:48:41,0.0,valve1,1.csv
2020-03-09 10:48:42,0.0,valve1,1.csv
2020-03-09 10:48:43,0.0,valve1,1.csv
2020-03-09 10:48:44,0.0,valve1,1.csv
2020-03-09 10:48:45,0.0,valve1,1.csv
2020-03-09 10:48:46,0.0,valve1,1.csv
2020-03-09 10:48:47,0.0,valve1,1.csv
2020-03-09 10:48:48,0.0,valve1,1.csv
2020-03-09 10:48:49,0.0,valve1,1.csv
2020-03-09 10:48:51,0.0,valve1,1.csv
2020-03-09 10:48:52,0.0,valve1,1.csv
2020-03-09 10:48:53,0.0,valve1,1.csv
2020-03-09 10:48:54,0.0,valve1,1.csv
2020-03-09 10:48:55,0.0,valve1,1.csv
2020-03-09 10:48:56,0.0,valve1,1.csv
2020-03-09 10:48:57,0.0,valve1,1.csv
2020-03-09 10:48:58,0.0,valve1,1.csv
2020-03-09 10:48:59,0.0,valve1,1.csv
2020-03-09 10:49:00,0.0,valve1,1.csv
2020-03-09 10:49:01,0.0,valve1,1.csv
2020-03-09 10:49:02,0.0,valve1,1.csv
2020-03-09 10:49:03,0.0,valve1,1.csv
2020-03-09 10:49:04,0.0,valve1,1.csv
2020-03-09 10:49:05,0.0,valve1,1.csv
2020-03-09 10:49:06,0.0,valve1,1.csv
2020-03-09 10:49:07,0.0,valve1,1.csv
2020-03-09 10:49:08,0.0,valve1,1.csv
2020-03-09 10:49:09,0.0,valve1,1.csv
2020-03-09 10:49:10,0.0,valve1,1.csv
2020-03-09 10:49:11,0.0,valve1,1.csv
2020-03-09 10:49:13,0.0,valve1,1.csv
2020-03-09 10:49:14,0.0,valve1,1.csv
2020-03-09 10:49:15,0.0,valve1,1.csv
2020-03-09 10:49:16,0.0,valve1,1.csv
2020-03-09 10:49:17,0.0,valve1,1.csv
2020-03-09 10:49:18,0.0,valve1,1.csv
2020-03-09 10:49:19,0.0,valve1,1.csv
2020-03-09 10:49:20,0.0,valve1,1.csv
2020-03-09 10:49:21,0.0,valve1,1.csv
2020-03-09 10:49:22,0.0,valve1,1.csv
2020-03-09 10:49:23,0.0,valve1,1.csv
2020-03-09 10:49:24,0.0,valve1,1.csv
2020-03-09 10:49:25,0.0,valve1,1.csv
2020-03-09 10:49:26,0.0,valve1,1.csv
2020-03-09 10:49:27,0.0,valve1,1.csv
2020-03-09 10:49:28,0.0,valve1,1.csv
2020-03-09 10:49:29,0.0,valve1,1.csv
2020-03-09 10:49:30,0.0,valve1,1.csv
2020-03-09 10:49:31,0.0,valve1,1.csv
2020-03-09 10:49:32,0.0,valve1,1.csv
2020-03-09 10:49:33,0.0,valve1,1.csv
2020-03-09 10:49:34,0.0,valve1,1.csv
2020-03-09 10:49:36,0.0,valve1,1.csv
2020-03-09 10:49:37,0.0,valve1,1.csv
2020-03-09 10:49:38,0.0,valve1,1.csv
2020-03-09 10:49:39,0.0,valve1,1.csv
2020-03-09 10:49:40,0.0,valve1,1.csv
2020-03-09 10:49:41,0.0,valve1,1.csv
2020-03-09 10:49:42,0.0,valve1,1.csv
2020-03-09 10:49:43,0.0,valve1,1.csv
2020-03-09 10:49:44,0.0,valve1,1.csv
2020-03-09 10:49:45,0.0,valve1,1.csv
2020-03-09 10:49:46,0.0,valve1,1.csv
2020-03-09 10:49:47,0.0,valve1,1.csv
2020-03-09 10:49:48,0.0,valve1,1.csv
2020-03-09 10:49:49,0.0,valve1,1.csv
2020-03-09 10:49:50,0.0,valve1,1.csv
2020-03-09 10:49:51,0.0,valve1,1.csv
2020-03-09 10:49:52,0.0,valve1,1.csv
2020-03-09 10:49:53,0.0,valve1,1.csv
2020-03-09 10:49:54,0.0,valve1,1.csv
2020-03-09 10:49:55,0.0,valve1,1.csv
2020-03-09 10:49:56,0.0,valve1,1.csv
2020-03-09 10:49:57,0.0,valve1,1.csv
2020-03-09 10:49:59,0.0,valve1,1.csv
2020-03-09 10:50:00,0.0,valve1,1.csv
2020-03-09 10:50:01,0.0,valve1,1.csv
2020-03-09 10:50:02,0.0,valve1,1.csv
2020-03-09 10:50:03,0.0,valve1,1.csv
2020-03-09 10:50:04,0.0,valve1,1.csv
2020-03-09 10:50:05,0.0,valve1,1.csv
2020-03-09 10:50:06,0.0,valve1,1.csv
2020-03-09 10:50:07,0.0,valve1,1.csv
2020-03-09 10:50:08,0.0,valve1,1.csv
2020-03-09 10:50:09,0.0,valve1,1.csv
2020-03-09 10:50:10,0.0,valve1,1.csv
2020-03-09 10:50:11,0.0,valve1,1.csv
2020-03-09 10:50:12,0.0,valve1,1.csv
2020-03-09 10:50:13,0.0,valve1,1.csv
2020-03-09 10:50:14,0.0,valve1,1.csv
2020-03-09 10:50:15,0.0,valve1,1.csv
2020-03-09 10:50:16,0.0,valve1,1.csv
2020-03-09 10:50:17,0.0,valve1,1.csv
2020-03-09 10:50:18,0.0,valve1,1.csv
2020-03-09 10:50:20,0.0,valve1,1.csv
2020-03-09 10:50:21,0.0,valve1,1.csv
2020-03-09 10:50:22,0.0,valve1,1.csv
2020-03-09 10:50:23,0.0,valve1,1.csv
2020-03-09 10:50:24,0.0,valve1,1.csv
2020-03-09 10:50:25,0.0,valve1,1.csv
2020-03-09 10:50:26,0.0,valve1,1.csv
2020-03-09 10:50:27,0.0,valve1,1.csv
2020-03-09 10:50:28,0.0,valve1,1.csv
2020-03-09 10:50:29,0.0,valve1,1.csv
2020-03-09 10:50:30,0.0,valve1,1.csv
2020-03-09 10:50:31,0.0,valve1,1.csv
2020-03-09 10:50:32,0.0,valve1,1.csv
2020-03-09 10:50:33,1.0,valve1,1.csv
2020-03-09 10:50:34,0.0,valve1,1.csv
2020-03-09 10:50:35,0.0,valve1,1.csv
2020-03-09 10:50:36,0.0,valve1,1.csv
2020-03-09 10:50:37,0.0,valve1,1.csv
2020-03-09 10:50:38,0.0,valve1,1.csv
2020-03-09 10:50:39,0.0,valve1,1.csv
2020-03-09 10:50:40,0.0,valve1,1.csv
2020-03-09 10:50:42,0.0,valve1,1.csv
2020-03-09 10:50:43,0.0,valve1,1.csv
2020-03-09 10:50:44,0.0,valve1,1.csv
2020-03-09 10:50:45,0.0,valve1,1.csv
2020-03-09 10:50:46,0.0,valve1,1.csv
2020-03-09 10:50:47,0.0,valve1,1.csv
2020-03-09 10:50:48,0.0,valve1,1.csv
2020-03-09 10:50:49,0.0,valve1,1.csv
2020-03-09 10:50:50,0.0,valve1,1.csv
2020-03-09 10:50:51,0.0,valve1,1.csv
2020-03-09 10:50:52,0.0,valve1,1.csv
2020-03-09 10:50:53,0.0,valve1,1.csv
2020-03-09 10:50:54,0.0,valve1,1.csv
2020-03-09 10:50:55,0.0,valve1,1.csv
2020-03-09 10:50:56,0.0,valve1,1.csv
2020-03-09 10:50:57,0.0,valve1,1.csv
2020-03-09 10:50:58,0.0,valve1,1.csv
2020-03-09 10:50:59,0.0,valve1,1.csv
2020-03-09 10:51:01,0.0,valve1,1.csv
2020-03-09 10:51:02,0.0,valve1,1.csv
2020-03-09 10:51:03,0.0,valve1,1.csv
2020-03-09 10:51:04,0.0,valve1,1.csv
2020-03-09 10:51:05,0.0,valve1,1.csv
2020-03-09 10:51:06,0.0,valve1,1.csv
2020-03-09 10:51:07,0.0,valve1,1.csv
2020-03-09 10:51:08,0.0,valve1,1.csv
2020-03-09 10:51:09,0.0,valve1,1.csv
2020-03-09 10:51:10,0.0,valve1,1.csv
2020-03-09 10:51:11,0.0,valve1,1.csv
2020-03-09 10:51:12,0.0,valve1,1.csv
2020-03-09 10:51:13,0.0,valve1,1.csv
2020-03-09 10:51:14,0.0,valve1,1.csv
2020-03-09 10:51:15,0.0,valve1,1.csv
2020-03-09 10:51:16,0.0,valve1,1.csv
2020-03-09 10:51:17,0.0,valve1,1.csv
2020-03-09 10:51:18,0.0,valve1,1.csv
2020-03-09 10:51:19,0.0,valve1,1.csv
2020-03-09 10:51:21,0.0,valve1,1.csv
2020-03-09 10:51:22,0.0,valve1,1.csv
2020-03-09 10:51:23,0.0,valve1,1.csv
2020-03-09 10:51:24,0.0,valve1,1.csv
2020-03-09 10:51:25,0.0,valve1,1.csv
2020-03-09 10:51:26,0.0,valve1,1.csv
2020-03-09 10:51:27,0.0,valve1,1.csv
2020-03-09 10:51:28,0.0,valve1,1.csv
2020-03-09 10:51:29,0.0,valve1,1.csv
2020-03-09 10:51:30,0.0,valve1,1.csv
2020-03-09 10:51:31,0.0,valve1,1.csv
2020-03-09 10:51:32,0.0,valve1,1.csv
2020-03-09 10:51:33,0.0,valve1,1.csv
2020-03-09 10:51:34,1.0,valve1,1.csv
2020-03-09 10:51:35,0.0,valve1,1.csv
2020-03-09 10:51:36,0.0,valve1,1.csv
2020-03-09 10:51:37,0.0,valve1,1.csv
2020-03-09 10:51:38,0.0,valve1,1.csv
2020-03-09 10:51:39,0.0,valve1,1.csv
2020-03-09 10:51:41,0.0,valve1,1.csv
2020-03-09 10:51:42,0.0,valve1,1.csv
2020-03-09 10:51:43,0.0,valve1,1.csv
2020-03-09 10:51:44,0.0,valve1,1.csv
2020-03-09 10:51:45,0.0,valve1,1.csv
2020-03-09 10:51:46,0.0,valve1,1.csv
2020-03-09 10:51:47,0.0,valve1,1.csv
2020-03-09 10:51:48,0.0,valve1,1.csv
2020-03-09 10:51:49,0.0,valve1,1.csv
2020-03-09 10:51:50,0.0,valve1,1.csv
2020-03-09 10:51:51,0.0,valve1,1.csv
2020-03-09 10:51:52,0.0,valve1,1.csv
2020-03-09 10:51:53,0.0,valve1,1.csv
2020-03-09 10:51:54,0.0,valve1,1.csv
2020-03-09 10:51:55,0.0,valve1,1.csv
2020-03-09 10:51:56,0.0,valve1,1.csv
2020-03-09 10:51:57,0.0,valve1,1.csv
2020-03-09 10:51:58,0.0,valve1,1.csv
2020-03-09 10:52:00,0.0,valve1,1.csv
2020-03-09 10:52:01,0.0,valve1,1.csv
2020-03-09 10:52:02,0.0,valve1,1.csv
2020-03-09 10:52:03,0.0,valve1,1.csv
2020-03-09 10:52:04,0.0,valve1,1.csv
2020-03-09 10:52:05,0.0,valve1,1.csv
2020-03-09 10:52:06,0.0,valve1,1.csv
2020-03-09 10:52:07,0.0,valve1,1.csv
2020-03-09 10:52:08,0.0,valve1,1.csv
2020-03-09 10:52:09,0.0,valve1,1.csv
2020-03-09 10:52:10,0.0,valve1,1.csv
2020-03-09 10:52:11,0.0,valve1,1.csv
2020-03-09 10:52:12,0.0,valve1,1.csv
2020-03-09 10:52:13,0.0,valve1,1.csv
2020-03-09 10:52:14,0.0,valve1,1.csv
2020-03-09 10:52:15,0.0,valve1,1.csv
2020-03-09 10:52:16,0.0,valve1,1.csv
2020-03-09 10:52:17,0.0,valve1,1.csv
2020-03-09 10:52:19,0.0,valve1,1.csv
2020-03-09 10:52:20,0.0,valve1,1.csv
2020-03-09 10:52:21,0.0,valve1,1.csv
2020-03-09 10:52:22,0.0,valve1,1.csv
2020-03-09 10:52:23,0.0,valve1,1.csv
2020-03-09 10:52:24,0.0,valve1,1.csv
2020-03-09 10:52:25,0.0,valve1,1.csv
2020-03-09 10:52:26,0.0,valve1,1.csv
2020-03-09 10:52:27,0.0,valve1,1.csv
2020-03-09 10:52:28,0.0,valve1,1.csv
2020-03-09 10:52:29,0.0,valve1,1.csv
2020-03-09 10:52:30,0.0,valve1,1.csv
2020-03-09 10:52:31,0.0,valve1,1.csv
2020-03-09 10:52:32,0.0,valve1,1.csv
2020-03-09 10:52:33,0.0,valve1,1.csv
2020-03-09 10:52:34,0.0,valve1,1.csv
2020-03-09 10:52:35,0.0,valve1,1.csv
2020-03-09 10:52:36,0.0,valve1,1.csv
2020-03-09 10:52:37,0.0,valve1,1.csv
2020-03-09 10:52:38,0.0,valve1,1.csv
2020-03-09 10:52:40,0.0,valve1,1.csv
2020-03-09 10:52:41,0.0,valve1,1.csv
2020-03-09 10:52:42,0.0,valve1,1.csv
2020-03-09 10:52:43,0.0,valve1,1.csv
2020-03-09 10:52:44,0.0,valve1,1.csv
2020-03-09 10:52:45,0.0,valve1,1.csv
2020-03-09 10:52:46,0.0,valve1,1.csv
2020-03-09 10:52:47,0.0,valve1,1.csv
2020-03-09 10:52:48,0.0,valve1,1.csv
2020-03-09 10:52:49,0.0,valve1,1.csv
2020-03-09 10:52:50,0.0,valve1,1.csv
2020-03-09 10:52:51,0.0,valve1,1.csv
2020-03-09 10:52:52,0.0,valve1,1.csv
2020-03-09 10:52:53,0.0,valve1,1.csv
2020-03-09 10:52:54,0.0,valve1,1.csv
2020-03-09 10:52:55,0.0,valve1,1.csv
2020-03-09 10:52:56,0.0,valve1,1.csv
2020-03-09 10:52:57,0.0,valve1,1.csv
2020-03-09 10:52:58,0.0,valve1,1.csv
2020-03-09 10:52:59,0.0,valve1,1.csv
2020-03-09 10:53:01,0.0,valve1,1.csv
2020-03-09 10:53:02,0.0,valve1,1.csv
2020-03-09 10:53:03,0.0,valve1,1.csv
2020-03-09 10:53:04,0.0,valve1,1.csv
2020-03-09 10:53:05,0.0,valve1,1.csv
2020-03-09 10:53:06,0.0,valve1,1.csv
2020-03-09 10:53:07,0.0,valve1,1.csv
2020-03-09 10:53:08,0.0,valve1,1.csv
2020-03-09 10:53:09,0.0,valve1,1.csv
2020-03-09 10:53:10,0.0,valve1,1.csv
2020-03-09 10:53:11,0.0,valve1,1.csv
2020-03-09 10:53:12,0.0,valve1,1.csv
2020-03-09 10:53:13,0.0,valve1,1.csv
2020-03-09 10:53:14,0.0,valve1,1.csv
2020-03-09 10:53:15,0.0,valve1,1.csv
2020-03-09 10:53:16,0.0,valve1,1.csv
2020-03-09 10:53:17,0.0,valve1,1.csv
2020-03-09 10:53:18,0.0,valve1,1.csv
2020-03-09 10:53:19,0.0,valve1,1.csv
2020-03-09 10:53:20,0.0,valve1,1.csv
2020-03-09 10:53:22,0.0,valve1,1.csv
2020-03-09 10:53:23,0.0,valve1,1.csv
2020-03-09 10:53:24,0.0,valve1,1.csv
2020-03-09 10:53:25,0.0,valve1,1.csv
2020-03-09 10:53:26,0.0,valve1,1.csv
2020-03-09 10:53:27,0.0,valve1,1.csv
2020-03-09 10:53:28,0.0,valve1,1.csv
2020-03-09 10:53:29,0.0,valve1,1.csv
2020-03-09 10:53:30,0.0,valve1,1.csv
2020-03-09 10:53:31,0.0,valve1,1.csv
2020-03-09 10:53:32,0.0,valve1,1.csv
2020-03-09 10:53:33,0.0,valve1,1.csv
2020-03-09 10:53:34,0.0,valve1,1.csv
2020-03-09 10:53:35,0.0,valve1,1.csv
2020-03-09 10:53:36,0.0,valve1,1.csv
2020-03-09 10:53:37,0.0,valve1,1.csv
2020-03-09 10:53:38,0.0,valve1,1.csv
2020-03-09 10:53:39,0.0,valve1,1.csv
2020-03-09 10:53:40,0.0,valve1,1.csv
2020-03-09 10:53:41,0.0,valve1,1.csv
2020-03-09 10:53:43,0.0,valve1,1.csv
2020-03-09 10:53:44,0.0,valve1,1.csv
2020-03-09 10:53:45,0.0,valve1,1.csv
2020-03-09 10:53:46,0.0,valve1,1.csv
2020-03-09 10:53:47,0.0,valve1,1.csv
2020-03-09 10:53:48,0.0,valve1,1.csv
2020-03-09 10:53:49,0.0,valve1,1.csv
2020-03-09 10:53:50,0.0,valve1,1.csv
2020-03-09 10:53:51,0.0,valve1,1.csv
2020-03-09 10:53:52,0.0,valve1,1.csv
2020-03-09 10:53:53,0.0,valve1,1.csv
2020-03-09 10:53:54,0.0,valve1,1.csv
2020-03-09 10:53:55,0.0,valve1,1.csv
2020-03-09 10:53:56,0.0,valve1,1.csv
2020-03-09 10:53:57,0.0,valve1,1.csv
2020-03-09 10:53:58,0.0,valve1,1.csv
2020-03-09 10:53:59,0.0,valve1,1.csv
2020-03-09 10:54:00,0.0,valve1,1.csv
2020-03-09 10:54:01,0.0,valve1,1.csv
2020-03-09 10:54:02,0.0,valve1,1.csv
2020-03-09 10:54:03,0.0,valve1,1.csv
2020-03-09 10:54:04,0.0,valve1,1.csv
2020-03-09 10:54:06,0.0,valve1,1.csv
2020-03-09 10:54:07,0.0,valve1,1.csv
2020-03-09 10:54:08,0.0,valve1,1.csv
2020-03-09 10:54:09,0.0,valve1,1.csv
2020-03-09 10:54:10,0.0,valve1,1.csv
2020-03-09 10:54:11,0.0,valve1,1.csv
2020-03-09 10:54:12,0.0,valve1,1.csv
2020-03-09 10:54:13,0.0,valve1,1.csv
2020-03-09 10:54:14,0.0,valve1,1.csv
2020-03-09 10:54:15,0.0,valve1,1.csv
2020-03-09 10:54:16,0.0,valve1,1.csv
2020-03-09 10:54:17,0.0,valve1,1.csv
2020-03-09 10:54:18,0.0,valve1,1.csv
2020-03-09 10:54:19,0.0,valve1,1.csv
2020-03-09 10:54:20,0.0,valve1,1.csv
2020-03-09 10:54:21,0.0,valve1,1.csv
2020-03-09 10:54:22,0.0,valve1,1.csv
2020-03-09 10:54:23,0.0,valve1,1.csv
2020-03-09 10:54:24,0.0,valve1,1.csv
2020-03-09 10:54:25,0.0,valve1,1.csv
2020-03-09 10:54:26,0.0,valve1,1.csv
2020-03-09 10:54:28,0.0,valve1,1.csv
2020-03-09 10:54:29,0.0,valve1,1.csv
2020-03-09 10:54:30,0.0,valve1,1.csv
2020-03-09 10:54:31,0.0,valve1,1.csv
2020-03-09 10:54:32,0.0,valve1,1.csv
2020-03-09 10:54:33,0.0,valve1,1.csv
2020-03-09 13:34:39,0.0,valve1,10.csv
2020-03-09 13:34:40,0.0,valve1,10.csv
2020-03-09 13:34:41,0.0,valve1,10.csv
2020-03-09 13:34:43,0.0,valve1,10.csv
2020-03-09 13:34:44,0.0,valve1,10.csv
2020-03-09 13:34:45,0.0,valve1,10.csv
2020-03-09 13:34:46,0.0,valve1,10.csv
2020-03-09 13:34:47,0.0,valve1,10.csv
2020-03-09 13:34:48,0.0,valve1,10.csv
2020-03-09 13:34:49,0.0,valve1,10.csv
2020-03-09 13:34:50,0.0,valve1,10.csv
2020-03-09 13:34:51,0.0,valve1,10.csv
2020-03-09 13:34:52,0.0,valve1,10.csv
2020-03-09 13:34:53,0.0,valve1,10.csv
2020-03-09 13:34:54,0.0,valve1,10.csv
2020-03-09 13:34:55,0.0,valve1,10.csv
2020-03-09 13:34:56,0.0,valve1,10.csv
2020-03-09 13:34:57,0.0,valve1,10.csv
2020-03-09 13:34:58,0.0,valve1,10.csv
2020-03-09 13:34:59,0.0,valve1,10.csv
2020-03-09 13:35:00,0.0,valve1,10.csv
2020-03-09 13:35:01,0.0,valve1,10.csv
2020-03-09 13:35:02,0.0,valve1,10.csv
2020-03-09 13:35:03,0.0,valve1,10.csv
2020-03-09 13:35:04,0.0,valve1,10.csv
2020-03-09 13:35:05,0.0,valve1,10.csv
2020-03-09 13:35:07,0.0,valve1,10.csv
2020-03-09 13:35:08,0.0,valve1,10.csv
2020-03-09 13:35:09,0.0,valve1,10.csv
2020-03-09 13:35:10,0.0,valve1,10.csv
2020-03-09 13:35:11,0.0,valve1,10.csv
2020-03-09 13:35:12,0.0,valve1,10.csv
2020-03-09 13:35:13,0.0,valve1,10.csv
2020-03-09 13:35:14,0.0,valve1,10.csv
2020-03-09 13:35:15,0.0,valve1,10.csv
2020-03-09 13:35:16,0.0,valve1,10.csv
2020-03-09 13:35:17,0.0,valve1,10.csv
2020-03-09 13:35:18,0.0,valve1,10.csv
2020-03-09 13:35:19,0.0,valve1,10.csv
2020-03-09 13:35:20,0.0,valve1,10.csv
2020-03-09 13:35:21,0.0,valve1,10.csv
2020-03-09 13:35:22,0.0,valve1,10.csv
2020-03-09 13:35:23,0.0,valve1,10.csv
2020-03-09 13:35:24,0.0,valve1,10.csv
2020-03-09 13:35:25,0.0,valve1,10.csv
2020-03-09 13:35:26,0.0,valve1,10.csv
2020-03-09 13:35:27,0.0,valve1,10.csv
2020-03-09 13:35:28,0.0,valve1,10.csv
2020-03-09 13:35:29,0.0,valve1,10.csv
2020-03-09 13:35:31,0.0,valve1,10.csv
2020-03-09 13:35:32,0.0,valve1,10.csv
2020-03-09 13:35:33,0.0,valve1,10.csv
2020-03-09 13:35:34,0.0,valve1,10.csv
2020-03-09 13:35:35,0.0,valve1,10.csv
2020-03-09 13:35:36,0.0,valve1,10.csv
2020-03-09 13:35:37,0.0,valve1,10.csv
2020-03-09 13:35:38,0.0,valve1,10.csv
2020-03-09 13:35:39,0.0,valve1,10.csv
2020-03-09 13:35:40,0.0,valve1,10.csv
2020-03-09 13:35:41,0.0,valve1,10.csv
2020-03-09 13:35:42,0.0,valve1,10.csv
2020-03-09 13:35:43,0.0,valve1,10.csv
2020-03-09 13:35:44,0.0,valve1,10.csv
2020-03-09 13:35:46,0.0,valve1,10.csv
2020-03-09 13:35:47,0.0,valve1,10.csv
2020-03-09 13:35:48,0.0,valve1,10.csv
2020-03-09 13:35:49,0.0,valve1,10.csv
2020-03-09 13:35:50,0.0,valve1,10.csv
2020-03-09 13:35:51,0.0,valve1,10.csv
2020-03-09 13:35:52,0.0,valve1,10.csv
2020-03-09 13:35:53,0.0,valve1,10.csv
2020-03-09 13:35:54,0.0,valve1,10.csv
2020-03-09 13:35:55,0.0,valve1,10.csv
2020-03-09 13:35:56,0.0,valve1,10.csv
2020-03-09 13:35:57,0.0,valve1,10.csv
2020-03-09 13:35:58,0.0,valve1,10.csv
2020-03-09 13:35:59,0.0,valve1,10.csv
2020-03-09 13:36:00,0.0,valve1,10.csv
2020-03-09 13:36:01,0.0,valve1,10.csv
2020-03-09 13:36:02,0.0,valve1,10.csv
2020-03-09 13:36:03,0.0,valve1,10.csv
2020-03-09 13:36:04,0.0,valve1,10.csv
2020-03-09 13:36:05,0.0,valve1,10.csv
2020-03-09 13:36:06,0.0,valve1,10.csv
2020-03-09 13:36:08,0.0,valve1,10.csv
2020-03-09 13:36:09,0.0,valve1,10.csv
2020-03-09 13:36:10,0.0,valve1,10.csv
2020-03-09 13:36:11,0.0,valve1,10.csv
2020-03-09 13:36:12,0.0,valve1,10.csv
2020-03-09 13:36:13,0.0,valve1,10.csv
2020-03-09 13:36:14,0.0,valve1,10.csv
2020-03-09 13:36:15,0.0,valve1,10.csv
2020-03-09 13:36:16,0.0,valve1,10.csv
2020-03-09 13:36:17,0.0,valve1,10.csv
2020-03-09 13:36:18,0.0,valve1,10.csv
2020-03-09 13:36:19,0.0,valve1,10.csv
2020-03-09 13:36:20,0.0,valve1,10.csv
2020-03-09 13:36:21,0.0,valve1,10.csv
2020-03-09 13:36:22,0.0,valve1,10.csv
2020-03-09 13:36:23,0.0,valve1,10.csv
2020-03-09 13:36:24,0.0,valve1,10.csv
2020-03-09 13:36:25,0.0,valve1,10.csv
2020-03-09 13:36:26,0.0,valve1,10.csv
2020-03-09 13:36:27,0.0,valve1,10.csv
2020-03-09 13:36:28,0.0,valve1,10.csv
2020-03-09 13:36:30,0.0,valve1,10.csv
2020-03-09 13:36:31,0.0,valve1,10.csv
2020-03-09 13:36:32,0.0,valve1,10.csv
2020-03-09 13:36:33,0.0,valve1,10.csv
2020-03-09 13:36:34,0.0,valve1,10.csv
2020-03-09 13:36:35,0.0,valve1,10.csv
2020-03-09 13:36:36,0.0,valve1,10.csv
2020-03-09 13:36:37,0.0,valve1,10.csv
2020-03-09 13:36:38,0.0,valve1,10.csv
2020-03-09 13:36:39,0.0,valve1,10.csv
2020-03-09 13:36:40,0.0,valve1,10.csv
2020-03-09 13:36:41,0.0,valve1,10.csv
2020-03-09 13:36:42,0.0,valve1,10.csv
2020-03-09 13:36:43,0.0,valve1,10.csv
2020-03-09 13:36:44,0.0,valve1,10.csv
2020-03-09 13:36:45,0.0,valve1,10.csv
2020-03-09 13:36:46,0.0,valve1,10.csv
2020-03-09 13:36:47,0.0,valve1,10.csv
2020-03-09 13:36:48,0.0,valve1,10.csv
2020-03-09 13:36:49,0.0,valve1,10.csv
2020-03-09 13:36:50,0.0,valve1,10.csv
2020-03-09 13:36:51,0.0,valve1,10.csv
2020-03-09 13:36:52,0.0,valve1,10.csv
2020-03-09 13:36:54,0.0,valve1,10.csv
2020-03-09 13:36:55,0.0,valve1,10.csv
2020-03-09 13:36:56,0.0,valve1,10.csv
2020-03-09 13:36:57,0.0,valve1,10.csv
2020-03-09 13:36:58,0.0,valve1,10.csv
2020-03-09 13:36:59,0.0,valve1,10.csv
2020-03-09 13:37:00,0.0,valve1,10.csv
2020-03-09 13:37:01,0.0,valve1,10.csv
2020-03-09 13:37:02,0.0,valve1,10.csv
2020-03-09 13:37:03,0.0,valve1,10.csv
2020-03-09 13:37:04,0.0,valve1,10.csv
2020-03-09 13:37:05,0.0,valve1,10.csv
2020-03-09 13:37:06,0.0,valve1,10.csv
2020-03-09 13:37:07,0.0,valve1,10.csv
2020-03-09 13:37:08,0.0,valve1,10.csv
2020-03-09 13:37:09,0.0,valve1,10.csv
2020-03-09 13:37:10,0.0,valve1,10.csv
2020-03-09 13:37:11,0.0,valve1,10.csv
2020-03-09 13:37:12,0.0,valve1,10.csv
2020-03-09 13:37:13,0.0,valve1,10.csv
2020-03-09 13:37:14,0.0,valve1,10.csv
2020-03-09 13:37:15,0.0,valve1,10.csv
2020-03-09 13:37:17,0.0,valve1,10.csv
2020-03-09 13:37:18,0.0,valve1,10.csv
2020-03-09 13:37:19,0.0,valve1,10.csv
2020-03-09 13:37:20,0.0,valve1,10.csv
2020-03-09 13:37:21,0.0,valve1,10.csv
2020-03-09 13:37:22,0.0,valve1,10.csv
2020-03-09 13:37:23,0.0,valve1,10.csv
2020-03-09 13:37:24,0.0,valve1,10.csv
2020-03-09 13:37:25,0.0,valve1,10.csv
2020-03-09 13:37:26,0.0,valve1,10.csv
2020-03-09 13:37:27,0.0,valve1,10.csv
2020-03-09 13:37:28,0.0,valve1,10.csv
2020-03-09 13:37:29,0.0,valve1,10.csv
2020-03-09 13:37:30,0.0,valve1,10.csv
2020-03-09 13:37:31,0.0,valve1,10.csv
2020-03-09 13:37:32,0.0,valve1,10.csv
2020-03-09 13:37:33,0.0,valve1,10.csv
2020-03-09 13:37:34,0.0,valve1,10.csv
2020-03-09 13:37:35,0.0,valve1,10.csv
2020-03-09 13:37:36,0.0,valve1,10.csv
2020-03-09 13:37:37,0.0,valve1,10.csv
2020-03-09 13:37:38,0.0,valve1,10.csv
2020-03-09 13:37:40,0.0,valve1,10.csv
2020-03-09 13:37:41,0.0,valve1,10.csv
2020-03-09 13:37:42,0.0,valve1,10.csv
2020-03-09 13:37:43,0.0,valve1,10.csv
2020-03-09 13:37:44,0.0,valve1,10.csv
2020-03-09 13:37:45,0.0,valve1,10.csv
2020-03-09 13:37:46,0.0,valve1,10.csv
2020-03-09 13:37:47,0.0,valve1,10.csv
2020-03-09 13:37:48,0.0,valve1,10.csv
2020-03-09 13:37:49,0.0,valve1,10.csv
2020-03-09 13:37:50,0.0,valve1,10.csv
2020-03-09 13:37:51,0.0,valve1,10.csv
2020-03-09 13:37:52,0.0,valve1,10.csv
2020-03-09 13:37:53,0.0,valve1,10.csv
2020-03-09 13:37:54,0.0,valve1,10.csv
2020-03-09 13:37:55,0.0,valve1,10.csv
2020-03-09 13:37:56,0.0,valve1,10.csv
2020-03-09 13:37:57,0.0,valve1,10.csv
2020-03-09 13:37:58,0.0,valve1,10.csv
2020-03-09 13:37:59,0.0,valve1,10.csv
2020-03-09 13:38:00,0.0,valve1,10.csv
2020-03-09 13:38:01,0.0,valve1,10.csv
2020-03-09 13:38:03,0.0,valve1,10.csv
2020-03-09 13:38:04,0.0,valve1,10.csv
2020-03-09 13:38:05,0.0,valve1,10.csv
2020-03-09 13:38:06,0.0,valve1,10.csv
2020-03-09 13:38:07,0.0,valve1,10.csv
2020-03-09 13:38:08,0.0,valve1,10.csv
2020-03-09 13:38:09,0.0,valve1,10.csv
2020-03-09 13:38:10,0.0,valve1,10.csv
2020-03-09 13:38:11,0.0,valve1,10.csv
2020-03-09 13:38:12,0.0,valve1,10.csv
2020-03-09 13:38:13,0.0,valve1,10.csv
2020-03-09 13:38:14,0.0,valve1,10.csv
2020-03-09 13:38:15,0.0,valve1,10.csv
2020-03-09 13:38:16,0.0,valve1,10.csv
2020-03-09 13:38:17,0.0,valve1,10.csv
2020-03-09 13:38:18,0.0,valve1,10.csv
2020-03-09 13:38:19,0.0,valve1,10.csv
2020-03-09 13:38:20,0.0,valve1,10.csv
2020-03-09 13:38:21,0.0,valve1,10.csv
2020-03-09 13:38:22,0.0,valve1,10.csv
2020-03-09 13:38:23,0.0,valve1,10.csv
2020-03-09 13:38:24,0.0,valve1,10.csv
2020-03-09 13:38:26,0.0,valve1,10.csv
2020-03-09 13:38:27,0.0,valve1,10.csv
2020-03-09 13:38:28,0.0,valve1,10.csv
2020-03-09 13:38:29,0.0,valve1,10.csv
2020-03-09 13:38:30,0.0,valve1,10.csv
2020-03-09 13:38:31,0.0,valve1,10.csv
2020-03-09 13:38:32,0.0,valve1,10.csv
2020-03-09 13:38:33,0.0,valve1,10.csv
2020-03-09 13:38:34,0.0,valve1,10.csv
2020-03-09 13:38:35,0.0,valve1,10.csv
2020-03-09 13:38:36,0.0,valve1,10.csv
2020-03-09 13:38:37,0.0,valve1,10.csv
2020-03-09 13:38:38,0.0,valve1,10.csv
2020-03-09 13:38:39,0.0,valve1,10.csv
2020-03-09 13:38:40,0.0,valve1,10.csv
2020-03-09 13:38:41,0.0,valve1,10.csv
2020-03-09 13:38:42,0.0,valve1,10.csv
2020-03-09 13:38:43,0.0,valve1,10.csv
2020-03-09 13:38:44,0.0,valve1,10.csv
2020-03-09 13:38:45,0.0,valve1,10.csv
2020-03-09 13:38:46,0.0,valve1,10.csv
2020-03-09 13:38:48,0.0,valve1,10.csv
2020-03-09 13:38:49,0.0,valve1,10.csv
2020-03-09 13:38:50,0.0,valve1,10.csv
2020-03-09 13:38:51,0.0,valve1,10.csv
2020-03-09 13:38:52,0.0,valve1,10.csv
2020-03-09 13:38:53,0.0,valve1,10.csv
2020-03-09 13:38:54,0.0,valve1,10.csv
2020-03-09 13:38:55,0.0,valve1,10.csv
2020-03-09 13:38:56,0.0,valve1,10.csv
2020-03-09 13:38:57,0.0,valve1,10.csv
2020-03-09 13:38:58,0.0,valve1,10.csv
2020-03-09 13:38:59,0.0,valve1,10.csv
2020-03-09 13:39:00,0.0,valve1,10.csv
2020-03-09 13:39:01,0.0,valve1,10.csv
2020-03-09 13:39:02,0.0,valve1,10.csv
2020-03-09 13:39:03,0.0,valve1,10.csv
2020-03-09 13:39:04,0.0,valve1,10.csv
2020-03-09 13:39:05,0.0,valve1,10.csv
2020-03-09 13:39:06,0.0,valve1,10.csv
2020-03-09 13:39:07,0.0,valve1,10.csv
2020-03-09 13:39:08,0.0,valve1,10.csv
2020-03-09 13:39:09,0.0,valve1,10.csv
2020-03-09 13:39:10,0.0,valve1,10.csv
2020-03-09 13:39:12,0.0,valve1,10.csv
2020-03-09 13:39:13,0.0,valve1,10.csv
2020-03-09 13:39:14,0.0,valve1,10.csv
2020-03-09 13:39:15,0.0,valve1,10.csv
2020-03-09 13:39:16,0.0,valve1,10.csv
2020-03-09 13:39:17,0.0,valve1,10.csv
2020-03-09 13:39:18,0.0,valve1,10.csv
2020-03-09 13:39:19,0.0,valve1,10.csv
2020-03-09 13:39:20,0.0,valve1,10.csv
2020-03-09 13:39:21,0.0,valve1,10.csv
2020-03-09 13:39:22,0.0,valve1,10.csv
2020-03-09 13:39:23,0.0,valve1,10.csv
2020-03-09 13:39:24,0.0,valve1,10.csv
2020-03-09 13:39:25,0.0,valve1,10.csv
2020-03-09 13:39:26,0.0,valve1,10.csv
2020-03-09 13:39:27,0.0,valve1,10.csv
2020-03-09 13:39:28,0.0,valve1,10.csv
2020-03-09 13:39:29,0.0,valve1,10.csv
2020-03-09 13:39:30,0.0,valve1,10.csv
2020-03-09 13:39:31,0.0,valve1,10.csv
2020-03-09 13:39:32,0.0,valve1,10.csv
2020-03-09 13:39:33,0.0,valve1,10.csv
2020-03-09 13:39:35,0.0,valve1,10.csv
2020-03-09 13:39:36,0.0,valve1,10.csv
2020-03-09 13:39:37,0.0,valve1,10.csv
2020-03-09 13:39:38,0.0,valve1,10.csv
2020-03-09 13:39:39,0.0,valve1,10.csv
2020-03-09 13:39:40,0.0,valve1,10.csv
2020-03-09 13:39:41,0.0,valve1,10.csv
2020-03-09 13:39:42,0.0,valve1,10.csv
2020-03-09 13:39:43,0.0,valve1,10.csv
2020-03-09 13:39:44,0.0,valve1,10.csv
2020-03-09 13:39:45,0.0,valve1,10.csv
2020-03-09 13:39:46,0.0,valve1,10.csv
2020-03-09 13:39:47,0.0,valve1,10.csv
2020-03-09 13:39:48,0.0,valve1,10.csv
2020-03-09 13:39:49,0.0,valve1,10.csv
2020-03-09 13:39:50,0.0,valve1,10.csv
2020-03-09 13:39:51,0.0,valve1,10.csv
2020-03-09 13:39:52,0.0,valve1,10.csv
2020-03-09 13:39:53,0.0,valve1,10.csv
2020-03-09 13:39:54,0.0,valve1,10.csv
2020-03-09 13:39:55,0.0,valve1,10.csv
2020-03-09 13:39:57,0.0,valve1,10.csv
2020-03-09 13:39:58,0.0,valve1,10.csv
2020-03-09 13:39:59,0.0,valve1,10.csv
2020-03-09 13:40:00,0.0,valve1,10.csv
2020-03-09 13:40:01,0.0,valve1,10.csv
2020-03-09 13:40:02,0.0,valve1,10.csv
2020-03-09 13:40:03,0.0,valve1,10.csv
2020-03-09 13:40:04,0.0,valve1,10.csv
2020-03-09 13:40:05,0.0,valve1,10.csv
2020-03-09 13:40:06,0.0,valve1,10.csv
2020-03-09 13:40:07,0.0,valve1,10.csv
2020-03-09 13:40:08,0.0,valve1,10.csv
2020-03-09 13:40:09,0.0,valve1,10.csv
2020-03-09 13:40:10,0.0,valve1,10.csv
2020-03-09 13:40:11,0.0,valve1,10.csv
2020-03-09 13:40:12,0.0,valve1,10.csv
2020-03-09 13:40:13,0.0,valve1,10.csv
2020-03-09 13:40:14,0.0,valve1,10.csv
2020-03-09 13:40:15,0.0,valve1,10.csv
2020-03-09 13:40:16,0.0,valve1,10.csv
2020-03-09 13:40:17,0.0,valve1,10.csv
2020-03-09 13:40:18,0.0,valve1,10.csv
2020-03-09 13:40:20,0.0,valve1,10.csv
2020-03-09 13:40:21,0.0,valve1,10.csv
2020-03-09 13:40:22,0.0,valve1,10.csv
2020-03-09 13:40:23,0.0,valve1,10.csv
2020-03-09 13:40:24,0.0,valve1,10.csv
2020-03-09 13:40:25,0.0,valve1,10.csv
2020-03-09 13:40:26,0.0,valve1,10.csv
2020-03-09 13:40:27,0.0,valve1,10.csv
2020-03-09 13:40:28,0.0,valve1,10.csv
2020-03-09 13:40:29,0.0,valve1,10.csv
2020-03-09 13:40:30,0.0,valve1,10.csv
2020-03-09 13:40:31,0.0,valve1,10.csv
2020-03-09 13:40:32,0.0,valve1,10.csv
2020-03-09 13:40:33,0.0,valve1,10.csv
2020-03-09 13:40:34,0.0,valve1,10.csv
2020-03-09 13:40:35,0.0,valve1,10.csv
2020-03-09 13:40:36,0.0,valve1,10.csv
2020-03-09 13:40:37,0.0,valve1,10.csv
2020-03-09 13:40:38,0.0,valve1,10.csv
2020-03-09 13:40:39,0.0,valve1,10.csv
2020-03-09 13:40:40,0.0,valve1,10.csv
2020-03-09 13:40:41,0.0,valve1,10.csv
2020-03-09 13:40:43,0.0,valve1,10.csv
2020-03-09 13:40:44,0.0,valve1,10.csv
2020-03-09 13:40:45,0.0,valve1,10.csv
2020-03-09 13:40:46,0.0,valve1,10.csv
2020-03-09 13:40:47,0.0,valve1,10.csv
2020-03-09 13:40:48,0.0,valve1,10.csv
2020-03-09 13:40:49,0.0,valve1,10.csv
2020-03-09 13:40:50,0.0,valve1,10.csv
2020-03-09 13:40:51,0.0,valve1,10.csv
2020-03-09 13:40:52,0.0,valve1,10.csv
2020-03-09 13:40:53,0.0,valve1,10.csv
2020-03-09 13:40:54,0.0,valve1,10.csv
2020-03-09 13:40:55,0.0,valve1,10.csv
2020-03-09 13:40:56,0.0,valve1,10.csv
2020-03-09 13:40:57,0.0,valve1,10.csv
2020-03-09 13:40:58,0.0,valve1,10.csv
2020-03-09 13:40:59,0.0,valve1,10.csv
2020-03-09 13:41:00,0.0,valve1,10.csv
2020-03-09 13:41:01,0.0,valve1,10.csv
2020-03-09 13:41:02,0.0,valve1,10.csv
2020-03-09 13:41:03,0.0,valve1,10.csv
2020-03-09 13:41:04,0.0,valve1,10.csv
2020-03-09 13:41:06,0.0,valve1,10.csv
2020-03-09 13:41:07,0.0,valve1,10.csv
2020-03-09 13:41:08,0.0,valve1,10.csv
2020-03-09 13:41:09,0.0,valve1,10.csv
2020-03-09 13:41:10,0.0,valve1,10.csv
2020-03-09 13:41:11,0.0,valve1,10.csv
2020-03-09 13:41:12,0.0,valve1,10.csv
2020-03-09 13:41:13,0.0,valve1,10.csv
2020-03-09 13:41:14,0.0,valve1,10.csv
2020-03-09 13:41:15,0.0,valve1,10.csv
2020-03-09 13:41:16,0.0,valve1,10.csv
2020-03-09 13:41:17,0.0,valve1,10.csv
2020-03-09 13:41:18,0.0,valve1,10.csv
2020-03-09 13:41:19,0.0,valve1,10.csv
2020-03-09 13:41:20,0.0,valve1,10.csv
2020-03-09 13:41:21,0.0,valve1,10.csv
2020-03-09 13:41:22,0.0,valve1,10.csv
2020-03-09 13:41:23,0.0,valve1,10.csv
2020-03-09 13:41:24,0.0,valve1,10.csv
2020-03-09 13:41:25,0.0,valve1,10.csv
2020-03-09 13:41:26,0.0,valve1,10.csv
2020-03-09 13:41:27,0.0,valve1,10.csv
2020-03-09 13:41:29,0.0,valve1,10.csv
2020-03-09 13:41:30,0.0,valve1,10.csv
2020-03-09 13:41:31,0.0,valve1,10.csv
2020-03-09 13:41:32,0.0,valve1,10.csv
2020-03-09 13:41:33,0.0,valve1,10.csv
2020-03-09 13:41:34,0.0,valve1,10.csv
2020-03-09 13:41:35,0.0,valve1,10.csv
2020-03-09 13:41:36,0.0,valve1,10.csv
2020-03-09 13:41:37,0.0,valve1,10.csv
2020-03-09 13:41:38,0.0,valve1,10.csv
2020-03-09 13:41:39,0.0,valve1,10.csv
2020-03-09 13:41:40,0.0,valve1,10.csv
2020-03-09 13:41:41,0.0,valve1,10.csv
2020-03-09 13:41:42,0.0,valve1,10.csv
2020-03-09 13:41:43,0.0,valve1,10.csv
2020-03-09 13:41:44,0.0,valve1,10.csv
2020-03-09 13:41:45,0.0,valve1,10.csv
2020-03-09 13:41:46,0.0,valve1,10.csv
2020-03-09 13:41:47,0.0,valve1,10.csv
2020-03-09 13:41:48,0.0,valve1,10.csv
2020-03-09 13:41:49,0.0,valve1,10.csv
2020-03-09 13:41:51,0.0,valve1,10.csv
2020-03-09 13:41:52,0.0,valve1,10.csv
2020-03-09 13:41:53,0.0,valve1,10.csv
2020-03-09 13:41:54,0.0,valve1,10.csv
2020-03-09 13:41:55,0.0,valve1,10.csv
2020-03-09 13:41:56,0.0,valve1,10.csv
2020-03-09 13:41:57,0.0,valve1,10.csv
2020-03-09 13:41:58,0.0,valve1,10.csv
2020-03-09 13:41:59,0.0,valve1,10.csv
2020-03-09 13:42:00,0.0,valve1,10.csv
2020-03-09 13:42:01,0.0,valve1,10.csv
2020-03-09 13:42:02,0.0,valve1,10.csv
2020-03-09 13:42:03,0.0,valve1,10.csv
2020-03-09 13:42:04,0.0,valve1,10.csv
2020-03-09 13:42:05,0.0,valve1,10.csv
2020-03-09 13:42:06,0.0,valve1,10.csv
2020-03-09 13:42:07,0.0,valve1,10.csv
2020-03-09 13:42:08,0.0,valve1,10.csv
2020-03-09 13:42:09,0.0,valve1,10.csv
2020-03-09 13:42:10,0.0,valve1,10.csv
2020-03-09 13:42:11,0.0,valve1,10.csv
2020-03-09 13:42:13,0.0,valve1,10.csv
2020-03-09 13:42:14,0.0,valve1,10.csv
2020-03-09 13:42:15,0.0,valve1,10.csv
2020-03-09 13:42:16,0.0,valve1,10.csv
2020-03-09 13:42:17,0.0,valve1,10.csv
2020-03-09 13:42:18,0.0,valve1,10.csv
2020-03-09 13:42:19,0.0,valve1,10.csv
2020-03-09 13:42:20,0.0,valve1,10.csv
2020-03-09 13:42:21,0.0,valve1,10.csv
2020-03-09 13:42:22,0.0,valve1,10.csv
2020-03-09 13:42:23,0.0,valve1,10.csv
2020-03-09 13:42:24,0.0,valve1,10.csv
2020-03-09 13:42:25,0.0,valve1,10.csv
2020-03-09 13:42:26,0.0,valve1,10.csv
2020-03-09 13:42:27,0.0,valve1,10.csv
2020-03-09 13:42:28,0.0,valve1,10.csv
2020-03-09 13:42:29,0.0,valve1,10.csv
2020-03-09 13:42:30,0.0,valve1,10.csv
2020-03-09 13:42:31,0.0,valve1,10.csv
2020-03-09 13:42:32,0.0,valve1,10.csv
2020-03-09 13:42:33,0.0,valve1,10.csv
2020-03-09 13:42:34,0.0,valve1,10.csv
2020-03-09 13:42:35,0.0,valve1,10.csv
2020-03-09 13:42:37,0.0,valve1,10.csv
2020-03-09 13:42:38,0.0,valve1,10.csv
2020-03-09 13:42:39,0.0,valve1,10.csv
2020-03-09 13:42:40,0.0,valve1,10.csv
2020-03-09 13:42:41,0.0,valve1,10.csv
2020-03-09 13:42:42,0.0,valve1,10.csv
2020-03-09 13:42:43,0.0,valve1,10.csv
2020-03-09 13:42:44,0.0,valve1,10.csv
2020-03-09 13:42:45,0.0,valve1,10.csv
2020-03-09 13:42:46,0.0,valve1,10.csv
2020-03-09 13:42:47,0.0,valve1,10.csv
2020-03-09 13:42:48,0.0,valve1,10.csv
2020-03-09 13:42:49,0.0,valve1,10.csv
2020-03-09 13:42:50,0.0,valve1,10.csv
2020-03-09 13:42:51,0.0,valve1,10.csv
2020-03-09 13:42:52,0.0,valve1,10.csv
2020-03-09 13:42:53,0.0,valve1,10.csv
2020-03-09 13:42:54,0.0,valve1,10.csv
2020-03-09 13:42:55,0.0,valve1,10.csv
2020-03-09 13:42:56,0.0,valve1,10.csv
2020-03-09 13:42:57,0.0,valve1,10.csv
2020-03-09 13:42:58,0.0,valve1,10.csv
2020-03-09 13:43:00,0.0,valve1,10.csv
2020-03-09 13:43:01,0.0,valve1,10.csv
2020-03-09 13:43:02,0.0,valve1,10.csv
2020-03-09 13:43:03,0.0,valve1,10.csv
2020-03-09 13:43:04,0.0,valve1,10.csv
2020-03-09 13:43:05,0.0,valve1,10.csv
2020-03-09 13:43:06,0.0,valve1,10.csv
2020-03-09 13:43:07,0.0,valve1,10.csv
2020-03-09 13:43:08,0.0,valve1,10.csv
2020-03-09 13:43:09,0.0,valve1,10.csv
2020-03-09 13:43:10,0.0,valve1,10.csv
2020-03-09 13:43:11,0.0,valve1,10.csv
2020-03-09 13:43:12,0.0,valve1,10.csv
2020-03-09 13:43:13,0.0,valve1,10.csv
2020-03-09 13:43:14,0.0,valve1,10.csv
2020-03-09 13:43:15,0.0,valve1,10.csv
2020-03-09 13:43:16,0.0,valve1,10.csv
2020-03-09 13:43:17,0.0,valve1,10.csv
2020-03-09 13:43:18,0.0,valve1,10.csv
2020-03-09 13:43:19,0.0,valve1,10.csv
2020-03-09 13:43:20,0.0,valve1,10.csv
2020-03-09 13:43:21,0.0,valve1,10.csv
2020-03-09 13:43:22,0.0,valve1,10.csv
2020-03-09 13:43:24,0.0,valve1,10.csv
2020-03-09 13:43:25,0.0,valve1,10.csv
2020-03-09 13:43:26,0.0,valve1,10.csv
2020-03-09 13:43:27,0.0,valve1,10.csv
2020-03-09 13:43:28,0.0,valve1,10.csv
2020-03-09 13:43:29,0.0,valve1,10.csv
2020-03-09 13:43:30,0.0,valve1,10.csv
2020-03-09 13:43:31,0.0,valve1,10.csv
2020-03-09 13:43:32,0.0,valve1,10.csv
2020-03-09 13:43:33,0.0,valve1,10.csv
2020-03-09 13:43:34,0.0,valve1,10.csv
2020-03-09 13:43:35,0.0,valve1,10.csv
2020-03-09 13:43:36,0.0,valve1,10.csv
2020-03-09 13:43:37,0.0,valve1,10.csv
2020-03-09 13:43:38,0.0,valve1,10.csv
2020-03-09 13:43:39,0.0,valve1,10.csv
2020-03-09 13:43:40,0.0,valve1,10.csv
2020-03-09 13:43:41,0.0,valve1,10.csv
2020-03-09 13:43:42,0.0,valve1,10.csv
2020-03-09 13:43:43,0.0,valve1,10.csv
2020-03-09 13:43:44,0.0,valve1,10.csv
2020-03-09 13:43:46,0.0,valve1,10.csv
2020-03-09 13:43:47,0.0,valve1,10.csv
2020-03-09 13:43:48,0.0,valve1,10.csv
2020-03-09 13:43:49,0.0,valve1,10.csv
2020-03-09 13:43:50,0.0,valve1,10.csv
2020-03-09 13:43:51,0.0,valve1,10.csv
2020-03-09 13:43:52,0.0,valve1,10.csv
2020-03-09 13:43:53,0.0,valve1,10.csv
2020-03-09 13:43:54,0.0,valve1,10.csv
2020-03-09 13:43:55,0.0,valve1,10.csv
2020-03-09 13:43:56,0.0,valve1,10.csv
2020-03-09 13:43:57,0.0,valve1,10.csv
2020-03-09 13:43:58,0.0,valve1,10.csv
2020-03-09 13:43:59,0.0,valve1,10.csv
2020-03-09 13:44:00,0.0,valve1,10.csv
2020-03-09 13:44:01,0.0,valve1,10.csv
2020-03-09 13:44:02,0.0,valve1,10.csv
2020-03-09 13:44:03,0.0,valve1,10.csv
2020-03-09 13:44:04,0.0,valve1,10.csv
2020-03-09 13:44:05,0.0,valve1,10.csv
2020-03-09 13:44:06,0.0,valve1,10.csv
2020-03-09 13:44:07,0.0,valve1,10.csv
2020-03-09 13:44:09,0.0,valve1,10.csv
2020-03-09 13:44:10,0.0,valve1,10.csv
2020-03-09 13:44:11,0.0,valve1,10.csv
2020-03-09 13:44:12,0.0,valve1,10.csv
2020-03-09 13:44:13,0.0,valve1,10.csv
2020-03-09 13:44:14,0.0,valve1,10.csv
2020-03-09 13:44:15,0.0,valve1,10.csv
2020-03-09 13:44:16,0.0,valve1,10.csv
2020-03-09 13:44:17,0.0,valve1,10.csv
2020-03-09 13:44:18,0.0,valve1,10.csv
2020-03-09 13:44:19,0.0,valve1,10.csv
2020-03-09 13:44:20,0.0,valve1,10.csv
2020-03-09 13:44:21,0.0,valve1,10.csv
2020-03-09 13:44:22,0.0,valve1,10.csv
2020-03-09 13:44:23,0.0,valve1,10.csv
2020-03-09 13:44:24,0.0,valve1,10.csv
2020-03-09 13:44:25,0.0,valve1,10.csv
2020-03-09 13:44:26,0.0,valve1,10.csv
2020-03-09 13:44:27,0.0,valve1,10.csv
2020-03-09 13:44:28,0.0,valve1,10.csv
2020-03-09 13:44:29,0.0,valve1,10.csv
2020-03-09 13:44:30,0.0,valve1,10.csv
2020-03-09 13:44:32,0.0,valve1,10.csv
2020-03-09 13:44:33,0.0,valve1,10.csv
2020-03-09 13:44:34,0.0,valve1,10.csv
2020-03-09 13:44:35,0.0,valve1,10.csv
2020-03-09 13:44:36,0.0,valve1,10.csv
2020-03-09 13:44:37,0.0,valve1,10.csv
2020-03-09 13:44:38,0.0,valve1,10.csv
2020-03-09 13:44:39,1.0,valve1,10.csv
2020-03-09 13:44:40,0.0,valve1,10.csv
2020-03-09 13:44:41,0.0,valve1,10.csv
2020-03-09 13:44:42,0.0,valve1,10.csv
2020-03-09 13:44:43,0.0,valve1,10.csv
2020-03-09 13:44:44,0.0,valve1,10.csv
2020-03-09 13:44:45,0.0,valve1,10.csv
2020-03-09 13:44:46,0.0,valve1,10.csv
2020-03-09 13:44:47,0.0,valve1,10.csv
2020-03-09 13:44:48,0.0,valve1,10.csv
2020-03-09 13:44:49,0.0,valve1,10.csv
2020-03-09 13:44:50,0.0,valve1,10.csv
2020-03-09 13:44:51,0.0,valve1,10.csv
2020-03-09 13:44:52,0.0,valve1,10.csv
2020-03-09 13:44:53,0.0,valve1,10.csv
2020-03-09 13:44:55,0.0,valve1,10.csv
2020-03-09 13:44:56,0.0,valve1,10.csv
2020-03-09 13:44:57,0.0,valve1,10.csv
2020-03-09 13:44:58,0.0,valve1,10.csv
2020-03-09 13:44:59,0.0,valve1,10.csv
2020-03-09 13:45:00,0.0,valve1,10.csv
2020-03-09 13:45:01,0.0,valve1,10.csv
2020-03-09 13:45:02,0.0,valve1,10.csv
2020-03-09 13:45:03,0.0,valve1,10.csv
2020-03-09 13:45:04,0.0,valve1,10.csv
2020-03-09 13:45:05,0.0,valve1,10.csv
2020-03-09 13:45:06,0.0,valve1,10.csv
2020-03-09 13:45:07,0.0,valve1,10.csv
2020-03-09 13:45:08,0.0,valve1,10.csv
2020-03-09 13:45:09,0.0,valve1,10.csv
2020-03-09 13:45:10,0.0,valve1,10.csv
2020-03-09 13:45:11,0.0,valve1,10.csv
2020-03-09 13:45:12,0.0,valve1,10.csv
2020-03-09 13:45:13,0.0,valve1,10.csv
2020-03-09 13:45:14,0.0,valve1,10.csv
2020-03-09 13:45:15,0.0,valve1,10.csv
2020-03-09 13:45:16,0.0,valve1,10.csv
2020-03-09 13:45:18,0.0,valve1,10.csv
2020-03-09 13:45:19,0.0,valve1,10.csv
2020-03-09 13:45:20,0.0,valve1,10.csv
2020-03-09 13:45:21,0.0,valve1,10.csv
2020-03-09 13:45:22,0.0,valve1,10.csv
2020-03-09 13:45:23,0.0,valve1,10.csv
2020-03-09 13:45:24,0.0,valve1,10.csv
2020-03-09 13:45:25,0.0,valve1,10.csv
2020-03-09 13:45:26,0.0,valve1,10.csv
2020-03-09 13:45:27,0.0,valve1,10.csv
2020-03-09 13:45:28,0.0,valve1,10.csv
2020-03-09 13:45:29,0.0,valve1,10.csv
2020-03-09 13:45:30,0.0,valve1,10.csv
2020-03-09 13:45:31,0.0,valve1,10.csv
2020-03-09 13:45:32,0.0,valve1,10.csv
2020-03-09 13:45:33,0.0,valve1,10.csv
2020-03-09 13:45:34,0.0,valve1,10.csv
2020-03-09 13:45:35,0.0,valve1,10.csv
2020-03-09 13:45:36,0.0,valve1,10.csv
2020-03-09 13:45:37,0.0,valve1,10.csv
2020-03-09 13:45:39,1.0,valve1,10.csv
2020-03-09 13:45:40,0.0,valve1,10.csv
2020-03-09 13:45:41,0.0,valve1,10.csv
2020-03-09 13:45:42,0.0,valve1,10.csv
2020-03-09 13:45:43,0.0,valve1,10.csv
2020-03-09 13:45:44,0.0,valve1,10.csv
2020-03-09 13:45:45,0.0,valve1,10.csv
2020-03-09 13:45:46,0.0,valve1,10.csv
2020-03-09 13:45:47,0.0,valve1,10.csv
2020-03-09 13:45:48,0.0,valve1,10.csv
2020-03-09 13:45:49,0.0,valve1,10.csv
2020-03-09 13:45:50,0.0,valve1,10.csv
2020-03-09 13:45:51,0.0,valve1,10.csv
2020-03-09 13:45:52,0.0,valve1,10.csv
2020-03-09 13:45:54,0.0,valve1,10.csv
2020-03-09 13:45:55,0.0,valve1,10.csv
2020-03-09 13:45:56,0.0,valve1,10.csv
2020-03-09 13:45:57,0.0,valve1,10.csv
2020-03-09 13:45:58,0.0,valve1,10.csv
2020-03-09 13:45:59,0.0,valve1,10.csv
2020-03-09 13:46:00,0.0,valve1,10.csv
2020-03-09 13:46:01,0.0,valve1,10.csv
2020-03-09 13:46:02,0.0,valve1,10.csv
2020-03-09 13:46:03,0.0,valve1,10.csv
2020-03-09 13:46:04,0.0,valve1,10.csv
2020-03-09 13:46:05,0.0,valve1,10.csv
2020-03-09 13:46:06,0.0,valve1,10.csv
2020-03-09 13:46:07,0.0,valve1,10.csv
2020-03-09 13:46:08,0.0,valve1,10.csv
2020-03-09 13:46:09,0.0,valve1,10.csv
2020-03-09 13:46:10,0.0,valve1,10.csv
2020-03-09 13:46:11,0.0,valve1,10.csv
2020-03-09 13:46:12,0.0,valve1,10.csv
2020-03-09 13:46:13,0.0,valve1,10.csv
2020-03-09 13:46:14,0.0,valve1,10.csv
2020-03-09 13:46:16,0.0,valve1,10.csv
2020-03-09 13:46:17,0.0,valve1,10.csv
2020-03-09 13:46:18,0.0,valve1,10.csv
2020-03-09 13:46:19,0.0,valve1,10.csv
2020-03-09 13:46:20,0.0,valve1,10.csv
2020-03-09 13:46:21,0.0,valve1,10.csv
2020-03-09 13:46:22,0.0,valve1,10.csv
2020-03-09 13:46:23,0.0,valve1,10.csv
2020-03-09 13:46:24,0.0,valve1,10.csv
2020-03-09 13:46:25,0.0,valve1,10.csv
2020-03-09 13:46:26,0.0,valve1,10.csv
2020-03-09 13:46:27,0.0,valve1,10.csv
2020-03-09 13:46:28,0.0,valve1,10.csv
2020-03-09 13:46:29,0.0,valve1,10.csv
2020-03-09 13:46:30,0.0,valve1,10.csv
2020-03-09 13:46:31,0.0,valve1,10.csv
2020-03-09 13:46:32,0.0,valve1,10.csv
2020-03-09 13:46:33,0.0,valve1,10.csv
2020-03-09 13:46:34,0.0,valve1,10.csv
2020-03-09 13:46:35,0.0,valve1,10.csv
2020-03-09 13:46:36,0.0,valve1,10.csv
2020-03-09 13:46:37,0.0,valve1,10.csv
2020-03-09 13:46:38,0.0,valve1,10.csv
2020-03-09 13:46:40,0.0,valve1,10.csv
2020-03-09 13:46:41,0.0,valve1,10.csv
2020-03-09 13:46:42,0.0,valve1,10.csv
2020-03-09 13:46:43,0.0,valve1,10.csv
2020-03-09 13:46:44,0.0,valve1,10.csv
2020-03-09 13:46:45,0.0,valve1,10.csv
2020-03-09 13:46:46,0.0,valve1,10.csv
2020-03-09 13:46:47,0.0,valve1,10.csv
2020-03-09 13:46:48,0.0,valve1,10.csv
2020-03-09 13:46:49,0.0,valve1,10.csv
2020-03-09 13:46:50,0.0,valve1,10.csv
2020-03-09 13:46:51,0.0,valve1,10.csv
2020-03-09 13:46:52,0.0,valve1,10.csv
2020-03-09 13:46:53,0.0,valve1,10.csv
2020-03-09 13:46:54,0.0,valve1,10.csv
2020-03-09 13:46:55,0.0,valve1,10.csv
2020-03-09 13:46:56,0.0,valve1,10.csv
2020-03-09 13:46:57,0.0,valve1,10.csv
2020-03-09 13:46:58,0.0,valve1,10.csv
2020-03-09 13:46:59,0.0,valve1,10.csv
2020-03-09 13:47:00,0.0,valve1,10.csv
2020-03-09 13:47:01,0.0,valve1,10.csv
2020-03-09 13:47:03,0.0,valve1,10.csv
2020-03-09 13:47:04,0.0,valve1,10.csv
2020-03-09 13:47:05,0.0,valve1,10.csv
2020-03-09 13:47:06,0.0,valve1,10.csv
2020-03-09 13:47:07,0.0,valve1,10.csv
2020-03-09 13:47:08,0.0,valve1,10.csv
2020-03-09 13:47:09,0.0,valve1,10.csv
2020-03-09 13:47:10,0.0,valve1,10.csv
2020-03-09 13:47:11,0.0,valve1,10.csv
2020-03-09 13:47:12,0.0,valve1,10.csv
2020-03-09 13:47:13,0.0,valve1,10.csv
2020-03-09 13:47:14,0.0,valve1,10.csv
2020-03-09 13:47:15,0.0,valve1,10.csv
2020-03-09 13:47:16,0.0,valve1,10.csv
2020-03-09 13:47:17,0.0,valve1,10.csv
2020-03-09 13:47:18,0.0,valve1,10.csv
2020-03-09 13:47:19,0.0,valve1,10.csv
2020-03-09 13:47:20,0.0,valve1,10.csv
2020-03-09 13:47:21,0.0,valve1,10.csv
2020-03-09 13:47:22,0.0,valve1,10.csv
2020-03-09 13:47:23,0.0,valve1,10.csv
2020-03-09 13:47:24,0.0,valve1,10.csv
2020-03-09 13:47:25,0.0,valve1,10.csv
2020-03-09 13:47:27,0.0,valve1,10.csv
2020-03-09 13:47:28,0.0,valve1,10.csv
2020-03-09 13:47:29,0.0,valve1,10.csv
2020-03-09 13:47:30,0.0,valve1,10.csv
2020-03-09 13:47:31,0.0,valve1,10.csv
2020-03-09 13:47:32,0.0,valve1,10.csv
2020-03-09 13:47:33,0.0,valve1,10.csv
2020-03-09 13:47:34,0.0,valve1,10.csv
2020-03-09 13:47:35,0.0,valve1,10.csv
2020-03-09 13:47:36,0.0,valve1,10.csv
2020-03-09 13:47:37,0.0,valve1,10.csv
2020-03-09 13:47:38,0.0,valve1,10.csv
2020-03-09 13:47:39,0.0,valve1,10.csv
2020-03-09 13:47:40,0.0,valve1,10.csv
2020-03-09 13:47:41,0.0,valve1,10.csv
2020-03-09 13:47:42,0.0,valve1,10.csv
2020-03-09 13:47:43,0.0,valve1,10.csv
2020-03-09 13:47:44,0.0,valve1,10.csv
2020-03-09 13:47:45,0.0,valve1,10.csv
2020-03-09 13:47:46,0.0,valve1,10.csv
2020-03-09 13:47:47,0.0,valve1,10.csv
2020-03-09 13:47:49,0.0,valve1,10.csv
2020-03-09 13:47:50,0.0,valve1,10.csv
2020-03-09 13:47:51,0.0,valve1,10.csv
2020-03-09 13:47:52,0.0,valve1,10.csv
2020-03-09 13:47:53,0.0,valve1,10.csv
2020-03-09 13:47:54,0.0,valve1,10.csv
2020-03-09 13:47:55,0.0,valve1,10.csv
2020-03-09 13:47:56,0.0,valve1,10.csv
2020-03-09 13:47:57,0.0,valve1,10.csv
2020-03-09 13:47:58,0.0,valve1,10.csv
2020-03-09 13:47:59,0.0,valve1,10.csv
2020-03-09 13:48:00,0.0,valve1,10.csv
2020-03-09 13:48:01,0.0,valve1,10.csv
2020-03-09 13:48:02,0.0,valve1,10.csv
2020-03-09 13:48:03,0.0,valve1,10.csv
2020-03-09 13:48:04,0.0,valve1,10.csv
2020-03-09 13:48:05,0.0,valve1,10.csv
2020-03-09 13:48:06,0.0,valve1,10.csv
2020-03-09 13:48:07,0.0,valve1,10.csv
2020-03-09 13:48:08,0.0,valve1,10.csv
2020-03-09 13:48:09,0.0,valve1,10.csv
2020-03-09 13:48:11,0.0,valve1,10.csv
2020-03-09 13:48:12,0.0,valve1,10.csv
2020-03-09 13:48:13,0.0,valve1,10.csv
2020-03-09 13:48:14,0.0,valve1,10.csv
2020-03-09 13:48:15,0.0,valve1,10.csv
2020-03-09 13:48:16,0.0,valve1,10.csv
2020-03-09 13:48:17,0.0,valve1,10.csv
2020-03-09 13:48:18,0.0,valve1,10.csv
2020-03-09 13:48:19,0.0,valve1,10.csv
2020-03-09 13:48:20,0.0,valve1,10.csv
2020-03-09 13:48:21,0.0,valve1,10.csv
2020-03-09 13:48:22,0.0,valve1,10.csv
2020-03-09 13:48:23,0.0,valve1,10.csv
2020-03-09 13:48:24,0.0,valve1,10.csv
2020-03-09 13:48:25,0.0,valve1,10.csv
2020-03-09 13:48:26,0.0,valve1,10.csv
2020-03-09 13:48:27,0.0,valve1,10.csv
2020-03-09 13:48:28,0.0,valve1,10.csv
2020-03-09 13:48:29,0.0,valve1,10.csv
2020-03-09 13:48:30,0.0,valve1,10.csv
2020-03-09 13:48:31,0.0,valve1,10.csv
2020-03-09 13:48:33,0.0,valve1,10.csv
2020-03-09 13:48:34,0.0,valve1,10.csv
2020-03-09 13:48:35,0.0,valve1,10.csv
2020-03-09 13:48:36,0.0,valve1,10.csv
2020-03-09 13:48:37,0.0,valve1,10.csv
2020-03-09 13:48:38,0.0,valve1,10.csv
2020-03-09 13:48:39,0.0,valve1,10.csv
2020-03-09 13:48:40,0.0,valve1,10.csv
2020-03-09 13:48:41,0.0,valve1,10.csv
2020-03-09 13:48:42,0.0,valve1,10.csv
2020-03-09 13:48:43,0.0,valve1,10.csv
2020-03-09 13:48:44,0.0,valve1,10.csv
2020-03-09 13:48:45,0.0,valve1,10.csv
2020-03-09 13:48:46,0.0,valve1,10.csv
2020-03-09 13:48:47,0.0,valve1,10.csv
2020-03-09 13:48:48,0.0,valve1,10.csv
2020-03-09 13:48:49,0.0,valve1,10.csv
2020-03-09 13:48:50,0.0,valve1,10.csv
2020-03-09 13:48:51,0.0,valve1,10.csv
2020-03-09 13:48:52,0.0,valve1,10.csv
2020-03-09 13:48:53,0.0,valve1,10.csv
2020-03-09 13:48:54,0.0,valve1,10.csv
2020-03-09 13:48:56,0.0,valve1,10.csv
2020-03-09 13:48:57,0.0,valve1,10.csv
2020-03-09 13:48:58,0.0,valve1,10.csv
2020-03-09 13:48:59,0.0,valve1,10.csv
2020-03-09 13:49:00,0.0,valve1,10.csv
2020-03-09 13:49:01,0.0,valve1,10.csv
2020-03-09 13:49:02,0.0,valve1,10.csv
2020-03-09 13:49:03,0.0,valve1,10.csv
2020-03-09 13:49:04,0.0,valve1,10.csv
2020-03-09 13:49:05,0.0,valve1,10.csv
2020-03-09 13:49:06,0.0,valve1,10.csv
2020-03-09 13:49:07,0.0,valve1,10.csv
2020-03-09 13:49:08,0.0,valve1,10.csv
2020-03-09 13:49:09,0.0,valve1,10.csv
2020-03-09 13:49:10,0.0,valve1,10.csv
2020-03-09 13:49:11,0.0,valve1,10.csv
2020-03-09 13:49:12,0.0,valve1,10.csv
2020-03-09 13:49:13,0.0,valve1,10.csv
2020-03-09 13:49:14,0.0,valve1,10.csv
2020-03-09 13:49:15,0.0,valve1,10.csv
2020-03-09 13:49:16,0.0,valve1,10.csv
2020-03-09 13:49:18,0.0,valve1,10.csv
2020-03-09 13:49:19,0.0,valve1,10.csv
2020-03-09 13:49:20,0.0,valve1,10.csv
2020-03-09 13:49:21,0.0,valve1,10.csv
2020-03-09 13:49:22,0.0,valve1,10.csv
2020-03-09 13:49:23,0.0,valve1,10.csv
2020-03-09 13:49:24,0.0,valve1,10.csv
2020-03-09 13:49:25,0.0,valve1,10.csv
2020-03-09 13:49:26,0.0,valve1,10.csv
2020-03-09 13:49:27,0.0,valve1,10.csv
2020-03-09 13:49:28,0.0,valve1,10.csv
2020-03-09 13:49:29,0.0,valve1,10.csv
2020-03-09 13:49:30,0.0,valve1,10.csv
2020-03-09 13:49:31,0.0,valve1,10.csv
2020-03-09 13:49:32,0.0,valve1,10.csv
2020-03-09 13:49:33,0.0,valve1,10.csv
2020-03-09 13:49:34,0.0,valve1,10.csv
2020-03-09 13:49:35,0.0,valve1,10.csv
2020-03-09 13:49:36,0.0,valve1,10.csv
2020-03-09 13:49:37,0.0,valve1,10.csv
2020-03-09 13:49:38,0.0,valve1,10.csv
2020-03-09 13:49:40,0.0,valve1,10.csv
2020-03-09 13:49:41,0.0,valve1,10.csv
2020-03-09 13:49:42,0.0,valve1,10.csv
2020-03-09 13:49:43,0.0,valve1,10.csv
2020-03-09 13:49:44,0.0,valve1,10.csv
2020-03-09 13:49:45,0.0,valve1,10.csv
2020-03-09 13:49:46,0.0,valve1,10.csv
2020-03-09 13:49:47,0.0,valve1,10.csv
2020-03-09 13:49:48,0.0,valve1,10.csv
2020-03-09 13:49:49,0.0,valve1,10.csv
2020-03-09 13:49:50,0.0,valve1,10.csv
2020-03-09 13:49:51,0.0,valve1,10.csv
2020-03-09 13:49:52,0.0,valve1,10.csv
2020-03-09 13:49:53,0.0,valve1,10.csv
2020-03-09 13:49:54,0.0,valve1,10.csv
2020-03-09 13:49:55,0.0,valve1,10.csv
2020-03-09 13:49:56,0.0,valve1,10.csv
2020-03-09 13:49:57,0.0,valve1,10.csv
2020-03-09 13:49:58,0.0,valve1,10.csv
2020-03-09 13:49:59,0.0,valve1,10.csv
2020-03-09 13:50:01,0.0,valve1,10.csv
2020-03-09 13:50:02,0.0,valve1,10.csv
2020-03-09 13:50:03,0.0,valve1,10.csv
2020-03-09 13:50:04,0.0,valve1,10.csv
2020-03-09 13:50:05,0.0,valve1,10.csv
2020-03-09 13:50:06,0.0,valve1,10.csv
2020-03-09 13:50:07,0.0,valve1,10.csv
2020-03-09 13:50:08,0.0,valve1,10.csv
2020-03-09 13:50:09,0.0,valve1,10.csv
2020-03-09 13:50:10,0.0,valve1,10.csv
2020-03-09 13:50:11,0.0,valve1,10.csv
2020-03-09 13:50:12,0.0,valve1,10.csv
2020-03-09 13:50:13,0.0,valve1,10.csv
2020-03-09 13:50:14,0.0,valve1,10.csv
2020-03-09 13:50:15,0.0,valve1,10.csv
2020-03-09 13:50:16,0.0,valve1,10.csv
2020-03-09 13:50:17,0.0,valve1,10.csv
2020-03-09 13:50:18,0.0,valve1,10.csv
2020-03-09 13:50:19,0.0,valve1,10.csv
2020-03-09 13:50:20,0.0,valve1,10.csv
2020-03-09 13:50:21,0.0,valve1,10.csv
2020-03-09 13:50:23,0.0,valve1,10.csv
2020-03-09 13:50:24,0.0,valve1,10.csv
2020-03-09 13:50:25,0.0,valve1,10.csv
2020-03-09 13:50:26,0.0,valve1,10.csv
2020-03-09 13:50:27,0.0,valve1,10.csv
2020-03-09 13:50:28,0.0,valve1,10.csv
2020-03-09 13:50:29,0.0,valve1,10.csv
2020-03-09 13:50:30,0.0,valve1,10.csv
2020-03-09 13:50:31,0.0,valve1,10.csv
2020-03-09 13:50:32,0.0,valve1,10.csv
2020-03-09 13:50:33,0.0,valve1,10.csv
2020-03-09 13:50:34,0.0,valve1,10.csv
2020-03-09 13:50:35,0.0,valve1,10.csv
2020-03-09 13:50:36,0.0,valve1,10.csv
2020-03-09 13:50:37,0.0,valve1,10.csv
2020-03-09 13:50:38,0.0,valve1,10.csv
2020-03-09 13:50:39,1.0,valve1,10.csv
2020-03-09 13:50:40,0.0,valve1,10.csv
2020-03-09 13:50:41,0.0,valve1,10.csv
2020-03-09 13:50:42,0.0,valve1,10.csv
2020-03-09 13:50:43,0.0,valve1,10.csv
2020-03-09 13:50:44,0.0,valve1,10.csv
2020-03-09 13:50:45,0.0,valve1,10.csv
2020-03-09 13:50:47,0.0,valve1,10.csv
2020-03-09 13:50:48,0.0,valve1,10.csv
2020-03-09 13:50:49,0.0,valve1,10.csv
2020-03-09 13:50:50,0.0,valve1,10.csv
2020-03-09 13:50:51,0.0,valve1,10.csv
2020-03-09 13:50:52,0.0,valve1,10.csv
2020-03-09 13:50:53,0.0,valve1,10.csv
2020-03-09 13:50:54,0.0,valve1,10.csv
2020-03-09 13:50:55,0.0,valve1,10.csv
2020-03-09 13:50:56,0.0,valve1,10.csv
2020-03-09 13:50:57,0.0,valve1,10.csv
2020-03-09 13:50:58,0.0,valve1,10.csv
2020-03-09 13:50:59,0.0,valve1,10.csv
2020-03-09 13:51:00,0.0,valve1,10.csv
2020-03-09 13:51:01,0.0,valve1,10.csv
2020-03-09 13:51:02,0.0,valve1,10.csv
2020-03-09 13:51:03,0.0,valve1,10.csv
2020-03-09 13:51:04,0.0,valve1,10.csv
2020-03-09 13:51:05,0.0,valve1,10.csv
2020-03-09 13:51:06,0.0,valve1,10.csv
2020-03-09 13:51:07,0.0,valve1,10.csv
2020-03-09 13:51:08,0.0,valve1,10.csv
2020-03-09 13:51:10,0.0,valve1,10.csv
2020-03-09 13:51:11,0.0,valve1,10.csv
2020-03-09 13:51:12,0.0,valve1,10.csv
2020-03-09 13:51:13,0.0,valve1,10.csv
2020-03-09 13:51:14,0.0,valve1,10.csv
2020-03-09 13:51:15,0.0,valve1,10.csv
2020-03-09 13:51:16,0.0,valve1,10.csv
2020-03-09 13:51:17,0.0,valve1,10.csv
2020-03-09 13:51:18,0.0,valve1,10.csv
2020-03-09 13:51:19,0.0,valve1,10.csv
2020-03-09 13:51:20,0.0,valve1,10.csv
2020-03-09 13:51:21,0.0,valve1,10.csv
2020-03-09 13:51:22,0.0,valve1,10.csv
2020-03-09 13:51:23,0.0,valve1,10.csv
2020-03-09 13:51:24,0.0,valve1,10.csv
2020-03-09 13:51:25,0.0,valve1,10.csv
2020-03-09 13:51:26,0.0,valve1,10.csv
2020-03-09 13:51:27,0.0,valve1,10.csv
2020-03-09 13:51:28,0.0,valve1,10.csv
2020-03-09 13:51:29,0.0,valve1,10.csv
2020-03-09 13:51:30,0.0,valve1,10.csv
2020-03-09 13:51:31,0.0,valve1,10.csv
2020-03-09 13:51:33,0.0,valve1,10.csv
2020-03-09 13:51:34,0.0,valve1,10.csv
2020-03-09 13:51:35,0.0,valve1,10.csv
2020-03-09 13:51:36,0.0,valve1,10.csv
2020-03-09 13:51:37,0.0,valve1,10.csv
2020-03-09 13:51:38,0.0,valve1,10.csv
2020-03-09 13:51:39,1.0,valve1,10.csv
2020-03-09 13:51:40,0.0,valve1,10.csv
2020-03-09 13:51:41,0.0,valve1,10.csv
2020-03-09 13:51:42,0.0,valve1,10.csv
2020-03-09 13:51:43,0.0,valve1,10.csv
2020-03-09 13:51:44,0.0,valve1,10.csv
2020-03-09 13:51:45,0.0,valve1,10.csv
2020-03-09 13:51:46,0.0,valve1,10.csv
2020-03-09 13:51:47,0.0,valve1,10.csv
2020-03-09 13:51:48,0.0,valve1,10.csv
2020-03-09 13:51:49,0.0,valve1,10.csv
2020-03-09 13:51:50,0.0,valve1,10.csv
2020-03-09 13:51:51,0.0,valve1,10.csv
2020-03-09 13:51:52,0.0,valve1,10.csv
2020-03-09 13:51:53,0.0,valve1,10.csv
2020-03-09 13:51:55,0.0,valve1,10.csv
2020-03-09 13:51:56,0.0,valve1,10.csv
2020-03-09 13:51:57,0.0,valve1,10.csv
2020-03-09 13:51:58,0.0,valve1,10.csv
2020-03-09 13:51:59,0.0,valve1,10.csv
2020-03-09 13:52:00,0.0,valve1,10.csv
2020-03-09 13:52:01,0.0,valve1,10.csv
2020-03-09 13:52:02,0.0,valve1,10.csv
2020-03-09 13:52:03,0.0,valve1,10.csv
2020-03-09 13:52:04,0.0,valve1,10.csv
2020-03-09 13:52:05,0.0,valve1,10.csv
2020-03-09 13:52:06,0.0,valve1,10.csv
2020-03-09 13:52:07,0.0,valve1,10.csv
2020-03-09 13:52:08,0.0,valve1,10.csv
2020-03-09 13:52:09,0.0,valve1,10.csv
2020-03-09 13:52:10,0.0,valve1,10.csv
2020-03-09 13:52:11,0.0,valve1,10.csv
2020-03-09 13:52:12,0.0,valve1,10.csv
2020-03-09 13:52:13,0.0,valve1,10.csv
2020-03-09 13:52:14,0.0,valve1,10.csv
2020-03-09 13:52:15,0.0,valve1,10.csv
2020-03-09 13:52:16,0.0,valve1,10.csv
2020-03-09 13:52:18,0.0,valve1,10.csv
2020-03-09 13:52:19,0.0,valve1,10.csv
2020-03-09 13:52:20,0.0,valve1,10.csv
2020-03-09 13:52:21,0.0,valve1,10.csv
2020-03-09 13:52:22,0.0,valve1,10.csv
2020-03-09 13:52:23,0.0,valve1,10.csv
2020-03-09 13:52:24,0.0,valve1,10.csv
2020-03-09 13:52:25,0.0,valve1,10.csv
2020-03-09 13:52:26,0.0,valve1,10.csv
2020-03-09 13:52:27,0.0,valve1,10.csv
2020-03-09 13:52:28,0.0,valve1,10.csv
2020-03-09 13:52:29,0.0,valve1,10.csv
2020-03-09 13:52:30,0.0,valve1,10.csv
2020-03-09 13:52:31,0.0,valve1,10.csv
2020-03-09 13:52:32,0.0,valve1,10.csv
2020-03-09 13:52:33,0.0,valve1,10.csv
2020-03-09 13:52:34,0.0,valve1,10.csv
2020-03-09 13:52:35,0.0,valve1,10.csv
2020-03-09 13:52:36,0.0,valve1,10.csv
2020-03-09 13:52:37,0.0,valve1,10.csv
2020-03-09 13:52:38,0.0,valve1,10.csv
2020-03-09 13:52:39,0.0,valve1,10.csv
2020-03-09 13:52:41,0.0,valve1,10.csv
2020-03-09 13:52:42,0.0,valve1,10.csv
2020-03-09 13:52:43,0.0,valve1,10.csv
2020-03-09 13:52:44,0.0,valve1,10.csv
2020-03-09 13:52:45,0.0,valve1,10.csv
2020-03-09 13:52:46,0.0,valve1,10.csv
2020-03-09 13:52:47,0.0,valve1,10.csv
2020-03-09 13:52:48,0.0,valve1,10.csv
2020-03-09 13:52:49,0.0,valve1,10.csv
2020-03-09 13:52:50,0.0,valve1,10.csv
2020-03-09 13:52:51,0.0,valve1,10.csv
2020-03-09 13:52:52,0.0,valve1,10.csv
2020-03-09 13:52:53,0.0,valve1,10.csv
2020-03-09 13:52:54,0.0,valve1,10.csv
2020-03-09 13:52:55,0.0,valve1,10.csv
2020-03-09 13:52:56,0.0,valve1,10.csv
2020-03-09 13:52:57,0.0,valve1,10.csv
2020-03-09 13:52:58,0.0,valve1,10.csv
2020-03-09 13:52:59,0.0,valve1,10.csv
2020-03-09 13:53:00,0.0,valve1,10.csv
2020-03-09 13:53:01,0.0,valve1,10.csv
2020-03-09 13:53:02,0.0,valve1,10.csv
2020-03-09 13:53:04,0.0,valve1,10.csv
2020-03-09 13:53:05,0.0,valve1,10.csv
2020-03-09 13:53:06,0.0,valve1,10.csv
2020-03-09 13:53:07,0.0,valve1,10.csv
2020-03-09 13:53:08,0.0,valve1,10.csv
2020-03-09 13:53:09,0.0,valve1,10.csv
2020-03-09 13:53:10,0.0,valve1,10.csv
2020-03-09 13:53:11,0.0,valve1,10.csv
2020-03-09 13:53:12,0.0,valve1,10.csv
2020-03-09 13:53:13,0.0,valve1,10.csv
2020-03-09 13:53:14,0.0,valve1,10.csv
2020-03-09 13:53:15,0.0,valve1,10.csv
2020-03-09 13:53:16,0.0,valve1,10.csv
2020-03-09 13:53:17,0.0,valve1,10.csv
2020-03-09 13:53:18,0.0,valve1,10.csv
2020-03-09 13:53:19,0.0,valve1,10.csv
2020-03-09 13:53:20,0.0,valve1,10.csv
2020-03-09 13:53:21,0.0,valve1,10.csv
2020-03-09 13:53:22,0.0,valve1,10.csv
2020-03-09 13:53:23,0.0,valve1,10.csv
2020-03-09 13:53:24,0.0,valve1,10.csv
2020-03-09 13:53:25,0.0,valve1,10.csv
2020-03-09 13:53:26,0.0,valve1,10.csv
2020-03-09 13:53:28,0.0,valve1,10.csv
2020-03-09 13:53:29,0.0,valve1,10.csv
2020-03-09 13:53:30,0.0,valve1,10.csv
2020-03-09 13:53:31,0.0,valve1,10.csv
2020-03-09 13:53:32,0.0,valve1,10.csv
2020-03-09 13:53:33,0.0,valve1,10.csv
2020-03-09 13:53:34,0.0,valve1,10.csv
2020-03-09 13:53:35,0.0,valve1,10.csv
2020-03-09 13:53:36,0.0,valve1,10.csv
2020-03-09 13:53:37,0.0,valve1,10.csv
2020-03-09 13:53:38,0.0,valve1,10.csv
2020-03-09 13:53:39,0.0,valve1,10.csv
2020-03-09 13:53:40,0.0,valve1,10.csv
2020-03-09 13:53:41,0.0,valve1,10.csv
2020-03-09 13:53:42,0.0,valve1,10.csv
2020-03-09 13:53:43,0.0,valve1,10.csv
2020-03-09 13:53:44,0.0,valve1,10.csv
2020-03-09 13:53:45,0.0,valve1,10.csv
2020-03-09 13:53:46,0.0,valve1,10.csv
2020-03-09 13:53:47,0.0,valve1,10.csv
2020-03-09 13:53:48,0.0,valve1,10.csv
2020-03-09 13:53:50,0.0,valve1,10.csv
2020-03-09 13:53:51,0.0,valve1,10.csv
2020-03-09 13:53:52,0.0,valve1,10.csv
2020-03-09 13:53:53,0.0,valve1,10.csv
2020-03-09 13:53:54,0.0,valve1,10.csv
2020-03-09 13:53:55,0.0,valve1,10.csv
2020-03-09 13:53:56,0.0,valve1,10.csv
2020-03-09 13:53:57,0.0,valve1,10.csv
2020-03-09 13:53:58,0.0,valve1,10.csv
2020-03-09 13:53:59,0.0,valve1,10.csv
2020-03-09 13:54:00,0.0,valve1,10.csv
2020-03-09 13:54:01,0.0,valve1,10.csv
2020-03-09 13:54:02,0.0,valve1,10.csv
2020-03-09 13:54:03,0.0,valve1,10.csv
2020-03-09 13:54:04,0.0,valve1,10.csv
2020-03-09 13:54:05,0.0,valve1,10.csv
2020-03-09 13:54:06,0.0,valve1,10.csv
2020-03-09 13:54:07,0.0,valve1,10.csv
2020-03-09 13:54:08,0.0,valve1,10.csv
2020-03-09 13:54:09,0.0,valve1,10.csv
2020-03-09 13:54:10,0.0,valve1,10.csv
2020-03-09 13:54:12,0.0,valve1,10.csv
2020-03-09 13:54:13,0.0,valve1,10.csv
2020-03-09 13:54:14,0.0,valve1,10.csv
2020-03-09 13:54:15,0.0,valve1,10.csv
2020-03-09 13:54:16,0.0,valve1,10.csv
2020-03-09 13:54:17,0.0,valve1,10.csv
2020-03-09 13:54:18,0.0,valve1,10.csv
2020-03-09 13:54:19,0.0,valve1,10.csv
2020-03-09 13:54:20,0.0,valve1,10.csv
2020-03-09 13:54:21,0.0,valve1,10.csv
2020-03-09 13:54:22,0.0,valve1,10.csv
2020-03-09 13:54:23,0.0,valve1,10.csv
2020-03-09 13:54:24,0.0,valve1,10.csv
2020-03-09 13:54:25,0.0,valve1,10.csv
2020-03-09 13:54:26,0.0,valve1,10.csv
2020-03-09 13:54:27,0.0,valve1,10.csv
2020-03-09 13:54:28,0.0,valve1,10.csv
2020-03-09 13:54:29,0.0,valve1,10.csv
2020-03-09 13:54:30,0.0,valve1,10.csv
2020-03-09 13:54:31,0.0,valve1,10.csv
2020-03-09 13:54:32,0.0,valve1,10.csv
2020-03-09 13:54:33,0.0,valve1,10.csv
2020-03-09 13:54:35,0.0,valve1,10.csv
2020-03-09 13:54:36,0.0,valve1,10.csv
2020-03-09 13:54:37,0.0,valve1,10.csv
2020-03-09 13:54:38,0.0,valve1,10.csv
2020-03-09 13:54:39,0.0,valve1,11.csv
2020-03-09 13:54:40,0.0,valve1,11.csv
2020-03-09 13:54:41,0.0,valve1,11.csv
2020-03-09 13:54:42,0.0,valve1,11.csv
2020-03-09 13:54:43,0.0,valve1,11.csv
2020-03-09 13:54:44,0.0,valve1,11.csv
2020-03-09 13:54:45,0.0,valve1,11.csv
2020-03-09 13:54:46,0.0,valve1,11.csv
2020-03-09 13:54:47,0.0,valve1,11.csv
2020-03-09 13:54:48,0.0,valve1,11.csv
2020-03-09 13:54:49,0.0,valve1,11.csv
2020-03-09 13:54:50,0.0,valve1,11.csv
2020-03-09 13:54:51,0.0,valve1,11.csv
2020-03-09 13:54:52,0.0,valve1,11.csv
2020-03-09 13:54:53,0.0,valve1,11.csv
2020-03-09 13:54:54,0.0,valve1,11.csv
2020-03-09 13:54:55,0.0,valve1,11.csv
2020-03-09 13:54:57,0.0,valve1,11.csv
2020-03-09 13:54:58,0.0,valve1,11.csv
2020-03-09 13:54:59,0.0,valve1,11.csv
2020-03-09 13:55:00,0.0,valve1,11.csv
2020-03-09 13:55:01,0.0,valve1,11.csv
2020-03-09 13:55:02,0.0,valve1,11.csv
2020-03-09 13:55:03,0.0,valve1,11.csv
2020-03-09 13:55:04,0.0,valve1,11.csv
2020-03-09 13:55:05,0.0,valve1,11.csv
2020-03-09 13:55:06,0.0,valve1,11.csv
2020-03-09 13:55:07,0.0,valve1,11.csv
2020-03-09 13:55:08,0.0,valve1,11.csv
2020-03-09 13:55:09,0.0,valve1,11.csv
2020-03-09 13:55:10,0.0,valve1,11.csv
2020-03-09 13:55:11,0.0,valve1,11.csv
2020-03-09 13:55:12,0.0,valve1,11.csv
2020-03-09 13:55:13,0.0,valve1,11.csv
2020-03-09 13:55:14,0.0,valve1,11.csv
2020-03-09 13:55:15,0.0,valve1,11.csv
2020-03-09 13:55:16,0.0,valve1,11.csv
2020-03-09 13:55:17,0.0,valve1,11.csv
2020-03-09 13:55:18,0.0,valve1,11.csv
2020-03-09 13:55:20,0.0,valve1,11.csv
2020-03-09 13:55:21,0.0,valve1,11.csv
2020-03-09 13:55:22,0.0,valve1,11.csv
2020-03-09 13:55:23,0.0,valve1,11.csv
2020-03-09 13:55:24,0.0,valve1,11.csv
2020-03-09 13:55:25,0.0,valve1,11.csv
2020-03-09 13:55:26,0.0,valve1,11.csv
2020-03-09 13:55:27,0.0,valve1,11.csv
2020-03-09 13:55:28,0.0,valve1,11.csv
2020-03-09 13:55:29,0.0,valve1,11.csv
2020-03-09 13:55:30,0.0,valve1,11.csv
2020-03-09 13:55:31,0.0,valve1,11.csv
2020-03-09 13:55:32,0.0,valve1,11.csv
2020-03-09 13:55:33,0.0,valve1,11.csv
2020-03-09 13:55:34,0.0,valve1,11.csv
2020-03-09 13:55:35,0.0,valve1,11.csv
2020-03-09 13:55:36,0.0,valve1,11.csv
2020-03-09 13:55:37,0.0,valve1,11.csv
2020-03-09 13:55:38,0.0,valve1,11.csv
2020-03-09 13:55:39,0.0,valve1,11.csv
2020-03-09 13:55:40,0.0,valve1,11.csv
2020-03-09 13:55:42,0.0,valve1,11.csv
2020-03-09 13:55:43,0.0,valve1,11.csv
2020-03-09 13:55:44,0.0,valve1,11.csv
2020-03-09 13:55:45,0.0,valve1,11.csv
2020-03-09 13:55:46,0.0,valve1,11.csv
2020-03-09 13:55:47,0.0,valve1,11.csv
2020-03-09 13:55:48,0.0,valve1,11.csv
2020-03-09 13:55:49,0.0,valve1,11.csv
2020-03-09 13:55:50,0.0,valve1,11.csv
2020-03-09 13:55:51,0.0,valve1,11.csv
2020-03-09 13:55:52,0.0,valve1,11.csv
2020-03-09 13:55:53,0.0,valve1,11.csv
2020-03-09 13:55:54,0.0,valve1,11.csv
2020-03-09 13:55:56,0.0,valve1,11.csv
2020-03-09 13:55:57,0.0,valve1,11.csv
2020-03-09 13:55:58,0.0,valve1,11.csv
2020-03-09 13:55:59,0.0,valve1,11.csv
2020-03-09 13:56:00,0.0,valve1,11.csv
2020-03-09 13:56:01,0.0,valve1,11.csv
2020-03-09 13:56:02,0.0,valve1,11.csv
2020-03-09 13:56:03,0.0,valve1,11.csv
2020-03-09 13:56:04,0.0,valve1,11.csv
2020-03-09 13:56:05,0.0,valve1,11.csv
2020-03-09 13:56:06,0.0,valve1,11.csv
2020-03-09 13:56:07,0.0,valve1,11.csv
2020-03-09 13:56:08,0.0,valve1,11.csv
2020-03-09 13:56:09,0.0,valve1,11.csv
2020-03-09 13:56:10,0.0,valve1,11.csv
2020-03-09 13:56:11,0.0,valve1,11.csv
2020-03-09 13:56:12,0.0,valve1,11.csv
2020-03-09 13:56:13,0.0,valve1,11.csv
2020-03-09 13:56:14,0.0,valve1,11.csv
2020-03-09 13:56:15,0.0,valve1,11.csv
2020-03-09 13:56:17,0.0,valve1,11.csv
2020-03-09 13:56:18,0.0,valve1,11.csv
2020-03-09 13:56:19,0.0,valve1,11.csv
2020-03-09 13:56:20,0.0,valve1,11.csv
2020-03-09 13:56:21,0.0,valve1,11.csv
2020-03-09 13:56:22,0.0,valve1,11.csv
2020-03-09 13:56:23,0.0,valve1,11.csv
2020-03-09 13:56:24,0.0,valve1,11.csv
2020-03-09 13:56:25,0.0,valve1,11.csv
2020-03-09 13:56:26,0.0,valve1,11.csv
2020-03-09 13:56:27,0.0,valve1,11.csv
2020-03-09 13:56:28,0.0,valve1,11.csv
2020-03-09 13:56:29,0.0,valve1,11.csv
2020-03-09 13:56:30,0.0,valve1,11.csv
2020-03-09 13:56:31,0.0,valve1,11.csv
2020-03-09 13:56:32,0.0,valve1,11.csv
2020-03-09 13:56:33,0.0,valve1,11.csv
2020-03-09 13:56:34,0.0,valve1,11.csv
2020-03-09 13:56:35,0.0,valve1,11.csv
2020-03-09 13:56:36,0.0,valve1,11.csv
2020-03-09 13:56:37,0.0,valve1,11.csv
2020-03-09 13:56:38,0.0,valve1,11.csv
2020-03-09 13:56:39,0.0,valve1,11.csv
2020-03-09 13:56:41,0.0,valve1,11.csv
2020-03-09 13:56:42,0.0,valve1,11.csv
2020-03-09 13:56:43,0.0,valve1,11.csv
2020-03-09 13:56:44,0.0,valve1,11.csv
2020-03-09 13:56:45,0.0,valve1,11.csv
2020-03-09 13:56:46,0.0,valve1,11.csv
2020-03-09 13:56:47,0.0,valve1,11.csv
2020-03-09 13:56:48,0.0,valve1,11.csv
2020-03-09 13:56:49,0.0,valve1,11.csv
2020-03-09 13:56:50,0.0,valve1,11.csv
2020-03-09 13:56:51,0.0,valve1,11.csv
2020-03-09 13:56:52,0.0,valve1,11.csv
2020-03-09 13:56:53,0.0,valve1,11.csv
2020-03-09 13:56:54,0.0,valve1,11.csv
2020-03-09 13:56:55,0.0,valve1,11.csv
2020-03-09 13:56:56,0.0,valve1,11.csv
2020-03-09 13:56:57,0.0,valve1,11.csv
2020-03-09 13:56:59,0.0,valve1,11.csv
2020-03-09 13:57:00,0.0,valve1,11.csv
2020-03-09 13:57:01,0.0,valve1,11.csv
2020-03-09 13:57:02,0.0,valve1,11.csv
2020-03-09 13:57:03,0.0,valve1,11.csv
2020-03-09 13:57:04,0.0,valve1,11.csv
2020-03-09 13:57:05,0.0,valve1,11.csv
2020-03-09 13:57:06,0.0,valve1,11.csv
2020-03-09 13:57:07,0.0,valve1,11.csv
2020-03-09 13:57:08,0.0,valve1,11.csv
2020-03-09 13:57:09,0.0,valve1,11.csv
2020-03-09 13:57:10,0.0,valve1,11.csv
2020-03-09 13:57:11,0.0,valve1,11.csv
2020-03-09 13:57:12,0.0,valve1,11.csv
2020-03-09 13:57:13,0.0,valve1,11.csv
2020-03-09 13:57:14,0.0,valve1,11.csv
2020-03-09 13:57:15,0.0,valve1,11.csv
2020-03-09 13:57:16,0.0,valve1,11.csv
2020-03-09 13:57:17,0.0,valve1,11.csv
2020-03-09 13:57:18,0.0,valve1,11.csv
2020-03-09 13:57:19,0.0,valve1,11.csv
2020-03-09 13:57:21,0.0,valve1,11.csv
2020-03-09 13:57:22,0.0,valve1,11.csv
2020-03-09 13:57:23,0.0,valve1,11.csv
2020-03-09 13:57:24,0.0,valve1,11.csv
2020-03-09 13:57:25,0.0,valve1,11.csv
2020-03-09 13:57:26,0.0,valve1,11.csv
2020-03-09 13:57:27,0.0,valve1,11.csv
2020-03-09 13:57:28,0.0,valve1,11.csv
2020-03-09 13:57:29,0.0,valve1,11.csv
2020-03-09 13:57:30,0.0,valve1,11.csv
2020-03-09 13:57:31,0.0,valve1,11.csv
2020-03-09 13:57:32,0.0,valve1,11.csv
2020-03-09 13:57:33,0.0,valve1,11.csv
2020-03-09 13:57:34,0.0,valve1,11.csv
2020-03-09 13:57:35,0.0,valve1,11.csv
2020-03-09 13:57:36,0.0,valve1,11.csv
2020-03-09 13:57:37,0.0,valve1,11.csv
2020-03-09 13:57:38,0.0,valve1,11.csv
2020-03-09 13:57:39,0.0,valve1,11.csv
2020-03-09 13:57:40,0.0,valve1,11.csv
2020-03-09 13:57:42,0.0,valve1,11.csv
2020-03-09 13:57:43,0.0,valve1,11.csv
2020-03-09 13:57:44,0.0,valve1,11.csv
2020-03-09 13:57:45,0.0,valve1,11.csv
2020-03-09 13:57:46,0.0,valve1,11.csv
2020-03-09 13:57:47,0.0,valve1,11.csv
2020-03-09 13:57:48,0.0,valve1,11.csv
2020-03-09 13:57:49,0.0,valve1,11.csv
2020-03-09 13:57:50,0.0,valve1,11.csv
2020-03-09 13:57:51,0.0,valve1,11.csv
2020-03-09 13:57:52,0.0,valve1,11.csv
2020-03-09 13:57:53,0.0,valve1,11.csv
2020-03-09 13:57:54,0.0,valve1,11.csv
2020-03-09 13:57:55,0.0,valve1,11.csv
2020-03-09 13:57:56,0.0,valve1,11.csv
2020-03-09 13:57:57,0.0,valve1,11.csv
2020-03-09 13:57:58,0.0,valve1,11.csv
2020-03-09 13:57:59,0.0,valve1,11.csv
2020-03-09 13:58:00,0.0,valve1,11.csv
2020-03-09 13:58:02,0.0,valve1,11.csv
2020-03-09 13:58:03,0.0,valve1,11.csv
2020-03-09 13:58:04,0.0,valve1,11.csv
2020-03-09 13:58:05,0.0,valve1,11.csv
2020-03-09 13:58:06,0.0,valve1,11.csv
2020-03-09 13:58:07,0.0,valve1,11.csv
2020-03-09 13:58:08,0.0,valve1,11.csv
2020-03-09 13:58:09,0.0,valve1,11.csv
2020-03-09 13:58:10,0.0,valve1,11.csv
2020-03-09 13:58:11,0.0,valve1,11.csv
2020-03-09 13:58:12,0.0,valve1,11.csv
2020-03-09 13:58:13,0.0,valve1,11.csv
2020-03-09 13:58:14,0.0,valve1,11.csv
2020-03-09 13:58:15,0.0,valve1,11.csv
2020-03-09 13:58:16,0.0,valve1,11.csv
2020-03-09 13:58:17,0.0,valve1,11.csv
2020-03-09 13:58:18,0.0,valve1,11.csv
2020-03-09 13:58:19,0.0,valve1,11.csv
2020-03-09 13:58:20,0.0,valve1,11.csv
2020-03-09 13:58:21,0.0,valve1,11.csv
2020-03-09 13:58:22,0.0,valve1,11.csv
2020-03-09 13:58:23,0.0,valve1,11.csv
2020-03-09 13:58:25,0.0,valve1,11.csv
2020-03-09 13:58:26,0.0,valve1,11.csv
2020-03-09 13:58:27,0.0,valve1,11.csv
2020-03-09 13:58:28,0.0,valve1,11.csv
2020-03-09 13:58:29,0.0,valve1,11.csv
2020-03-09 13:58:30,0.0,valve1,11.csv
2020-03-09 13:58:31,0.0,valve1,11.csv
2020-03-09 13:58:32,0.0,valve1,11.csv
2020-03-09 13:58:33,0.0,valve1,11.csv
2020-03-09 13:58:34,0.0,valve1,11.csv
2020-03-09 13:58:35,0.0,valve1,11.csv
2020-03-09 13:58:36,0.0,valve1,11.csv
2020-03-09 13:58:37,0.0,valve1,11.csv
2020-03-09 13:58:38,0.0,valve1,11.csv
2020-03-09 13:58:39,0.0,valve1,11.csv
2020-03-09 13:58:40,0.0,valve1,11.csv
2020-03-09 13:58:41,0.0,valve1,11.csv
2020-03-09 13:58:42,0.0,valve1,11.csv
2020-03-09 13:58:43,0.0,valve1,11.csv
2020-03-09 13:58:45,0.0,valve1,11.csv
2020-03-09 13:58:46,0.0,valve1,11.csv
2020-03-09 13:58:47,0.0,valve1,11.csv
2020-03-09 13:58:48,0.0,valve1,11.csv
2020-03-09 13:58:49,0.0,valve1,11.csv
2020-03-09 13:58:50,0.0,valve1,11.csv
2020-03-09 13:58:51,0.0,valve1,11.csv
2020-03-09 13:58:52,0.0,valve1,11.csv
2020-03-09 13:58:53,0.0,valve1,11.csv
2020-03-09 13:58:54,0.0,valve1,11.csv
2020-03-09 13:58:55,0.0,valve1,11.csv
2020-03-09 13:58:56,0.0,valve1,11.csv
2020-03-09 13:58:57,0.0,valve1,11.csv
2020-03-09 13:58:58,0.0,valve1,11.csv
2020-03-09 13:58:59,0.0,valve1,11.csv
2020-03-09 13:59:00,0.0,valve1,11.csv
2020-03-09 13:59:01,0.0,valve1,11.csv
2020-03-09 13:59:02,0.0,valve1,11.csv
2020-03-09 13:59:03,0.0,valve1,11.csv
2020-03-09 13:59:05,0.0,valve1,11.csv
2020-03-09 13:59:06,0.0,valve1,11.csv
2020-03-09 13:59:07,0.0,valve1,11.csv
2020-03-09 13:59:08,0.0,valve1,11.csv
2020-03-09 13:59:09,0.0,valve1,11.csv
2020-03-09 13:59:10,0.0,valve1,11.csv
2020-03-09 13:59:11,0.0,valve1,11.csv
2020-03-09 13:59:12,0.0,valve1,11.csv
2020-03-09 13:59:13,0.0,valve1,11.csv
2020-03-09 13:59:14,0.0,valve1,11.csv
2020-03-09 13:59:15,0.0,valve1,11.csv
2020-03-09 13:59:16,0.0,valve1,11.csv
2020-03-09 13:59:17,0.0,valve1,11.csv
2020-03-09 13:59:18,0.0,valve1,11.csv
2020-03-09 13:59:19,0.0,valve1,11.csv
2020-03-09 13:59:20,0.0,valve1,11.csv
2020-03-09 13:59:21,0.0,valve1,11.csv
2020-03-09 13:59:22,0.0,valve1,11.csv
2020-03-09 13:59:23,0.0,valve1,11.csv
2020-03-09 13:59:24,0.0,valve1,11.csv
2020-03-09 13:59:25,0.0,valve1,11.csv
2020-03-09 13:59:26,0.0,valve1,11.csv
2020-03-09 13:59:27,0.0,valve1,11.csv
2020-03-09 13:59:29,0.0,valve1,11.csv
2020-03-09 13:59:30,0.0,valve1,11.csv
2020-03-09 13:59:31,0.0,valve1,11.csv
2020-03-09 13:59:32,0.0,valve1,11.csv
2020-03-09 13:59:33,0.0,valve1,11.csv
2020-03-09 13:59:34,0.0,valve1,11.csv
2020-03-09 13:59:35,0.0,valve1,11.csv
2020-03-09 13:59:36,0.0,valve1,11.csv
2020-03-09 13:59:37,0.0,valve1,11.csv
2020-03-09 13:59:38,0.0,valve1,11.csv
2020-03-09 13:59:39,0.0,valve1,11.csv
2020-03-09 13:59:40,0.0,valve1,11.csv
2020-03-09 13:59:41,0.0,valve1,11.csv
2020-03-09 13:59:42,0.0,valve1,11.csv
2020-03-09 13:59:43,0.0,valve1,11.csv
2020-03-09 13:59:44,0.0,valve1,11.csv
2020-03-09 13:59:45,0.0,valve1,11.csv
2020-03-09 13:59:46,0.0,valve1,11.csv
2020-03-09 13:59:47,0.0,valve1,11.csv
2020-03-09 13:59:48,0.0,valve1,11.csv
2020-03-09 13:59:50,0.0,valve1,11.csv
2020-03-09 13:59:51,0.0,valve1,11.csv
2020-03-09 13:59:52,0.0,valve1,11.csv
2020-03-09 13:59:53,0.0,valve1,11.csv
2020-03-09 13:59:54,0.0,valve1,11.csv
2020-03-09 13:59:55,0.0,valve1,11.csv
2020-03-09 13:59:56,0.0,valve1,11.csv
2020-03-09 13:59:57,0.0,valve1,11.csv
2020-03-09 13:59:58,0.0,valve1,11.csv
2020-03-09 13:59:59,0.0,valve1,11.csv
2020-03-09 14:00:00,0.0,valve1,11.csv
2020-03-09 14:00:01,0.0,valve1,11.csv
2020-03-09 14:00:02,0.0,valve1,11.csv
2020-03-09 14:00:03,0.0,valve1,11.csv
2020-03-09 14:00:04,0.0,valve1,11.csv
2020-03-09 14:00:05,0.0,valve1,11.csv
2020-03-09 14:00:06,0.0,valve1,11.csv
2020-03-09 14:00:07,0.0,valve1,11.csv
2020-03-09 14:00:08,0.0,valve1,11.csv
2020-03-09 14:00:09,0.0,valve1,11.csv
2020-03-09 14:00:11,0.0,valve1,11.csv
2020-03-09 14:00:12,0.0,valve1,11.csv
2020-03-09 14:00:13,0.0,valve1,11.csv
2020-03-09 14:00:14,0.0,valve1,11.csv
2020-03-09 14:00:15,0.0,valve1,11.csv
2020-03-09 14:00:16,0.0,valve1,11.csv
2020-03-09 14:00:17,0.0,valve1,11.csv
2020-03-09 14:00:18,0.0,valve1,11.csv
2020-03-09 14:00:19,0.0,valve1,11.csv
2020-03-09 14:00:20,0.0,valve1,11.csv
2020-03-09 14:00:21,0.0,valve1,11.csv
2020-03-09 14:00:22,0.0,valve1,11.csv
2020-03-09 14:00:23,0.0,valve1,11.csv
2020-03-09 14:00:24,0.0,valve1,11.csv
2020-03-09 14:00:25,0.0,valve1,11.csv
2020-03-09 14:00:26,0.0,valve1,11.csv
2020-03-09 14:00:27,0.0,valve1,11.csv
2020-03-09 14:00:28,0.0,valve1,11.csv
2020-03-09 14:00:29,0.0,valve1,11.csv
2020-03-09 14:00:30,0.0,valve1,11.csv
2020-03-09 14:00:31,0.0,valve1,11.csv
2020-03-09 14:00:32,0.0,valve1,11.csv
2020-03-09 14:00:33,0.0,valve1,11.csv
2020-03-09 14:00:35,0.0,valve1,11.csv
2020-03-09 14:00:36,0.0,valve1,11.csv
2020-03-09 14:00:37,0.0,valve1,11.csv
2020-03-09 14:00:38,0.0,valve1,11.csv
2020-03-09 14:00:39,0.0,valve1,11.csv
2020-03-09 14:00:40,0.0,valve1,11.csv
2020-03-09 14:00:41,0.0,valve1,11.csv
2020-03-09 14:00:42,0.0,valve1,11.csv
2020-03-09 14:00:43,0.0,valve1,11.csv
2020-03-09 14:00:44,0.0,valve1,11.csv
2020-03-09 14:00:45,0.0,valve1,11.csv
2020-03-09 14:00:46,0.0,valve1,11.csv
2020-03-09 14:00:47,0.0,valve1,11.csv
2020-03-09 14:00:48,0.0,valve1,11.csv
2020-03-09 14:00:49,0.0,valve1,11.csv
2020-03-09 14:00:50,0.0,valve1,11.csv
2020-03-09 14:00:51,0.0,valve1,11.csv
2020-03-09 14:00:52,0.0,valve1,11.csv
2020-03-09 14:00:53,0.0,valve1,11.csv
2020-03-09 14:00:54,0.0,valve1,11.csv
2020-03-09 14:00:55,0.0,valve1,11.csv
2020-03-09 14:00:57,0.0,valve1,11.csv
2020-03-09 14:00:58,0.0,valve1,11.csv
2020-03-09 14:00:59,0.0,valve1,11.csv
2020-03-09 14:01:00,0.0,valve1,11.csv
2020-03-09 14:01:01,0.0,valve1,11.csv
2020-03-09 14:01:02,0.0,valve1,11.csv
2020-03-09 14:01:03,0.0,valve1,11.csv
2020-03-09 14:01:04,0.0,valve1,11.csv
2020-03-09 14:01:05,0.0,valve1,11.csv
2020-03-09 14:01:06,0.0,valve1,11.csv
2020-03-09 14:01:07,0.0,valve1,11.csv
2020-03-09 14:01:09,0.0,valve1,11.csv
2020-03-09 14:01:10,0.0,valve1,11.csv
2020-03-09 14:01:11,0.0,valve1,11.csv
2020-03-09 14:01:12,0.0,valve1,11.csv
2020-03-09 14:01:13,0.0,valve1,11.csv
2020-03-09 14:01:14,0.0,valve1,11.csv
2020-03-09 14:01:15,0.0,valve1,11.csv
2020-03-09 14:01:16,0.0,valve1,11.csv
2020-03-09 14:01:17,0.0,valve1,11.csv
2020-03-09 14:01:18,0.0,valve1,11.csv
2020-03-09 14:01:19,0.0,valve1,11.csv
2020-03-09 14:01:20,0.0,valve1,11.csv
2020-03-09 14:01:21,0.0,valve1,11.csv
2020-03-09 14:01:22,0.0,valve1,11.csv
2020-03-09 14:01:23,0.0,valve1,11.csv
2020-03-09 14:01:24,0.0,valve1,11.csv
2020-03-09 14:01:25,0.0,valve1,11.csv
2020-03-09 14:01:26,0.0,valve1,11.csv
2020-03-09 14:01:27,0.0,valve1,11.csv
2020-03-09 14:01:28,0.0,valve1,11.csv
2020-03-09 14:01:29,0.0,valve1,11.csv
2020-03-09 14:01:30,0.0,valve1,11.csv
2020-03-09 14:01:31,0.0,valve1,11.csv
2020-03-09 14:01:33,0.0,valve1,11.csv
2020-03-09 14:01:34,0.0,valve1,11.csv
2020-03-09 14:01:35,0.0,valve1,11.csv
2020-03-09 14:01:36,0.0,valve1,11.csv
2020-03-09 14:01:37,0.0,valve1,11.csv
2020-03-09 14:01:38,0.0,valve1,11.csv
2020-03-09 14:01:39,0.0,valve1,11.csv
2020-03-09 14:01:40,0.0,valve1,11.csv
2020-03-09 14:01:41,0.0,valve1,11.csv
2020-03-09 14:01:42,0.0,valve1,11.csv
2020-03-09 14:01:43,0.0,valve1,11.csv
2020-03-09 14:01:44,0.0,valve1,11.csv
2020-03-09 14:01:45,0.0,valve1,11.csv
2020-03-09 14:01:46,0.0,valve1,11.csv
2020-03-09 14:01:47,0.0,valve1,11.csv
2020-03-09 14:01:48,0.0,valve1,11.csv
2020-03-09 14:01:49,0.0,valve1,11.csv
2020-03-09 14:01:50,0.0,valve1,11.csv
2020-03-09 14:01:51,0.0,valve1,11.csv
2020-03-09 14:01:52,0.0,valve1,11.csv
2020-03-09 14:01:54,0.0,valve1,11.csv
2020-03-09 14:01:55,0.0,valve1,11.csv
2020-03-09 14:01:56,0.0,valve1,11.csv
2020-03-09 14:01:57,0.0,valve1,11.csv
2020-03-09 14:01:58,0.0,valve1,11.csv
2020-03-09 14:01:59,0.0,valve1,11.csv
2020-03-09 14:02:00,0.0,valve1,11.csv
2020-03-09 14:02:01,0.0,valve1,11.csv
2020-03-09 14:02:02,0.0,valve1,11.csv
2020-03-09 14:02:03,0.0,valve1,11.csv
2020-03-09 14:02:04,0.0,valve1,11.csv
2020-03-09 14:02:05,0.0,valve1,11.csv
2020-03-09 14:02:06,0.0,valve1,11.csv
2020-03-09 14:02:07,0.0,valve1,11.csv
2020-03-09 14:02:08,0.0,valve1,11.csv
2020-03-09 14:02:09,0.0,valve1,11.csv
2020-03-09 14:02:10,0.0,valve1,11.csv
2020-03-09 14:02:11,0.0,valve1,11.csv
2020-03-09 14:02:12,0.0,valve1,11.csv
2020-03-09 14:02:13,0.0,valve1,11.csv
2020-03-09 14:02:15,0.0,valve1,11.csv
2020-03-09 14:02:16,0.0,valve1,11.csv
2020-03-09 14:02:17,0.0,valve1,11.csv
2020-03-09 14:02:18,0.0,valve1,11.csv
2020-03-09 14:02:19,0.0,valve1,11.csv
2020-03-09 14:02:20,0.0,valve1,11.csv
2020-03-09 14:02:21,0.0,valve1,11.csv
2020-03-09 14:02:22,0.0,valve1,11.csv
2020-03-09 14:02:23,0.0,valve1,11.csv
2020-03-09 14:02:24,0.0,valve1,11.csv
2020-03-09 14:02:25,0.0,valve1,11.csv
2020-03-09 14:02:26,0.0,valve1,11.csv
2020-03-09 14:02:27,0.0,valve1,11.csv
2020-03-09 14:02:28,0.0,valve1,11.csv
2020-03-09 14:02:29,0.0,valve1,11.csv
2020-03-09 14:02:30,0.0,valve1,11.csv
2020-03-09 14:02:31,0.0,valve1,11.csv
2020-03-09 14:02:32,0.0,valve1,11.csv
2020-03-09 14:02:33,0.0,valve1,11.csv
2020-03-09 14:02:34,0.0,valve1,11.csv
2020-03-09 14:02:35,0.0,valve1,11.csv
2020-03-09 14:02:36,0.0,valve1,11.csv
2020-03-09 14:02:37,0.0,valve1,11.csv
2020-03-09 14:02:38,0.0,valve1,11.csv
2020-03-09 14:02:40,0.0,valve1,11.csv
2020-03-09 14:02:41,0.0,valve1,11.csv
2020-03-09 14:02:42,0.0,valve1,11.csv
2020-03-09 14:02:43,0.0,valve1,11.csv
2020-03-09 14:02:44,0.0,valve1,11.csv
2020-03-09 14:02:45,0.0,valve1,11.csv
2020-03-09 14:02:46,0.0,valve1,11.csv
2020-03-09 14:02:47,0.0,valve1,11.csv
2020-03-09 14:02:48,0.0,valve1,11.csv
2020-03-09 14:02:49,0.0,valve1,11.csv
2020-03-09 14:02:50,0.0,valve1,11.csv
2020-03-09 14:02:51,0.0,valve1,11.csv
2020-03-09 14:02:52,0.0,valve1,11.csv
2020-03-09 14:02:53,0.0,valve1,11.csv
2020-03-09 14:02:54,0.0,valve1,11.csv
2020-03-09 14:02:55,0.0,valve1,11.csv
2020-03-09 14:02:56,0.0,valve1,11.csv
2020-03-09 14:02:57,0.0,valve1,11.csv
2020-03-09 14:02:58,0.0,valve1,11.csv
2020-03-09 14:02:59,0.0,valve1,11.csv
2020-03-09 14:03:00,0.0,valve1,11.csv
2020-03-09 14:03:01,0.0,valve1,11.csv
2020-03-09 14:03:02,0.0,valve1,11.csv
2020-03-09 14:03:04,0.0,valve1,11.csv
2020-03-09 14:03:05,0.0,valve1,11.csv
2020-03-09 14:03:06,0.0,valve1,11.csv
2020-03-09 14:03:07,0.0,valve1,11.csv
2020-03-09 14:03:08,0.0,valve1,11.csv
2020-03-09 14:03:09,0.0,valve1,11.csv
2020-03-09 14:03:10,0.0,valve1,11.csv
2020-03-09 14:03:11,0.0,valve1,11.csv
2020-03-09 14:03:12,0.0,valve1,11.csv
2020-03-09 14:03:13,0.0,valve1,11.csv
2020-03-09 14:03:14,0.0,valve1,11.csv
2020-03-09 14:03:15,0.0,valve1,11.csv
2020-03-09 14:03:16,0.0,valve1,11.csv
2020-03-09 14:03:17,0.0,valve1,11.csv
2020-03-09 14:03:18,0.0,valve1,11.csv
2020-03-09 14:03:19,0.0,valve1,11.csv
2020-03-09 14:03:20,0.0,valve1,11.csv
2020-03-09 14:03:21,0.0,valve1,11.csv
2020-03-09 14:03:22,0.0,valve1,11.csv
2020-03-09 14:03:23,0.0,valve1,11.csv
2020-03-09 14:03:24,0.0,valve1,11.csv
2020-03-09 14:03:25,0.0,valve1,11.csv
2020-03-09 14:03:26,0.0,valve1,11.csv
2020-03-09 14:03:27,0.0,valve1,11.csv
2020-03-09 14:03:29,0.0,valve1,11.csv
2020-03-09 14:03:30,0.0,valve1,11.csv
2020-03-09 14:03:31,0.0,valve1,11.csv
2020-03-09 14:03:32,0.0,valve1,11.csv
2020-03-09 14:03:33,0.0,valve1,11.csv
2020-03-09 14:03:34,0.0,valve1,11.csv
2020-03-09 14:03:35,0.0,valve1,11.csv
2020-03-09 14:03:36,0.0,valve1,11.csv
2020-03-09 14:03:37,0.0,valve1,11.csv
2020-03-09 14:03:38,0.0,valve1,11.csv
2020-03-09 14:03:39,0.0,valve1,11.csv
2020-03-09 14:03:40,0.0,valve1,11.csv
2020-03-09 14:03:41,0.0,valve1,11.csv
2020-03-09 14:03:42,0.0,valve1,11.csv
2020-03-09 14:03:43,0.0,valve1,11.csv
2020-03-09 14:03:44,0.0,valve1,11.csv
2020-03-09 14:03:45,0.0,valve1,11.csv
2020-03-09 14:03:46,0.0,valve1,11.csv
2020-03-09 14:03:47,0.0,valve1,11.csv
2020-03-09 14:03:48,0.0,valve1,11.csv
2020-03-09 14:03:50,0.0,valve1,11.csv
2020-03-09 14:03:51,0.0,valve1,11.csv
2020-03-09 14:03:52,0.0,valve1,11.csv
2020-03-09 14:03:53,0.0,valve1,11.csv
2020-03-09 14:03:54,0.0,valve1,11.csv
2020-03-09 14:03:55,0.0,valve1,11.csv
2020-03-09 14:03:56,0.0,valve1,11.csv
2020-03-09 14:03:57,0.0,valve1,11.csv
2020-03-09 14:03:58,0.0,valve1,11.csv
2020-03-09 14:03:59,0.0,valve1,11.csv
2020-03-09 14:04:00,0.0,valve1,11.csv
2020-03-09 14:04:01,0.0,valve1,11.csv
2020-03-09 14:04:02,0.0,valve1,11.csv
2020-03-09 14:04:03,0.0,valve1,11.csv
2020-03-09 14:04:04,0.0,valve1,11.csv
2020-03-09 14:04:05,0.0,valve1,11.csv
2020-03-09 14:04:06,0.0,valve1,11.csv
2020-03-09 14:04:07,0.0,valve1,11.csv
2020-03-09 14:04:08,0.0,valve1,11.csv
2020-03-09 14:04:10,0.0,valve1,11.csv
2020-03-09 14:04:11,0.0,valve1,11.csv
2020-03-09 14:04:12,0.0,valve1,11.csv
2020-03-09 14:04:13,0.0,valve1,11.csv
2020-03-09 14:04:14,0.0,valve1,11.csv
2020-03-09 14:04:15,0.0,valve1,11.csv
2020-03-09 14:04:16,0.0,valve1,11.csv
2020-03-09 14:04:17,0.0,valve1,11.csv
2020-03-09 14:04:18,0.0,valve1,11.csv
2020-03-09 14:04:19,0.0,valve1,11.csv
2020-03-09 14:04:20,0.0,valve1,11.csv
2020-03-09 14:04:21,0.0,valve1,11.csv
2020-03-09 14:04:22,0.0,valve1,11.csv
2020-03-09 14:04:23,0.0,valve1,11.csv
2020-03-09 14:04:24,0.0,valve1,11.csv
2020-03-09 14:04:25,0.0,valve1,11.csv
2020-03-09 14:04:26,0.0,valve1,11.csv
2020-03-09 14:04:27,0.0,valve1,11.csv
2020-03-09 14:04:28,0.0,valve1,11.csv
2020-03-09 14:04:30,0.0,valve1,11.csv
2020-03-09 14:04:31,0.0,valve1,11.csv
2020-03-09 14:04:32,0.0,valve1,11.csv
2020-03-09 14:04:33,0.0,valve1,11.csv
2020-03-09 14:04:34,0.0,valve1,11.csv
2020-03-09 14:04:35,0.0,valve1,11.csv
2020-03-09 14:04:36,0.0,valve1,11.csv
2020-03-09 14:04:37,0.0,valve1,11.csv
2020-03-09 14:04:38,0.0,valve1,11.csv
2020-03-09 14:04:39,1.0,valve1,11.csv
2020-03-09 14:04:40,0.0,valve1,11.csv
2020-03-09 14:04:41,0.0,valve1,11.csv
2020-03-09 14:04:42,0.0,valve1,11.csv
2020-03-09 14:04:43,0.0,valve1,11.csv
2020-03-09 14:04:44,0.0,valve1,11.csv
2020-03-09 14:04:45,0.0,valve1,11.csv
2020-03-09 14:04:46,0.0,valve1,11.csv
2020-03-09 14:04:47,0.0,valve1,11.csv
2020-03-09 14:04:49,0.0,valve1,11.csv
2020-03-09 14:04:50,0.0,valve1,11.csv
2020-03-09 14:04:51,0.0,valve1,11.csv
2020-03-09 14:04:52,0.0,valve1,11.csv
2020-03-09 14:04:53,0.0,valve1,11.csv
2020-03-09 14:04:54,0.0,valve1,11.csv
2020-03-09 14:04:55,0.0,valve1,11.csv
2020-03-09 14:04:56,0.0,valve1,11.csv
2020-03-09 14:04:57,0.0,valve1,11.csv
2020-03-09 14:04:58,0.0,valve1,11.csv
2020-03-09 14:04:59,0.0,valve1,11.csv
2020-03-09 14:05:00,0.0,valve1,11.csv
2020-03-09 14:05:01,0.0,valve1,11.csv
2020-03-09 14:05:02,0.0,valve1,11.csv
2020-03-09 14:05:03,0.0,valve1,11.csv
2020-03-09 14:05:04,0.0,valve1,11.csv
2020-03-09 14:05:05,0.0,valve1,11.csv
2020-03-09 14:05:06,0.0,valve1,11.csv
2020-03-09 14:05:07,0.0,valve1,11.csv
2020-03-09 14:05:09,0.0,valve1,11.csv
2020-03-09 14:05:10,0.0,valve1,11.csv
2020-03-09 14:05:11,0.0,valve1,11.csv
2020-03-09 14:05:12,0.0,valve1,11.csv
2020-03-09 14:05:13,0.0,valve1,11.csv
2020-03-09 14:05:14,0.0,valve1,11.csv
2020-03-09 14:05:15,0.0,valve1,11.csv
2020-03-09 14:05:16,0.0,valve1,11.csv
2020-03-09 14:05:17,0.0,valve1,11.csv
2020-03-09 14:05:18,0.0,valve1,11.csv
2020-03-09 14:05:19,0.0,valve1,11.csv
2020-03-09 14:05:20,0.0,valve1,11.csv
2020-03-09 14:05:21,0.0,valve1,11.csv
2020-03-09 14:05:22,0.0,valve1,11.csv
2020-03-09 14:05:23,0.0,valve1,11.csv
2020-03-09 14:05:24,0.0,valve1,11.csv
2020-03-09 14:05:25,0.0,valve1,11.csv
2020-03-09 14:05:27,0.0,valve1,11.csv
2020-03-09 14:05:28,0.0,valve1,11.csv
2020-03-09 14:05:29,0.0,valve1,11.csv
2020-03-09 14:05:30,0.0,valve1,11.csv
2020-03-09 14:05:31,0.0,valve1,11.csv
2020-03-09 14:05:32,0.0,valve1,11.csv
2020-03-09 14:05:33,0.0,valve1,11.csv
2020-03-09 14:05:34,0.0,valve1,11.csv
2020-03-09 14:05:35,0.0,valve1,11.csv
2020-03-09 14:05:36,0.0,valve1,11.csv
2020-03-09 14:05:37,0.0,valve1,11.csv
2020-03-09 14:05:38,0.0,valve1,11.csv
2020-03-09 14:05:39,0.0,valve1,11.csv
2020-03-09 14:05:40,1.0,valve1,11.csv
2020-03-09 14:05:41,0.0,valve1,11.csv
2020-03-09 14:05:42,0.0,valve1,11.csv
2020-03-09 14:05:43,0.0,valve1,11.csv
2020-03-09 14:05:44,0.0,valve1,11.csv
2020-03-09 14:05:45,0.0,valve1,11.csv
2020-03-09 14:05:47,0.0,valve1,11.csv
2020-03-09 14:05:48,0.0,valve1,11.csv
2020-03-09 14:05:49,0.0,valve1,11.csv
2020-03-09 14:05:50,0.0,valve1,11.csv
2020-03-09 14:05:51,0.0,valve1,11.csv
2020-03-09 14:05:52,0.0,valve1,11.csv
2020-03-09 14:05:53,0.0,valve1,11.csv
2020-03-09 14:05:54,0.0,valve1,11.csv
2020-03-09 14:05:55,0.0,valve1,11.csv
2020-03-09 14:05:56,0.0,valve1,11.csv
2020-03-09 14:05:57,0.0,valve1,11.csv
2020-03-09 14:05:58,0.0,valve1,11.csv
2020-03-09 14:05:59,0.0,valve1,11.csv
2020-03-09 14:06:00,0.0,valve1,11.csv
2020-03-09 14:06:01,0.0,valve1,11.csv
2020-03-09 14:06:02,0.0,valve1,11.csv
2020-03-09 14:06:03,0.0,valve1,11.csv
2020-03-09 14:06:04,0.0,valve1,11.csv
2020-03-09 14:06:06,0.0,valve1,11.csv
2020-03-09 14:06:07,0.0,valve1,11.csv
2020-03-09 14:06:08,0.0,valve1,11.csv
2020-03-09 14:06:09,0.0,valve1,11.csv
2020-03-09 14:06:10,0.0,valve1,11.csv
2020-03-09 14:06:11,0.0,valve1,11.csv
2020-03-09 14:06:12,0.0,valve1,11.csv
2020-03-09 14:06:13,0.0,valve1,11.csv
2020-03-09 14:06:14,0.0,valve1,11.csv
2020-03-09 14:06:15,0.0,valve1,11.csv
2020-03-09 14:06:16,0.0,valve1,11.csv
2020-03-09 14:06:17,0.0,valve1,11.csv
2020-03-09 14:06:18,0.0,valve1,11.csv
2020-03-09 14:06:19,0.0,valve1,11.csv
2020-03-09 14:06:20,0.0,valve1,11.csv
2020-03-09 14:06:21,0.0,valve1,11.csv
2020-03-09 14:06:22,0.0,valve1,11.csv
2020-03-09 14:06:23,0.0,valve1,11.csv
2020-03-09 14:06:25,0.0,valve1,11.csv
2020-03-09 14:06:26,0.0,valve1,11.csv
2020-03-09 14:06:27,0.0,valve1,11.csv
2020-03-09 14:06:28,0.0,valve1,11.csv
2020-03-09 14:06:29,0.0,valve1,11.csv
2020-03-09 14:06:30,0.0,valve1,11.csv
2020-03-09 14:06:31,0.0,valve1,11.csv
2020-03-09 14:06:32,0.0,valve1,11.csv
2020-03-09 14:06:33,0.0,valve1,11.csv
2020-03-09 14:06:34,0.0,valve1,11.csv
2020-03-09 14:06:35,0.0,valve1,11.csv
2020-03-09 14:06:36,0.0,valve1,11.csv
2020-03-09 14:06:37,0.0,valve1,11.csv
2020-03-09 14:06:38,0.0,valve1,11.csv
2020-03-09 14:06:39,0.0,valve1,11.csv
2020-03-09 14:06:40,0.0,valve1,11.csv
2020-03-09 14:06:41,0.0,valve1,11.csv
2020-03-09 14:06:42,0.0,valve1,11.csv
2020-03-09 14:06:43,0.0,valve1,11.csv
2020-03-09 14:06:45,0.0,valve1,11.csv
2020-03-09 14:06:46,0.0,valve1,11.csv
2020-03-09 14:06:47,0.0,valve1,11.csv
2020-03-09 14:06:48,0.0,valve1,11.csv
2020-03-09 14:06:49,0.0,valve1,11.csv
2020-03-09 14:06:50,0.0,valve1,11.csv
2020-03-09 14:06:51,0.0,valve1,11.csv
2020-03-09 14:06:52,0.0,valve1,11.csv
2020-03-09 14:06:53,0.0,valve1,11.csv
2020-03-09 14:06:54,0.0,valve1,11.csv
2020-03-09 14:06:55,0.0,valve1,11.csv
2020-03-09 14:06:56,0.0,valve1,11.csv
2020-03-09 14:06:57,0.0,valve1,11.csv
2020-03-09 14:06:58,0.0,valve1,11.csv
2020-03-09 14:06:59,0.0,valve1,11.csv
2020-03-09 14:07:00,0.0,valve1,11.csv
2020-03-09 14:07:01,0.0,valve1,11.csv
2020-03-09 14:07:03,0.0,valve1,11.csv
2020-03-09 14:07:04,0.0,valve1,11.csv
2020-03-09 14:07:05,0.0,valve1,11.csv
2020-03-09 14:07:06,0.0,valve1,11.csv
2020-03-09 14:07:07,0.0,valve1,11.csv
2020-03-09 14:07:08,0.0,valve1,11.csv
2020-03-09 14:07:09,0.0,valve1,11.csv
2020-03-09 14:07:10,0.0,valve1,11.csv
2020-03-09 14:07:11,0.0,valve1,11.csv
2020-03-09 14:07:12,0.0,valve1,11.csv
2020-03-09 14:07:13,0.0,valve1,11.csv
2020-03-09 14:07:14,0.0,valve1,11.csv
2020-03-09 14:07:15,0.0,valve1,11.csv
2020-03-09 14:07:16,0.0,valve1,11.csv
2020-03-09 14:07:17,0.0,valve1,11.csv
2020-03-09 14:07:18,0.0,valve1,11.csv
2020-03-09 14:07:19,0.0,valve1,11.csv
2020-03-09 14:07:21,0.0,valve1,11.csv
2020-03-09 14:07:22,0.0,valve1,11.csv
2020-03-09 14:07:23,0.0,valve1,11.csv
2020-03-09 14:07:24,0.0,valve1,11.csv
2020-03-09 14:07:25,0.0,valve1,11.csv
2020-03-09 14:07:26,0.0,valve1,11.csv
2020-03-09 14:07:27,0.0,valve1,11.csv
2020-03-09 14:07:28,0.0,valve1,11.csv
2020-03-09 14:07:29,0.0,valve1,11.csv
2020-03-09 14:07:30,0.0,valve1,11.csv
2020-03-09 14:07:31,0.0,valve1,11.csv
2020-03-09 14:07:32,0.0,valve1,11.csv
2020-03-09 14:07:33,0.0,valve1,11.csv
2020-03-09 14:07:34,0.0,valve1,11.csv
2020-03-09 14:07:35,0.0,valve1,11.csv
2020-03-09 14:07:36,0.0,valve1,11.csv
2020-03-09 14:07:37,0.0,valve1,11.csv
2020-03-09 14:07:39,0.0,valve1,11.csv
2020-03-09 14:07:40,0.0,valve1,11.csv
2020-03-09 14:07:41,0.0,valve1,11.csv
2020-03-09 14:07:42,0.0,valve1,11.csv
2020-03-09 14:07:43,0.0,valve1,11.csv
2020-03-09 14:07:44,0.0,valve1,11.csv
2020-03-09 14:07:45,0.0,valve1,11.csv
2020-03-09 14:07:46,0.0,valve1,11.csv
2020-03-09 14:07:47,0.0,valve1,11.csv
2020-03-09 14:07:48,0.0,valve1,11.csv
2020-03-09 14:07:49,0.0,valve1,11.csv
2020-03-09 14:07:50,0.0,valve1,11.csv
2020-03-09 14:07:51,0.0,valve1,11.csv
2020-03-09 14:07:52,0.0,valve1,11.csv
2020-03-09 14:07:53,0.0,valve1,11.csv
2020-03-09 14:07:54,0.0,valve1,11.csv
2020-03-09 14:07:55,0.0,valve1,11.csv
2020-03-09 14:07:56,0.0,valve1,11.csv
2020-03-09 14:07:58,0.0,valve1,11.csv
2020-03-09 14:07:59,0.0,valve1,11.csv
2020-03-09 14:08:00,0.0,valve1,11.csv
2020-03-09 14:08:01,0.0,valve1,11.csv
2020-03-09 14:08:02,0.0,valve1,11.csv
2020-03-09 14:08:03,0.0,valve1,11.csv
2020-03-09 14:08:04,0.0,valve1,11.csv
2020-03-09 14:08:05,0.0,valve1,11.csv
2020-03-09 14:08:06,0.0,valve1,11.csv
2020-03-09 14:08:07,0.0,valve1,11.csv
2020-03-09 14:08:08,0.0,valve1,11.csv
2020-03-09 14:08:09,0.0,valve1,11.csv
2020-03-09 14:08:10,0.0,valve1,11.csv
2020-03-09 14:08:11,0.0,valve1,11.csv
2020-03-09 14:08:12,0.0,valve1,11.csv
2020-03-09 14:08:13,0.0,valve1,11.csv
2020-03-09 14:08:14,0.0,valve1,11.csv
2020-03-09 14:08:15,0.0,valve1,11.csv
2020-03-09 14:08:16,0.0,valve1,11.csv
2020-03-09 14:08:18,0.0,valve1,11.csv
2020-03-09 14:08:19,0.0,valve1,11.csv
2020-03-09 14:08:20,0.0,valve1,11.csv
2020-03-09 14:08:21,0.0,valve1,11.csv
2020-03-09 14:08:22,0.0,valve1,11.csv
2020-03-09 14:08:23,0.0,valve1,11.csv
2020-03-09 14:08:24,0.0,valve1,11.csv
2020-03-09 14:08:25,0.0,valve1,11.csv
2020-03-09 14:08:26,0.0,valve1,11.csv
2020-03-09 14:08:27,0.0,valve1,11.csv
2020-03-09 14:08:28,0.0,valve1,11.csv
2020-03-09 14:08:29,0.0,valve1,11.csv
2020-03-09 14:08:30,0.0,valve1,11.csv
2020-03-09 14:08:31,0.0,valve1,11.csv
2020-03-09 14:08:32,0.0,valve1,11.csv
2020-03-09 14:08:33,0.0,valve1,11.csv
2020-03-09 14:08:34,0.0,valve1,11.csv
2020-03-09 14:08:35,0.0,valve1,11.csv
2020-03-09 14:08:36,0.0,valve1,11.csv
2020-03-09 14:08:38,0.0,valve1,11.csv
2020-03-09 14:08:39,0.0,valve1,11.csv
2020-03-09 14:08:40,0.0,valve1,11.csv
2020-03-09 14:08:41,0.0,valve1,11.csv
2020-03-09 14:08:42,0.0,valve1,11.csv
2020-03-09 14:08:43,0.0,valve1,11.csv
2020-03-09 14:08:44,0.0,valve1,11.csv
2020-03-09 14:08:45,0.0,valve1,11.csv
2020-03-09 14:08:46,0.0,valve1,11.csv
2020-03-09 14:08:47,0.0,valve1,11.csv
2020-03-09 14:08:48,0.0,valve1,11.csv
2020-03-09 14:08:49,0.0,valve1,11.csv
2020-03-09 14:08:50,0.0,valve1,11.csv
2020-03-09 14:08:51,0.0,valve1,11.csv
2020-03-09 14:08:52,0.0,valve1,11.csv
2020-03-09 14:08:53,0.0,valve1,11.csv
2020-03-09 14:08:54,0.0,valve1,11.csv
2020-03-09 14:08:55,0.0,valve1,11.csv
2020-03-09 14:08:57,0.0,valve1,11.csv
2020-03-09 14:08:58,0.0,valve1,11.csv
2020-03-09 14:08:59,0.0,valve1,11.csv
2020-03-09 14:09:00,0.0,valve1,11.csv
2020-03-09 14:09:01,0.0,valve1,11.csv
2020-03-09 14:09:02,0.0,valve1,11.csv
2020-03-09 14:09:03,0.0,valve1,11.csv
2020-03-09 14:09:04,0.0,valve1,11.csv
2020-03-09 14:09:05,0.0,valve1,11.csv
2020-03-09 14:09:06,0.0,valve1,11.csv
2020-03-09 14:09:07,0.0,valve1,11.csv
2020-03-09 14:09:08,0.0,valve1,11.csv
2020-03-09 14:09:09,0.0,valve1,11.csv
2020-03-09 14:09:10,0.0,valve1,11.csv
2020-03-09 14:09:11,0.0,valve1,11.csv
2020-03-09 14:09:12,0.0,valve1,11.csv
2020-03-09 14:09:14,0.0,valve1,11.csv
2020-03-09 14:09:15,0.0,valve1,11.csv
2020-03-09 14:09:16,0.0,valve1,11.csv
2020-03-09 14:09:17,0.0,valve1,11.csv
2020-03-09 14:09:18,0.0,valve1,11.csv
2020-03-09 14:09:19,0.0,valve1,11.csv
2020-03-09 14:09:20,0.0,valve1,11.csv
2020-03-09 14:09:21,0.0,valve1,11.csv
2020-03-09 14:09:22,0.0,valve1,11.csv
2020-03-09 14:09:23,0.0,valve1,11.csv
2020-03-09 14:09:24,0.0,valve1,11.csv
2020-03-09 14:09:25,0.0,valve1,11.csv
2020-03-09 14:09:26,0.0,valve1,11.csv
2020-03-09 14:09:27,0.0,valve1,11.csv
2020-03-09 14:09:28,0.0,valve1,11.csv
2020-03-09 14:09:29,0.0,valve1,11.csv
2020-03-09 14:09:30,0.0,valve1,11.csv
2020-03-09 14:09:31,0.0,valve1,11.csv
2020-03-09 14:09:32,0.0,valve1,11.csv
2020-03-09 14:09:34,0.0,valve1,11.csv
2020-03-09 14:09:35,0.0,valve1,11.csv
2020-03-09 14:09:36,0.0,valve1,11.csv
2020-03-09 14:09:37,0.0,valve1,11.csv
2020-03-09 14:09:38,0.0,valve1,11.csv
2020-03-09 14:09:39,0.0,valve1,11.csv
2020-03-09 14:09:40,0.0,valve1,11.csv
2020-03-09 14:09:41,0.0,valve1,11.csv
2020-03-09 14:09:42,0.0,valve1,11.csv
2020-03-09 14:09:43,0.0,valve1,11.csv
2020-03-09 14:09:44,0.0,valve1,11.csv
2020-03-09 14:09:45,0.0,valve1,11.csv
2020-03-09 14:09:46,0.0,valve1,11.csv
2020-03-09 14:09:47,0.0,valve1,11.csv
2020-03-09 14:09:48,0.0,valve1,11.csv
2020-03-09 14:09:49,0.0,valve1,11.csv
2020-03-09 14:09:50,0.0,valve1,11.csv
2020-03-09 14:09:51,0.0,valve1,11.csv
2020-03-09 14:09:52,0.0,valve1,11.csv
2020-03-09 14:09:54,0.0,valve1,11.csv
2020-03-09 14:09:55,0.0,valve1,11.csv
2020-03-09 14:09:56,0.0,valve1,11.csv
2020-03-09 14:09:57,0.0,valve1,11.csv
2020-03-09 14:09:58,0.0,valve1,11.csv
2020-03-09 14:09:59,0.0,valve1,11.csv
2020-03-09 14:10:00,0.0,valve1,11.csv
2020-03-09 14:10:01,0.0,valve1,11.csv
2020-03-09 14:10:02,0.0,valve1,11.csv
2020-03-09 14:10:03,0.0,valve1,11.csv
2020-03-09 14:10:04,0.0,valve1,11.csv
2020-03-09 14:10:05,0.0,valve1,11.csv
2020-03-09 14:10:06,0.0,valve1,11.csv
2020-03-09 14:10:07,0.0,valve1,11.csv
2020-03-09 14:10:08,0.0,valve1,11.csv
2020-03-09 14:10:09,0.0,valve1,11.csv
2020-03-09 14:10:10,0.0,valve1,11.csv
2020-03-09 14:10:11,0.0,valve1,11.csv
2020-03-09 14:10:12,0.0,valve1,11.csv
2020-03-09 14:10:14,0.0,valve1,11.csv
2020-03-09 14:10:15,0.0,valve1,11.csv
2020-03-09 14:10:16,0.0,valve1,11.csv
2020-03-09 14:10:17,0.0,valve1,11.csv
2020-03-09 14:10:18,0.0,valve1,11.csv
2020-03-09 14:10:19,0.0,valve1,11.csv
2020-03-09 14:10:20,0.0,valve1,11.csv
2020-03-09 14:10:21,0.0,valve1,11.csv
2020-03-09 14:10:22,0.0,valve1,11.csv
2020-03-09 14:10:23,0.0,valve1,11.csv
2020-03-09 14:10:24,0.0,valve1,11.csv
2020-03-09 14:10:25,0.0,valve1,11.csv
2020-03-09 14:10:26,0.0,valve1,11.csv
2020-03-09 14:10:27,0.0,valve1,11.csv
2020-03-09 14:10:28,0.0,valve1,11.csv
2020-03-09 14:10:29,0.0,valve1,11.csv
2020-03-09 14:10:30,0.0,valve1,11.csv
2020-03-09 14:10:31,0.0,valve1,11.csv
2020-03-09 14:10:33,0.0,valve1,11.csv
2020-03-09 14:10:34,0.0,valve1,11.csv
2020-03-09 14:10:35,0.0,valve1,11.csv
2020-03-09 14:10:36,0.0,valve1,11.csv
2020-03-09 14:10:37,0.0,valve1,11.csv
2020-03-09 14:10:38,0.0,valve1,11.csv
2020-03-09 14:10:39,0.0,valve1,11.csv
2020-03-09 14:10:40,1.0,valve1,11.csv
2020-03-09 14:10:41,0.0,valve1,11.csv
2020-03-09 14:10:42,0.0,valve1,11.csv
2020-03-09 14:10:43,0.0,valve1,11.csv
2020-03-09 14:10:44,0.0,valve1,11.csv
2020-03-09 14:10:45,0.0,valve1,11.csv
2020-03-09 14:10:46,0.0,valve1,11.csv
2020-03-09 14:10:47,0.0,valve1,11.csv
2020-03-09 14:10:48,0.0,valve1,11.csv
2020-03-09 14:10:49,0.0,valve1,11.csv
2020-03-09 14:10:51,0.0,valve1,11.csv
2020-03-09 14:10:52,0.0,valve1,11.csv
2020-03-09 14:10:53,0.0,valve1,11.csv
2020-03-09 14:10:54,0.0,valve1,11.csv
2020-03-09 14:10:55,0.0,valve1,11.csv
2020-03-09 14:10:56,0.0,valve1,11.csv
2020-03-09 14:10:57,0.0,valve1,11.csv
2020-03-09 14:10:58,0.0,valve1,11.csv
2020-03-09 14:10:59,0.0,valve1,11.csv
2020-03-09 14:11:00,0.0,valve1,11.csv
2020-03-09 14:11:01,0.0,valve1,11.csv
2020-03-09 14:11:03,0.0,valve1,11.csv
2020-03-09 14:11:04,0.0,valve1,11.csv
2020-03-09 14:11:05,0.0,valve1,11.csv
2020-03-09 14:11:06,0.0,valve1,11.csv
2020-03-09 14:11:07,0.0,valve1,11.csv
2020-03-09 14:11:08,0.0,valve1,11.csv
2020-03-09 14:11:09,0.0,valve1,11.csv
2020-03-09 14:11:10,0.0,valve1,11.csv
2020-03-09 14:11:11,0.0,valve1,11.csv
2020-03-09 14:11:12,0.0,valve1,11.csv
2020-03-09 14:11:13,0.0,valve1,11.csv
2020-03-09 14:11:14,0.0,valve1,11.csv
2020-03-09 14:11:15,0.0,valve1,11.csv
2020-03-09 14:11:16,0.0,valve1,11.csv
2020-03-09 14:11:17,0.0,valve1,11.csv
2020-03-09 14:11:18,0.0,valve1,11.csv
2020-03-09 14:11:19,0.0,valve1,11.csv
2020-03-09 14:11:20,0.0,valve1,11.csv
2020-03-09 14:11:22,0.0,valve1,11.csv
2020-03-09 14:11:23,0.0,valve1,11.csv
2020-03-09 14:11:24,0.0,valve1,11.csv
2020-03-09 14:11:25,0.0,valve1,11.csv
2020-03-09 14:11:26,0.0,valve1,11.csv
2020-03-09 14:11:27,0.0,valve1,11.csv
2020-03-09 14:11:28,0.0,valve1,11.csv
2020-03-09 14:11:29,0.0,valve1,11.csv
2020-03-09 14:11:30,0.0,valve1,11.csv
2020-03-09 14:11:31,0.0,valve1,11.csv
2020-03-09 14:11:32,0.0,valve1,11.csv
2020-03-09 14:11:33,0.0,valve1,11.csv
2020-03-09 14:11:34,0.0,valve1,11.csv
2020-03-09 14:11:35,0.0,valve1,11.csv
2020-03-09 14:11:36,0.0,valve1,11.csv
2020-03-09 14:11:37,0.0,valve1,11.csv
2020-03-09 14:11:38,0.0,valve1,11.csv
2020-03-09 14:11:39,0.0,valve1,11.csv
2020-03-09 14:11:41,1.0,valve1,11.csv
2020-03-09 14:11:42,0.0,valve1,11.csv
2020-03-09 14:11:43,0.0,valve1,11.csv
2020-03-09 14:11:44,0.0,valve1,11.csv
2020-03-09 14:11:45,0.0,valve1,11.csv
2020-03-09 14:11:46,0.0,valve1,11.csv
2020-03-09 14:11:47,0.0,valve1,11.csv
2020-03-09 14:11:48,0.0,valve1,11.csv
2020-03-09 14:11:49,0.0,valve1,11.csv
2020-03-09 14:11:50,0.0,valve1,11.csv
2020-03-09 14:11:51,0.0,valve1,11.csv
2020-03-09 14:11:52,0.0,valve1,11.csv
2020-03-09 14:11:53,0.0,valve1,11.csv
2020-03-09 14:11:54,0.0,valve1,11.csv
2020-03-09 14:11:55,0.0,valve1,11.csv
2020-03-09 14:11:56,0.0,valve1,11.csv
2020-03-09 14:11:57,0.0,valve1,11.csv
2020-03-09 14:11:58,0.0,valve1,11.csv
2020-03-09 14:11:59,0.0,valve1,11.csv
2020-03-09 14:12:00,0.0,valve1,11.csv
2020-03-09 14:12:01,0.0,valve1,11.csv
2020-03-09 14:12:03,0.0,valve1,11.csv
2020-03-09 14:12:04,0.0,valve1,11.csv
2020-03-09 14:12:05,0.0,valve1,11.csv
2020-03-09 14:12:06,0.0,valve1,11.csv
2020-03-09 14:12:07,0.0,valve1,11.csv
2020-03-09 14:12:08,0.0,valve1,11.csv
2020-03-09 14:12:09,0.0,valve1,11.csv
2020-03-09 14:12:10,0.0,valve1,11.csv
2020-03-09 14:12:11,0.0,valve1,11.csv
2020-03-09 14:12:12,0.0,valve1,11.csv
2020-03-09 14:12:13,0.0,valve1,11.csv
2020-03-09 14:12:14,0.0,valve1,11.csv
2020-03-09 14:12:15,0.0,valve1,11.csv
2020-03-09 14:12:16,0.0,valve1,11.csv
2020-03-09 14:12:17,0.0,valve1,11.csv
2020-03-09 14:12:18,0.0,valve1,11.csv
2020-03-09 14:12:19,0.0,valve1,11.csv
2020-03-09 14:12:20,0.0,valve1,11.csv
2020-03-09 14:12:22,0.0,valve1,11.csv
2020-03-09 14:12:23,0.0,valve1,11.csv
2020-03-09 14:12:24,0.0,valve1,11.csv
2020-03-09 14:12:25,0.0,valve1,11.csv
2020-03-09 14:12:26,0.0,valve1,11.csv
2020-03-09 14:12:27,0.0,valve1,11.csv
2020-03-09 14:12:28,0.0,valve1,11.csv
2020-03-09 14:12:29,0.0,valve1,11.csv
2020-03-09 14:12:30,0.0,valve1,11.csv
2020-03-09 14:12:31,0.0,valve1,11.csv
2020-03-09 14:12:32,0.0,valve1,11.csv
2020-03-09 14:12:33,0.0,valve1,11.csv
2020-03-09 14:12:34,0.0,valve1,11.csv
2020-03-09 14:12:35,0.0,valve1,11.csv
2020-03-09 14:12:36,0.0,valve1,11.csv
2020-03-09 14:12:37,0.0,valve1,11.csv
2020-03-09 14:12:38,0.0,valve1,11.csv
2020-03-09 14:12:40,0.0,valve1,11.csv
2020-03-09 14:12:41,0.0,valve1,11.csv
2020-03-09 14:12:42,0.0,valve1,11.csv
2020-03-09 14:12:43,0.0,valve1,11.csv
2020-03-09 14:12:44,0.0,valve1,11.csv
2020-03-09 14:12:45,0.0,valve1,11.csv
2020-03-09 14:12:46,0.0,valve1,11.csv
2020-03-09 14:12:47,0.0,valve1,11.csv
2020-03-09 14:12:48,0.0,valve1,11.csv
2020-03-09 14:12:49,0.0,valve1,11.csv
2020-03-09 14:12:50,0.0,valve1,11.csv
2020-03-09 14:12:51,0.0,valve1,11.csv
2020-03-09 14:12:52,0.0,valve1,11.csv
2020-03-09 14:12:53,0.0,valve1,11.csv
2020-03-09 14:12:54,0.0,valve1,11.csv
2020-03-09 14:12:55,0.0,valve1,11.csv
2020-03-09 14:12:56,0.0,valve1,11.csv
2020-03-09 14:12:58,0.0,valve1,11.csv
2020-03-09 14:12:59,0.0,valve1,11.csv
2020-03-09 14:13:00,0.0,valve1,11.csv
2020-03-09 14:13:01,0.0,valve1,11.csv
2020-03-09 14:13:02,0.0,valve1,11.csv
2020-03-09 14:13:03,0.0,valve1,11.csv
2020-03-09 14:13:04,0.0,valve1,11.csv
2020-03-09 14:13:05,0.0,valve1,11.csv
2020-03-09 14:13:06,0.0,valve1,11.csv
2020-03-09 14:13:07,0.0,valve1,11.csv
2020-03-09 14:13:08,0.0,valve1,11.csv
2020-03-09 14:13:09,0.0,valve1,11.csv
2020-03-09 14:13:11,0.0,valve1,11.csv
2020-03-09 14:13:12,0.0,valve1,11.csv
2020-03-09 14:13:13,0.0,valve1,11.csv
2020-03-09 14:13:14,0.0,valve1,11.csv
2020-03-09 14:13:15,0.0,valve1,11.csv
2020-03-09 14:13:16,0.0,valve1,11.csv
2020-03-09 14:13:17,0.0,valve1,11.csv
2020-03-09 14:13:18,0.0,valve1,11.csv
2020-03-09 14:13:19,0.0,valve1,11.csv
2020-03-09 14:13:20,0.0,valve1,11.csv
2020-03-09 14:13:21,0.0,valve1,11.csv
2020-03-09 14:13:22,0.0,valve1,11.csv
2020-03-09 14:13:23,0.0,valve1,11.csv
2020-03-09 14:13:24,0.0,valve1,11.csv
2020-03-09 14:13:25,0.0,valve1,11.csv
2020-03-09 14:13:26,0.0,valve1,11.csv
2020-03-09 14:13:27,0.0,valve1,11.csv
2020-03-09 14:13:28,0.0,valve1,11.csv
2020-03-09 14:13:30,0.0,valve1,11.csv
2020-03-09 14:13:31,0.0,valve1,11.csv
2020-03-09 14:13:32,0.0,valve1,11.csv
2020-03-09 14:13:33,0.0,valve1,11.csv
2020-03-09 14:13:34,0.0,valve1,11.csv
2020-03-09 14:13:35,0.0,valve1,11.csv
2020-03-09 14:13:36,0.0,valve1,11.csv
2020-03-09 14:13:37,0.0,valve1,11.csv
2020-03-09 14:13:38,0.0,valve1,11.csv
2020-03-09 14:13:39,0.0,valve1,11.csv
2020-03-09 14:13:40,0.0,valve1,11.csv
2020-03-09 14:13:41,0.0,valve1,11.csv
2020-03-09 14:13:42,0.0,valve1,11.csv
2020-03-09 14:13:43,0.0,valve1,11.csv
2020-03-09 14:13:44,0.0,valve1,11.csv
2020-03-09 14:13:45,0.0,valve1,11.csv
2020-03-09 14:13:46,0.0,valve1,11.csv
2020-03-09 14:13:47,0.0,valve1,11.csv
2020-03-09 14:13:48,0.0,valve1,11.csv
2020-03-09 14:13:49,0.0,valve1,11.csv
2020-03-09 14:13:51,0.0,valve1,11.csv
2020-03-09 14:13:52,0.0,valve1,11.csv
2020-03-09 14:13:53,0.0,valve1,11.csv
2020-03-09 14:13:54,0.0,valve1,11.csv
2020-03-09 14:13:55,0.0,valve1,11.csv
2020-03-09 14:13:56,0.0,valve1,11.csv
2020-03-09 14:13:57,0.0,valve1,11.csv
2020-03-09 14:13:58,0.0,valve1,11.csv
2020-03-09 14:13:59,0.0,valve1,11.csv
2020-03-09 14:14:00,0.0,valve1,11.csv
2020-03-09 14:14:01,0.0,valve1,11.csv
2020-03-09 14:14:02,0.0,valve1,11.csv
2020-03-09 14:14:03,0.0,valve1,11.csv
2020-03-09 14:14:04,0.0,valve1,11.csv
2020-03-09 14:14:05,0.0,valve1,11.csv
2020-03-09 14:14:06,0.0,valve1,11.csv
2020-03-09 14:14:07,0.0,valve1,11.csv
2020-03-09 14:14:08,0.0,valve1,11.csv
2020-03-09 14:14:09,0.0,valve1,11.csv
2020-03-09 14:14:11,0.0,valve1,11.csv
2020-03-09 14:14:12,0.0,valve1,11.csv
2020-03-09 14:14:13,0.0,valve1,11.csv
2020-03-09 14:14:14,0.0,valve1,11.csv
2020-03-09 14:14:15,0.0,valve1,11.csv
2020-03-09 14:14:16,0.0,valve1,11.csv
2020-03-09 14:14:17,0.0,valve1,11.csv
2020-03-09 14:14:18,0.0,valve1,11.csv
2020-03-09 14:14:19,0.0,valve1,11.csv
2020-03-09 14:14:20,0.0,valve1,11.csv
2020-03-09 14:14:21,0.0,valve1,11.csv
2020-03-09 14:14:22,0.0,valve1,11.csv
2020-03-09 14:14:23,0.0,valve1,11.csv
2020-03-09 14:14:24,0.0,valve1,11.csv
2020-03-09 14:14:25,0.0,valve1,11.csv
2020-03-09 14:14:26,0.0,valve1,11.csv
2020-03-09 14:14:27,0.0,valve1,11.csv
2020-03-09 14:14:28,0.0,valve1,11.csv
2020-03-09 14:14:29,0.0,valve1,11.csv
2020-03-09 14:14:31,0.0,valve1,11.csv
2020-03-09 14:14:32,0.0,valve1,11.csv
2020-03-09 14:14:33,0.0,valve1,11.csv
2020-03-09 14:14:34,0.0,valve1,11.csv
2020-03-09 14:14:35,0.0,valve1,11.csv
2020-03-09 14:14:36,0.0,valve1,11.csv
2020-03-09 14:14:37,0.0,valve1,11.csv
2020-03-09 14:14:38,0.0,valve1,11.csv
2020-03-09 14:14:39,0.0,valve1,11.csv
2020-03-09 14:14:40,0.0,valve1,12.csv
2020-03-09 14:14:41,0.0,valve1,12.csv
2020-03-09 14:14:42,0.0,valve1,12.csv
2020-03-09 14:14:43,0.0,valve1,12.csv
2020-03-09 14:14:44,0.0,valve1,12.csv
2020-03-09 14:14:45,0.0,valve1,12.csv
2020-03-09 14:14:46,0.0,valve1,12.csv
2020-03-09 14:14:47,0.0,valve1,12.csv
2020-03-09 14:14:48,0.0,valve1,12.csv
2020-03-09 14:14:49,0.0,valve1,12.csv
2020-03-09 14:14:50,0.0,valve1,12.csv
2020-03-09 14:14:52,0.0,valve1,12.csv
2020-03-09 14:14:53,0.0,valve1,12.csv
2020-03-09 14:14:54,0.0,valve1,12.csv
2020-03-09 14:14:55,0.0,valve1,12.csv
2020-03-09 14:14:56,0.0,valve1,12.csv
2020-03-09 14:14:57,0.0,valve1,12.csv
2020-03-09 14:14:58,0.0,valve1,12.csv
2020-03-09 14:14:59,0.0,valve1,12.csv
2020-03-09 14:15:00,0.0,valve1,12.csv
2020-03-09 14:15:01,0.0,valve1,12.csv
2020-03-09 14:15:02,0.0,valve1,12.csv
2020-03-09 14:15:03,0.0,valve1,12.csv
2020-03-09 14:15:04,0.0,valve1,12.csv
2020-03-09 14:15:05,0.0,valve1,12.csv
2020-03-09 14:15:06,0.0,valve1,12.csv
2020-03-09 14:15:07,0.0,valve1,12.csv
2020-03-09 14:15:08,0.0,valve1,12.csv
2020-03-09 14:15:09,0.0,valve1,12.csv
2020-03-09 14:15:10,0.0,valve1,12.csv
2020-03-09 14:15:12,0.0,valve1,12.csv
2020-03-09 14:15:13,0.0,valve1,12.csv
2020-03-09 14:15:14,0.0,valve1,12.csv
2020-03-09 14:15:15,0.0,valve1,12.csv
2020-03-09 14:15:16,0.0,valve1,12.csv
2020-03-09 14:15:17,0.0,valve1,12.csv
2020-03-09 14:15:18,0.0,valve1,12.csv
2020-03-09 14:15:19,0.0,valve1,12.csv
2020-03-09 14:15:20,0.0,valve1,12.csv
2020-03-09 14:15:21,0.0,valve1,12.csv
2020-03-09 14:15:22,0.0,valve1,12.csv
2020-03-09 14:15:23,0.0,valve1,12.csv
2020-03-09 14:15:24,0.0,valve1,12.csv
2020-03-09 14:15:25,0.0,valve1,12.csv
2020-03-09 14:15:26,0.0,valve1,12.csv
2020-03-09 14:15:27,0.0,valve1,12.csv
2020-03-09 14:15:28,0.0,valve1,12.csv
2020-03-09 14:15:29,0.0,valve1,12.csv
2020-03-09 14:15:30,0.0,valve1,12.csv
2020-03-09 14:15:32,0.0,valve1,12.csv
2020-03-09 14:15:33,0.0,valve1,12.csv
2020-03-09 14:15:34,0.0,valve1,12.csv
2020-03-09 14:15:35,0.0,valve1,12.csv
2020-03-09 14:15:36,0.0,valve1,12.csv
2020-03-09 14:15:37,0.0,valve1,12.csv
2020-03-09 14:15:38,0.0,valve1,12.csv
2020-03-09 14:15:39,0.0,valve1,12.csv
2020-03-09 14:15:40,0.0,valve1,12.csv
2020-03-09 14:15:41,0.0,valve1,12.csv
2020-03-09 14:15:42,0.0,valve1,12.csv
2020-03-09 14:15:43,0.0,valve1,12.csv
2020-03-09 14:15:44,0.0,valve1,12.csv
2020-03-09 14:15:45,0.0,valve1,12.csv
2020-03-09 14:15:46,0.0,valve1,12.csv
2020-03-09 14:15:47,0.0,valve1,12.csv
2020-03-09 14:15:48,0.0,valve1,12.csv
2020-03-09 14:15:49,0.0,valve1,12.csv
2020-03-09 14:15:50,0.0,valve1,12.csv
2020-03-09 14:15:52,0.0,valve1,12.csv
2020-03-09 14:15:53,0.0,valve1,12.csv
2020-03-09 14:15:54,0.0,valve1,12.csv
2020-03-09 14:15:55,0.0,valve1,12.csv
2020-03-09 14:15:56,0.0,valve1,12.csv
2020-03-09 14:15:57,0.0,valve1,12.csv
2020-03-09 14:15:58,0.0,valve1,12.csv
2020-03-09 14:15:59,0.0,valve1,12.csv
2020-03-09 14:16:00,0.0,valve1,12.csv
2020-03-09 14:16:01,0.0,valve1,12.csv
2020-03-09 14:16:02,0.0,valve1,12.csv
2020-03-09 14:16:03,0.0,valve1,12.csv
2020-03-09 14:16:04,0.0,valve1,12.csv
2020-03-09 14:16:05,0.0,valve1,12.csv
2020-03-09 14:16:06,0.0,valve1,12.csv
2020-03-09 14:16:07,0.0,valve1,12.csv
2020-03-09 14:16:08,0.0,valve1,12.csv
2020-03-09 14:16:09,0.0,valve1,12.csv
2020-03-09 14:16:11,0.0,valve1,12.csv
2020-03-09 14:16:12,0.0,valve1,12.csv
2020-03-09 14:16:13,0.0,valve1,12.csv
2020-03-09 14:16:14,0.0,valve1,12.csv
2020-03-09 14:16:15,0.0,valve1,12.csv
2020-03-09 14:16:16,0.0,valve1,12.csv
2020-03-09 14:16:17,0.0,valve1,12.csv
2020-03-09 14:16:18,0.0,valve1,12.csv
2020-03-09 14:16:19,0.0,valve1,12.csv
2020-03-09 14:16:20,0.0,valve1,12.csv
2020-03-09 14:16:21,0.0,valve1,12.csv
2020-03-09 14:16:22,0.0,valve1,12.csv
2020-03-09 14:16:23,0.0,valve1,12.csv
2020-03-09 14:16:24,0.0,valve1,12.csv
2020-03-09 14:16:25,0.0,valve1,12.csv
2020-03-09 14:16:26,0.0,valve1,12.csv
2020-03-09 14:16:27,0.0,valve1,12.csv
2020-03-09 14:16:28,0.0,valve1,12.csv
2020-03-09 14:16:29,0.0,valve1,12.csv
2020-03-09 14:16:30,0.0,valve1,12.csv
2020-03-09 14:16:32,0.0,valve1,12.csv
2020-03-09 14:16:33,0.0,valve1,12.csv
2020-03-09 14:16:34,0.0,valve1,12.csv
2020-03-09 14:16:35,0.0,valve1,12.csv
2020-03-09 14:16:36,0.0,valve1,12.csv
2020-03-09 14:16:37,0.0,valve1,12.csv
2020-03-09 14:16:38,0.0,valve1,12.csv
2020-03-09 14:16:39,0.0,valve1,12.csv
2020-03-09 14:16:40,0.0,valve1,12.csv
2020-03-09 14:16:41,0.0,valve1,12.csv
2020-03-09 14:16:42,0.0,valve1,12.csv
2020-03-09 14:16:43,0.0,valve1,12.csv
2020-03-09 14:16:44,0.0,valve1,12.csv
2020-03-09 14:16:45,0.0,valve1,12.csv
2020-03-09 14:16:46,0.0,valve1,12.csv
2020-03-09 14:16:47,0.0,valve1,12.csv
2020-03-09 14:16:48,0.0,valve1,12.csv
2020-03-09 14:16:49,0.0,valve1,12.csv
2020-03-09 14:16:50,0.0,valve1,12.csv
2020-03-09 14:16:52,0.0,valve1,12.csv
2020-03-09 14:16:53,0.0,valve1,12.csv
2020-03-09 14:16:54,0.0,valve1,12.csv
2020-03-09 14:16:55,0.0,valve1,12.csv
2020-03-09 14:16:56,0.0,valve1,12.csv
2020-03-09 14:16:57,0.0,valve1,12.csv
2020-03-09 14:16:58,0.0,valve1,12.csv
2020-03-09 14:16:59,0.0,valve1,12.csv
2020-03-09 14:17:00,0.0,valve1,12.csv
2020-03-09 14:17:01,0.0,valve1,12.csv
2020-03-09 14:17:02,0.0,valve1,12.csv
2020-03-09 14:17:03,0.0,valve1,12.csv
2020-03-09 14:17:04,0.0,valve1,12.csv
2020-03-09 14:17:05,0.0,valve1,12.csv
2020-03-09 14:17:06,0.0,valve1,12.csv
2020-03-09 14:17:07,0.0,valve1,12.csv
2020-03-09 14:17:08,0.0,valve1,12.csv
2020-03-09 14:17:09,0.0,valve1,12.csv
2020-03-09 14:17:11,0.0,valve1,12.csv
2020-03-09 14:17:12,0.0,valve1,12.csv
2020-03-09 14:17:13,0.0,valve1,12.csv
2020-03-09 14:17:14,0.0,valve1,12.csv
2020-03-09 14:17:15,0.0,valve1,12.csv
2020-03-09 14:17:16,0.0,valve1,12.csv
2020-03-09 14:17:17,0.0,valve1,12.csv
2020-03-09 14:17:18,0.0,valve1,12.csv
2020-03-09 14:17:19,0.0,valve1,12.csv
2020-03-09 14:17:20,0.0,valve1,12.csv
2020-03-09 14:17:21,0.0,valve1,12.csv
2020-03-09 14:17:22,0.0,valve1,12.csv
2020-03-09 14:17:23,0.0,valve1,12.csv
2020-03-09 14:17:24,0.0,valve1,12.csv
2020-03-09 14:17:25,0.0,valve1,12.csv
2020-03-09 14:17:26,0.0,valve1,12.csv
2020-03-09 14:17:27,0.0,valve1,12.csv
2020-03-09 14:17:28,0.0,valve1,12.csv
2020-03-09 14:17:29,0.0,valve1,12.csv
2020-03-09 14:17:31,0.0,valve1,12.csv
2020-03-09 14:17:32,0.0,valve1,12.csv
2020-03-09 14:17:33,0.0,valve1,12.csv
2020-03-09 14:17:34,0.0,valve1,12.csv
2020-03-09 14:17:35,0.0,valve1,12.csv
2020-03-09 14:17:36,0.0,valve1,12.csv
2020-03-09 14:17:37,0.0,valve1,12.csv
2020-03-09 14:17:38,0.0,valve1,12.csv
2020-03-09 14:17:39,0.0,valve1,12.csv
2020-03-09 14:17:40,0.0,valve1,12.csv
2020-03-09 14:17:41,0.0,valve1,12.csv
2020-03-09 14:17:42,0.0,valve1,12.csv
2020-03-09 14:17:43,0.0,valve1,12.csv
2020-03-09 14:17:44,0.0,valve1,12.csv
2020-03-09 14:17:45,0.0,valve1,12.csv
2020-03-09 14:17:46,0.0,valve1,12.csv
2020-03-09 14:17:47,0.0,valve1,12.csv
2020-03-09 14:17:48,0.0,valve1,12.csv
2020-03-09 14:17:49,0.0,valve1,12.csv
2020-03-09 14:17:50,0.0,valve1,12.csv
2020-03-09 14:17:52,0.0,valve1,12.csv
2020-03-09 14:17:53,0.0,valve1,12.csv
2020-03-09 14:17:54,0.0,valve1,12.csv
2020-03-09 14:17:55,0.0,valve1,12.csv
2020-03-09 14:17:56,0.0,valve1,12.csv
2020-03-09 14:17:57,0.0,valve1,12.csv
2020-03-09 14:17:58,0.0,valve1,12.csv
2020-03-09 14:17:59,0.0,valve1,12.csv
2020-03-09 14:18:00,0.0,valve1,12.csv
2020-03-09 14:18:01,0.0,valve1,12.csv
2020-03-09 14:18:02,0.0,valve1,12.csv
2020-03-09 14:18:03,0.0,valve1,12.csv
2020-03-09 14:18:04,0.0,valve1,12.csv
2020-03-09 14:18:05,0.0,valve1,12.csv
2020-03-09 14:18:06,0.0,valve1,12.csv
2020-03-09 14:18:07,0.0,valve1,12.csv
2020-03-09 14:18:08,0.0,valve1,12.csv
2020-03-09 14:18:09,0.0,valve1,12.csv
2020-03-09 14:18:10,0.0,valve1,12.csv
2020-03-09 14:18:11,0.0,valve1,12.csv
2020-03-09 14:18:12,0.0,valve1,12.csv
2020-03-09 14:18:14,0.0,valve1,12.csv
2020-03-09 14:18:15,0.0,valve1,12.csv
2020-03-09 14:18:16,0.0,valve1,12.csv
2020-03-09 14:18:17,0.0,valve1,12.csv
2020-03-09 14:18:18,0.0,valve1,12.csv
2020-03-09 14:18:19,0.0,valve1,12.csv
2020-03-09 14:18:20,0.0,valve1,12.csv
2020-03-09 14:18:21,0.0,valve1,12.csv
2020-03-09 14:18:22,0.0,valve1,12.csv
2020-03-09 14:18:23,0.0,valve1,12.csv
2020-03-09 14:18:24,0.0,valve1,12.csv
2020-03-09 14:18:25,0.0,valve1,12.csv
2020-03-09 14:18:26,0.0,valve1,12.csv
2020-03-09 14:18:27,0.0,valve1,12.csv
2020-03-09 14:18:28,0.0,valve1,12.csv
2020-03-09 14:18:29,0.0,valve1,12.csv
2020-03-09 14:18:30,0.0,valve1,12.csv
2020-03-09 14:18:31,0.0,valve1,12.csv
2020-03-09 14:18:32,0.0,valve1,12.csv
2020-03-09 14:18:33,0.0,valve1,12.csv
2020-03-09 14:18:35,0.0,valve1,12.csv
2020-03-09 14:18:36,0.0,valve1,12.csv
2020-03-09 14:18:37,0.0,valve1,12.csv
2020-03-09 14:18:38,0.0,valve1,12.csv
2020-03-09 14:18:39,0.0,valve1,12.csv
2020-03-09 14:18:40,0.0,valve1,12.csv
2020-03-09 14:18:41,0.0,valve1,12.csv
2020-03-09 14:18:42,0.0,valve1,12.csv
2020-03-09 14:18:43,0.0,valve1,12.csv
2020-03-09 14:18:44,0.0,valve1,12.csv
2020-03-09 14:18:45,0.0,valve1,12.csv
2020-03-09 14:18:46,0.0,valve1,12.csv
2020-03-09 14:18:47,0.0,valve1,12.csv
2020-03-09 14:18:48,0.0,valve1,12.csv
2020-03-09 14:18:49,0.0,valve1,12.csv
2020-03-09 14:18:50,0.0,valve1,12.csv
2020-03-09 14:18:51,0.0,valve1,12.csv
2020-03-09 14:18:52,0.0,valve1,12.csv
2020-03-09 14:18:54,0.0,valve1,12.csv
2020-03-09 14:18:55,0.0,valve1,12.csv
2020-03-09 14:18:56,0.0,valve1,12.csv
2020-03-09 14:18:57,0.0,valve1,12.csv
2020-03-09 14:18:58,0.0,valve1,12.csv
2020-03-09 14:18:59,0.0,valve1,12.csv
2020-03-09 14:19:00,0.0,valve1,12.csv
2020-03-09 14:19:01,0.0,valve1,12.csv
2020-03-09 14:19:02,0.0,valve1,12.csv
2020-03-09 14:19:03,0.0,valve1,12.csv
2020-03-09 14:19:04,0.0,valve1,12.csv
2020-03-09 14:19:05,0.0,valve1,12.csv
2020-03-09 14:19:06,0.0,valve1,12.csv
2020-03-09 14:19:07,0.0,valve1,12.csv
2020-03-09 14:19:08,0.0,valve1,12.csv
2020-03-09 14:19:09,0.0,valve1,12.csv
2020-03-09 14:19:10,0.0,valve1,12.csv
2020-03-09 14:19:11,0.0,valve1,12.csv
2020-03-09 14:19:12,0.0,valve1,12.csv
2020-03-09 14:19:13,0.0,valve1,12.csv
2020-03-09 14:19:15,0.0,valve1,12.csv
2020-03-09 14:19:16,0.0,valve1,12.csv
2020-03-09 14:19:17,0.0,valve1,12.csv
2020-03-09 14:19:18,0.0,valve1,12.csv
2020-03-09 14:19:19,0.0,valve1,12.csv
2020-03-09 14:19:20,0.0,valve1,12.csv
2020-03-09 14:19:21,0.0,valve1,12.csv
2020-03-09 14:19:22,0.0,valve1,12.csv
2020-03-09 14:19:23,0.0,valve1,12.csv
2020-03-09 14:19:24,0.0,valve1,12.csv
2020-03-09 14:19:25,0.0,valve1,12.csv
2020-03-09 14:19:26,0.0,valve1,12.csv
2020-03-09 14:19:27,0.0,valve1,12.csv
2020-03-09 14:19:28,0.0,valve1,12.csv
2020-03-09 14:19:29,0.0,valve1,12.csv
2020-03-09 14:19:30,0.0,valve1,12.csv
2020-03-09 14:19:31,0.0,valve1,12.csv
2020-03-09 14:19:32,0.0,valve1,12.csv
2020-03-09 14:19:34,0.0,valve1,12.csv
2020-03-09 14:19:35,0.0,valve1,12.csv
2020-03-09 14:19:36,0.0,valve1,12.csv
2020-03-09 14:19:37,0.0,valve1,12.csv
2020-03-09 14:19:38,0.0,valve1,12.csv
2020-03-09 14:19:39,0.0,valve1,12.csv
2020-03-09 14:19:40,0.0,valve1,12.csv
2020-03-09 14:19:41,0.0,valve1,12.csv
2020-03-09 14:19:42,0.0,valve1,12.csv
2020-03-09 14:19:43,0.0,valve1,12.csv
2020-03-09 14:19:44,0.0,valve1,12.csv
2020-03-09 14:19:45,0.0,valve1,12.csv
2020-03-09 14:19:46,0.0,valve1,12.csv
2020-03-09 14:19:47,0.0,valve1,12.csv
2020-03-09 14:19:48,0.0,valve1,12.csv
2020-03-09 14:19:49,0.0,valve1,12.csv
2020-03-09 14:19:50,0.0,valve1,12.csv
2020-03-09 14:19:51,0.0,valve1,12.csv
2020-03-09 14:19:52,0.0,valve1,12.csv
2020-03-09 14:19:53,0.0,valve1,12.csv
2020-03-09 14:19:54,0.0,valve1,12.csv
2020-03-09 14:19:56,0.0,valve1,12.csv
2020-03-09 14:19:57,0.0,valve1,12.csv
2020-03-09 14:19:58,0.0,valve1,12.csv
2020-03-09 14:19:59,0.0,valve1,12.csv
2020-03-09 14:20:00,0.0,valve1,12.csv
2020-03-09 14:20:01,0.0,valve1,12.csv
2020-03-09 14:20:02,0.0,valve1,12.csv
2020-03-09 14:20:03,0.0,valve1,12.csv
2020-03-09 14:20:04,0.0,valve1,12.csv
2020-03-09 14:20:05,0.0,valve1,12.csv
2020-03-09 14:20:06,0.0,valve1,12.csv
2020-03-09 14:20:07,0.0,valve1,12.csv
2020-03-09 14:20:08,0.0,valve1,12.csv
2020-03-09 14:20:09,0.0,valve1,12.csv
2020-03-09 14:20:10,0.0,valve1,12.csv
2020-03-09 14:20:11,0.0,valve1,12.csv
2020-03-09 14:20:12,0.0,valve1,12.csv
2020-03-09 14:20:13,0.0,valve1,12.csv
2020-03-09 14:20:14,0.0,valve1,12.csv
2020-03-09 14:20:15,0.0,valve1,12.csv
2020-03-09 14:20:17,0.0,valve1,12.csv
2020-03-09 14:20:18,0.0,valve1,12.csv
2020-03-09 14:20:19,0.0,valve1,12.csv
2020-03-09 14:20:20,0.0,valve1,12.csv
2020-03-09 14:20:21,0.0,valve1,12.csv
2020-03-09 14:20:22,0.0,valve1,12.csv
2020-03-09 14:20:23,0.0,valve1,12.csv
2020-03-09 14:20:24,0.0,valve1,12.csv
2020-03-09 14:20:25,0.0,valve1,12.csv
2020-03-09 14:20:26,0.0,valve1,12.csv
2020-03-09 14:20:27,0.0,valve1,12.csv
2020-03-09 14:20:28,0.0,valve1,12.csv
2020-03-09 14:20:29,0.0,valve1,12.csv
2020-03-09 14:20:30,0.0,valve1,12.csv
2020-03-09 14:20:31,0.0,valve1,12.csv
2020-03-09 14:20:32,0.0,valve1,12.csv
2020-03-09 14:20:33,0.0,valve1,12.csv
2020-03-09 14:20:34,0.0,valve1,12.csv
2020-03-09 14:20:35,0.0,valve1,12.csv
2020-03-09 14:20:36,0.0,valve1,12.csv
2020-03-09 14:20:38,0.0,valve1,12.csv
2020-03-09 14:20:39,0.0,valve1,12.csv
2020-03-09 14:20:40,0.0,valve1,12.csv
2020-03-09 14:20:41,0.0,valve1,12.csv
2020-03-09 14:20:42,0.0,valve1,12.csv
2020-03-09 14:20:43,0.0,valve1,12.csv
2020-03-09 14:20:44,0.0,valve1,12.csv
2020-03-09 14:20:45,0.0,valve1,12.csv
2020-03-09 14:20:46,0.0,valve1,12.csv
2020-03-09 14:20:47,0.0,valve1,12.csv
2020-03-09 14:20:48,0.0,valve1,12.csv
2020-03-09 14:20:49,0.0,valve1,12.csv
2020-03-09 14:20:50,0.0,valve1,12.csv
2020-03-09 14:20:51,0.0,valve1,12.csv
2020-03-09 14:20:52,0.0,valve1,12.csv
2020-03-09 14:20:53,0.0,valve1,12.csv
2020-03-09 14:20:54,0.0,valve1,12.csv
2020-03-09 14:20:56,0.0,valve1,12.csv
2020-03-09 14:20:57,0.0,valve1,12.csv
2020-03-09 14:20:58,0.0,valve1,12.csv
2020-03-09 14:20:59,0.0,valve1,12.csv
2020-03-09 14:21:00,0.0,valve1,12.csv
2020-03-09 14:21:01,0.0,valve1,12.csv
2020-03-09 14:21:02,0.0,valve1,12.csv
2020-03-09 14:21:03,0.0,valve1,12.csv
2020-03-09 14:21:04,0.0,valve1,12.csv
2020-03-09 14:21:05,0.0,valve1,12.csv
2020-03-09 14:21:06,0.0,valve1,12.csv
2020-03-09 14:21:07,0.0,valve1,12.csv
2020-03-09 14:21:08,0.0,valve1,12.csv
2020-03-09 14:21:09,0.0,valve1,12.csv
2020-03-09 14:21:10,0.0,valve1,12.csv
2020-03-09 14:21:11,0.0,valve1,12.csv
2020-03-09 14:21:12,0.0,valve1,12.csv
2020-03-09 14:21:13,0.0,valve1,12.csv
2020-03-09 14:21:14,0.0,valve1,12.csv
2020-03-09 14:21:16,0.0,valve1,12.csv
2020-03-09 14:21:17,0.0,valve1,12.csv
2020-03-09 14:21:18,0.0,valve1,12.csv
2020-03-09 14:21:19,0.0,valve1,12.csv
2020-03-09 14:21:20,0.0,valve1,12.csv
2020-03-09 14:21:21,0.0,valve1,12.csv
2020-03-09 14:21:22,0.0,valve1,12.csv
2020-03-09 14:21:23,0.0,valve1,12.csv
2020-03-09 14:21:24,0.0,valve1,12.csv
2020-03-09 14:21:25,0.0,valve1,12.csv
2020-03-09 14:21:26,0.0,valve1,12.csv
2020-03-09 14:21:27,0.0,valve1,12.csv
2020-03-09 14:21:28,0.0,valve1,12.csv
2020-03-09 14:21:29,0.0,valve1,12.csv
2020-03-09 14:21:30,0.0,valve1,12.csv
2020-03-09 14:21:31,0.0,valve1,12.csv
2020-03-09 14:21:32,0.0,valve1,12.csv
2020-03-09 14:21:33,0.0,valve1,12.csv
2020-03-09 14:21:34,0.0,valve1,12.csv
2020-03-09 14:21:36,0.0,valve1,12.csv
2020-03-09 14:21:37,0.0,valve1,12.csv
2020-03-09 14:21:38,0.0,valve1,12.csv
2020-03-09 14:21:39,0.0,valve1,12.csv
2020-03-09 14:21:40,0.0,valve1,12.csv
2020-03-09 14:21:41,0.0,valve1,12.csv
2020-03-09 14:21:42,0.0,valve1,12.csv
2020-03-09 14:21:43,0.0,valve1,12.csv
2020-03-09 14:21:44,0.0,valve1,12.csv
2020-03-09 14:21:45,0.0,valve1,12.csv
2020-03-09 14:21:46,0.0,valve1,12.csv
2020-03-09 14:21:47,0.0,valve1,12.csv
2020-03-09 14:21:48,0.0,valve1,12.csv
2020-03-09 14:21:49,0.0,valve1,12.csv
2020-03-09 14:21:50,0.0,valve1,12.csv
2020-03-09 14:21:51,0.0,valve1,12.csv
2020-03-09 14:21:52,0.0,valve1,12.csv
2020-03-09 14:21:53,0.0,valve1,12.csv
2020-03-09 14:21:54,0.0,valve1,12.csv
2020-03-09 14:21:55,0.0,valve1,12.csv
2020-03-09 14:21:57,0.0,valve1,12.csv
2020-03-09 14:21:58,0.0,valve1,12.csv
2020-03-09 14:21:59,0.0,valve1,12.csv
2020-03-09 14:22:00,0.0,valve1,12.csv
2020-03-09 14:22:01,0.0,valve1,12.csv
2020-03-09 14:22:02,0.0,valve1,12.csv
2020-03-09 14:22:03,0.0,valve1,12.csv
2020-03-09 14:22:04,0.0,valve1,12.csv
2020-03-09 14:22:05,0.0,valve1,12.csv
2020-03-09 14:22:06,0.0,valve1,12.csv
2020-03-09 14:22:07,0.0,valve1,12.csv
2020-03-09 14:22:08,0.0,valve1,12.csv
2020-03-09 14:22:09,0.0,valve1,12.csv
2020-03-09 14:22:10,0.0,valve1,12.csv
2020-03-09 14:22:11,0.0,valve1,12.csv
2020-03-09 14:22:12,0.0,valve1,12.csv
2020-03-09 14:22:13,0.0,valve1,12.csv
2020-03-09 14:22:14,0.0,valve1,12.csv
2020-03-09 14:22:15,0.0,valve1,12.csv
2020-03-09 14:22:16,0.0,valve1,12.csv
2020-03-09 14:22:17,0.0,valve1,12.csv
2020-03-09 14:22:19,0.0,valve1,12.csv
2020-03-09 14:22:20,0.0,valve1,12.csv
2020-03-09 14:22:21,0.0,valve1,12.csv
2020-03-09 14:22:22,0.0,valve1,12.csv
2020-03-09 14:22:23,0.0,valve1,12.csv
2020-03-09 14:22:24,0.0,valve1,12.csv
2020-03-09 14:22:25,0.0,valve1,12.csv
2020-03-09 14:22:26,0.0,valve1,12.csv
2020-03-09 14:22:27,0.0,valve1,12.csv
2020-03-09 14:22:28,0.0,valve1,12.csv
2020-03-09 14:22:29,0.0,valve1,12.csv
2020-03-09 14:22:30,0.0,valve1,12.csv
2020-03-09 14:22:31,0.0,valve1,12.csv
2020-03-09 14:22:32,0.0,valve1,12.csv
2020-03-09 14:22:33,0.0,valve1,12.csv
2020-03-09 14:22:34,0.0,valve1,12.csv
2020-03-09 14:22:35,0.0,valve1,12.csv
2020-03-09 14:22:36,0.0,valve1,12.csv
2020-03-09 14:22:38,0.0,valve1,12.csv
2020-03-09 14:22:39,0.0,valve1,12.csv
2020-03-09 14:22:40,0.0,valve1,12.csv
2020-03-09 14:22:41,0.0,valve1,12.csv
2020-03-09 14:22:42,0.0,valve1,12.csv
2020-03-09 14:22:43,0.0,valve1,12.csv
2020-03-09 14:22:44,0.0,valve1,12.csv
2020-03-09 14:22:45,0.0,valve1,12.csv
2020-03-09 14:22:46,0.0,valve1,12.csv
2020-03-09 14:22:47,0.0,valve1,12.csv
2020-03-09 14:22:48,0.0,valve1,12.csv
2020-03-09 14:22:49,0.0,valve1,12.csv
2020-03-09 14:22:50,0.0,valve1,12.csv
2020-03-09 14:22:51,0.0,valve1,12.csv
2020-03-09 14:22:52,0.0,valve1,12.csv
2020-03-09 14:22:53,0.0,valve1,12.csv
2020-03-09 14:22:54,0.0,valve1,12.csv
2020-03-09 14:22:56,0.0,valve1,12.csv
2020-03-09 14:22:57,0.0,valve1,12.csv
2020-03-09 14:22:58,0.0,valve1,12.csv
2020-03-09 14:22:59,0.0,valve1,12.csv
2020-03-09 14:23:00,0.0,valve1,12.csv
2020-03-09 14:23:01,0.0,valve1,12.csv
2020-03-09 14:23:02,0.0,valve1,12.csv
2020-03-09 14:23:03,0.0,valve1,12.csv
2020-03-09 14:23:04,0.0,valve1,12.csv
2020-03-09 14:23:05,0.0,valve1,12.csv
2020-03-09 14:23:06,0.0,valve1,12.csv
2020-03-09 14:23:07,0.0,valve1,12.csv
2020-03-09 14:23:08,0.0,valve1,12.csv
2020-03-09 14:23:10,0.0,valve1,12.csv
2020-03-09 14:23:11,0.0,valve1,12.csv
2020-03-09 14:23:12,0.0,valve1,12.csv
2020-03-09 14:23:13,0.0,valve1,12.csv
2020-03-09 14:23:14,0.0,valve1,12.csv
2020-03-09 14:23:15,0.0,valve1,12.csv
2020-03-09 14:23:16,0.0,valve1,12.csv
2020-03-09 14:23:17,0.0,valve1,12.csv
2020-03-09 14:23:18,0.0,valve1,12.csv
2020-03-09 14:23:19,0.0,valve1,12.csv
2020-03-09 14:23:20,0.0,valve1,12.csv
2020-03-09 14:23:21,0.0,valve1,12.csv
2020-03-09 14:23:22,0.0,valve1,12.csv
2020-03-09 14:23:23,0.0,valve1,12.csv
2020-03-09 14:23:24,0.0,valve1,12.csv
2020-03-09 14:23:25,0.0,valve1,12.csv
2020-03-09 14:23:26,0.0,valve1,12.csv
2020-03-09 14:23:27,0.0,valve1,12.csv
2020-03-09 14:23:28,0.0,valve1,12.csv
2020-03-09 14:23:30,0.0,valve1,12.csv
2020-03-09 14:23:31,0.0,valve1,12.csv
2020-03-09 14:23:32,0.0,valve1,12.csv
2020-03-09 14:23:33,0.0,valve1,12.csv
2020-03-09 14:23:34,0.0,valve1,12.csv
2020-03-09 14:23:35,0.0,valve1,12.csv
2020-03-09 14:23:36,0.0,valve1,12.csv
2020-03-09 14:23:37,0.0,valve1,12.csv
2020-03-09 14:23:38,0.0,valve1,12.csv
2020-03-09 14:23:39,0.0,valve1,12.csv
2020-03-09 14:23:40,0.0,valve1,12.csv
2020-03-09 14:23:41,0.0,valve1,12.csv
2020-03-09 14:23:42,0.0,valve1,12.csv
2020-03-09 14:23:43,0.0,valve1,12.csv
2020-03-09 14:23:44,0.0,valve1,12.csv
2020-03-09 14:23:45,0.0,valve1,12.csv
2020-03-09 14:23:46,0.0,valve1,12.csv
2020-03-09 14:23:47,0.0,valve1,12.csv
2020-03-09 14:23:48,0.0,valve1,12.csv
2020-03-09 14:23:49,0.0,valve1,12.csv
2020-03-09 14:23:51,0.0,valve1,12.csv
2020-03-09 14:23:52,0.0,valve1,12.csv
2020-03-09 14:23:53,0.0,valve1,12.csv
2020-03-09 14:23:54,0.0,valve1,12.csv
2020-03-09 14:23:55,0.0,valve1,12.csv
2020-03-09 14:23:56,0.0,valve1,12.csv
2020-03-09 14:23:57,0.0,valve1,12.csv
2020-03-09 14:23:58,0.0,valve1,12.csv
2020-03-09 14:23:59,0.0,valve1,12.csv
2020-03-09 14:24:00,0.0,valve1,12.csv
2020-03-09 14:24:01,0.0,valve1,12.csv
2020-03-09 14:24:02,0.0,valve1,12.csv
2020-03-09 14:24:03,0.0,valve1,12.csv
2020-03-09 14:24:04,0.0,valve1,12.csv
2020-03-09 14:24:05,0.0,valve1,12.csv
2020-03-09 14:24:06,0.0,valve1,12.csv
2020-03-09 14:24:07,0.0,valve1,12.csv
2020-03-09 14:24:08,0.0,valve1,12.csv
2020-03-09 14:24:10,0.0,valve1,12.csv
2020-03-09 14:24:11,0.0,valve1,12.csv
2020-03-09 14:24:12,0.0,valve1,12.csv
2020-03-09 14:24:13,0.0,valve1,12.csv
2020-03-09 14:24:14,0.0,valve1,12.csv
2020-03-09 14:24:15,0.0,valve1,12.csv
2020-03-09 14:24:16,0.0,valve1,12.csv
2020-03-09 14:24:17,0.0,valve1,12.csv
2020-03-09 14:24:18,0.0,valve1,12.csv
2020-03-09 14:24:19,0.0,valve1,12.csv
2020-03-09 14:24:20,0.0,valve1,12.csv
2020-03-09 14:24:21,0.0,valve1,12.csv
2020-03-09 14:24:22,0.0,valve1,12.csv
2020-03-09 14:24:23,0.0,valve1,12.csv
2020-03-09 14:24:24,0.0,valve1,12.csv
2020-03-09 14:24:25,0.0,valve1,12.csv
2020-03-09 14:24:26,0.0,valve1,12.csv
2020-03-09 14:24:27,0.0,valve1,12.csv
2020-03-09 14:24:28,0.0,valve1,12.csv
2020-03-09 14:24:29,0.0,valve1,12.csv
2020-03-09 14:24:31,0.0,valve1,12.csv
2020-03-09 14:24:32,0.0,valve1,12.csv
2020-03-09 14:24:33,0.0,valve1,12.csv
2020-03-09 14:24:34,0.0,valve1,12.csv
2020-03-09 14:24:35,0.0,valve1,12.csv
2020-03-09 14:24:36,0.0,valve1,12.csv
2020-03-09 14:24:37,0.0,valve1,12.csv
2020-03-09 14:24:38,0.0,valve1,12.csv
2020-03-09 14:24:39,0.0,valve1,12.csv
2020-03-09 14:24:40,1.0,valve1,12.csv
2020-03-09 14:24:41,0.0,valve1,12.csv
2020-03-09 14:24:42,0.0,valve1,12.csv
2020-03-09 14:24:43,0.0,valve1,12.csv
2020-03-09 14:24:44,0.0,valve1,12.csv
2020-03-09 14:24:45,0.0,valve1,12.csv
2020-03-09 14:24:46,0.0,valve1,12.csv
2020-03-09 14:24:47,0.0,valve1,12.csv
2020-03-09 14:24:48,0.0,valve1,12.csv
2020-03-09 14:24:50,0.0,valve1,12.csv
2020-03-09 14:24:51,0.0,valve1,12.csv
2020-03-09 14:24:52,0.0,valve1,12.csv
2020-03-09 14:24:53,0.0,valve1,12.csv
2020-03-09 14:24:54,0.0,valve1,12.csv
2020-03-09 14:24:55,0.0,valve1,12.csv
2020-03-09 14:24:56,0.0,valve1,12.csv
2020-03-09 14:24:57,0.0,valve1,12.csv
2020-03-09 14:24:58,0.0,valve1,12.csv
2020-03-09 14:24:59,0.0,valve1,12.csv
2020-03-09 14:25:00,0.0,valve1,12.csv
2020-03-09 14:25:01,0.0,valve1,12.csv
2020-03-09 14:25:02,0.0,valve1,12.csv
2020-03-09 14:25:03,0.0,valve1,12.csv
2020-03-09 14:25:04,0.0,valve1,12.csv
2020-03-09 14:25:05,0.0,valve1,12.csv
2020-03-09 14:25:06,0.0,valve1,12.csv
2020-03-09 14:25:08,0.0,valve1,12.csv
2020-03-09 14:25:09,0.0,valve1,12.csv
2020-03-09 14:25:10,0.0,valve1,12.csv
2020-03-09 14:25:11,0.0,valve1,12.csv
2020-03-09 14:25:12,0.0,valve1,12.csv
2020-03-09 14:25:13,0.0,valve1,12.csv
2020-03-09 14:25:14,0.0,valve1,12.csv
2020-03-09 14:25:15,0.0,valve1,12.csv
2020-03-09 14:25:16,0.0,valve1,12.csv
2020-03-09 14:25:17,0.0,valve1,12.csv
2020-03-09 14:25:18,0.0,valve1,12.csv
2020-03-09 14:25:19,0.0,valve1,12.csv
2020-03-09 14:25:20,0.0,valve1,12.csv
2020-03-09 14:25:21,0.0,valve1,12.csv
2020-03-09 14:25:22,0.0,valve1,12.csv
2020-03-09 14:25:23,0.0,valve1,12.csv
2020-03-09 14:25:24,0.0,valve1,12.csv
2020-03-09 14:25:25,0.0,valve1,12.csv
2020-03-09 14:25:26,0.0,valve1,12.csv
2020-03-09 14:25:28,0.0,valve1,12.csv
2020-03-09 14:25:29,0.0,valve1,12.csv
2020-03-09 14:25:30,0.0,valve1,12.csv
2020-03-09 14:25:31,0.0,valve1,12.csv
2020-03-09 14:25:32,0.0,valve1,12.csv
2020-03-09 14:25:33,0.0,valve1,12.csv
2020-03-09 14:25:34,0.0,valve1,12.csv
2020-03-09 14:25:35,0.0,valve1,12.csv
2020-03-09 14:25:36,0.0,valve1,12.csv
2020-03-09 14:25:37,0.0,valve1,12.csv
2020-03-09 14:25:38,0.0,valve1,12.csv
2020-03-09 14:25:39,0.0,valve1,12.csv
2020-03-09 14:25:40,1.0,valve1,12.csv
2020-03-09 14:25:41,0.0,valve1,12.csv
2020-03-09 14:25:42,0.0,valve1,12.csv
2020-03-09 14:25:43,0.0,valve1,12.csv
2020-03-09 14:25:44,0.0,valve1,12.csv
2020-03-09 14:25:45,0.0,valve1,12.csv
2020-03-09 14:25:46,0.0,valve1,12.csv
2020-03-09 14:25:47,0.0,valve1,12.csv
2020-03-09 14:25:48,0.0,valve1,12.csv
2020-03-09 14:25:50,0.0,valve1,12.csv
2020-03-09 14:25:51,0.0,valve1,12.csv
2020-03-09 14:25:52,0.0,valve1,12.csv
2020-03-09 14:25:53,0.0,valve1,12.csv
2020-03-09 14:25:54,0.0,valve1,12.csv
2020-03-09 14:25:55,0.0,valve1,12.csv
2020-03-09 14:25:56,0.0,valve1,12.csv
2020-03-09 14:25:57,0.0,valve1,12.csv
2020-03-09 14:25:58,0.0,valve1,12.csv
2020-03-09 14:25:59,0.0,valve1,12.csv
2020-03-09 14:26:00,0.0,valve1,12.csv
2020-03-09 14:26:01,0.0,valve1,12.csv
2020-03-09 14:26:02,0.0,valve1,12.csv
2020-03-09 14:26:03,0.0,valve1,12.csv
2020-03-09 14:26:04,0.0,valve1,12.csv
2020-03-09 14:26:05,0.0,valve1,12.csv
2020-03-09 14:26:06,0.0,valve1,12.csv
2020-03-09 14:26:07,0.0,valve1,12.csv
2020-03-09 14:26:08,0.0,valve1,12.csv
2020-03-09 14:26:10,0.0,valve1,12.csv
2020-03-09 14:26:11,0.0,valve1,12.csv
2020-03-09 14:26:12,0.0,valve1,12.csv
2020-03-09 14:26:13,0.0,valve1,12.csv
2020-03-09 14:26:14,0.0,valve1,12.csv
2020-03-09 14:26:15,0.0,valve1,12.csv
2020-03-09 14:26:16,0.0,valve1,12.csv
2020-03-09 14:26:17,0.0,valve1,12.csv
2020-03-09 14:26:18,0.0,valve1,12.csv
2020-03-09 14:26:19,0.0,valve1,12.csv
2020-03-09 14:26:20,0.0,valve1,12.csv
2020-03-09 14:26:21,0.0,valve1,12.csv
2020-03-09 14:26:22,0.0,valve1,12.csv
2020-03-09 14:26:23,0.0,valve1,12.csv
2020-03-09 14:26:24,0.0,valve1,12.csv
2020-03-09 14:26:25,0.0,valve1,12.csv
2020-03-09 14:26:26,0.0,valve1,12.csv
2020-03-09 14:26:27,0.0,valve1,12.csv
2020-03-09 14:26:29,0.0,valve1,12.csv
2020-03-09 14:26:30,0.0,valve1,12.csv
2020-03-09 14:26:31,0.0,valve1,12.csv
2020-03-09 14:26:32,0.0,valve1,12.csv
2020-03-09 14:26:33,0.0,valve1,12.csv
2020-03-09 14:26:34,0.0,valve1,12.csv
2020-03-09 14:26:35,0.0,valve1,12.csv
2020-03-09 14:26:36,0.0,valve1,12.csv
2020-03-09 14:26:37,0.0,valve1,12.csv
2020-03-09 14:26:38,0.0,valve1,12.csv
2020-03-09 14:26:39,0.0,valve1,12.csv
2020-03-09 14:26:40,0.0,valve1,12.csv
2020-03-09 14:26:41,0.0,valve1,12.csv
2020-03-09 14:26:42,0.0,valve1,12.csv
2020-03-09 14:26:43,0.0,valve1,12.csv
2020-03-09 14:26:44,0.0,valve1,12.csv
2020-03-09 14:26:45,0.0,valve1,12.csv
2020-03-09 14:26:46,0.0,valve1,12.csv
2020-03-09 14:26:47,0.0,valve1,12.csv
2020-03-09 14:26:49,0.0,valve1,12.csv
2020-03-09 14:26:50,0.0,valve1,12.csv
2020-03-09 14:26:51,0.0,valve1,12.csv
2020-03-09 14:26:52,0.0,valve1,12.csv
2020-03-09 14:26:53,0.0,valve1,12.csv
2020-03-09 14:26:54,0.0,valve1,12.csv
2020-03-09 14:26:55,0.0,valve1,12.csv
2020-03-09 14:26:56,0.0,valve1,12.csv
2020-03-09 14:26:57,0.0,valve1,12.csv
2020-03-09 14:26:58,0.0,valve1,12.csv
2020-03-09 14:26:59,0.0,valve1,12.csv
2020-03-09 14:27:00,0.0,valve1,12.csv
2020-03-09 14:27:01,0.0,valve1,12.csv
2020-03-09 14:27:02,0.0,valve1,12.csv
2020-03-09 14:27:03,0.0,valve1,12.csv
2020-03-09 14:27:04,0.0,valve1,12.csv
2020-03-09 14:27:05,0.0,valve1,12.csv
2020-03-09 14:27:06,0.0,valve1,12.csv
2020-03-09 14:27:07,0.0,valve1,12.csv
2020-03-09 14:27:08,0.0,valve1,12.csv
2020-03-09 14:27:10,0.0,valve1,12.csv
2020-03-09 14:27:11,0.0,valve1,12.csv
2020-03-09 14:27:12,0.0,valve1,12.csv
2020-03-09 14:27:13,0.0,valve1,12.csv
2020-03-09 14:27:14,0.0,valve1,12.csv
2020-03-09 14:27:15,0.0,valve1,12.csv
2020-03-09 14:27:16,0.0,valve1,12.csv
2020-03-09 14:27:17,0.0,valve1,12.csv
2020-03-09 14:27:18,0.0,valve1,12.csv
2020-03-09 14:27:19,0.0,valve1,12.csv
2020-03-09 14:27:20,0.0,valve1,12.csv
2020-03-09 14:27:21,0.0,valve1,12.csv
2020-03-09 14:27:22,0.0,valve1,12.csv
2020-03-09 14:27:23,0.0,valve1,12.csv
2020-03-09 14:27:24,0.0,valve1,12.csv
2020-03-09 14:27:25,0.0,valve1,12.csv
2020-03-09 14:27:26,0.0,valve1,12.csv
2020-03-09 14:27:27,0.0,valve1,12.csv
2020-03-09 14:27:28,0.0,valve1,12.csv
2020-03-09 14:27:30,0.0,valve1,12.csv
2020-03-09 14:27:31,0.0,valve1,12.csv
2020-03-09 14:27:32,0.0,valve1,12.csv
2020-03-09 14:27:33,0.0,valve1,12.csv
2020-03-09 14:27:34,0.0,valve1,12.csv
2020-03-09 14:27:35,0.0,valve1,12.csv
2020-03-09 14:27:36,0.0,valve1,12.csv
2020-03-09 14:27:37,0.0,valve1,12.csv
2020-03-09 14:27:38,0.0,valve1,12.csv
2020-03-09 14:27:39,0.0,valve1,12.csv
2020-03-09 14:27:40,0.0,valve1,12.csv
2020-03-09 14:27:41,0.0,valve1,12.csv
2020-03-09 14:27:42,0.0,valve1,12.csv
2020-03-09 14:27:43,0.0,valve1,12.csv
2020-03-09 14:27:44,0.0,valve1,12.csv
2020-03-09 14:27:45,0.0,valve1,12.csv
2020-03-09 14:27:46,0.0,valve1,12.csv
2020-03-09 14:27:47,0.0,valve1,12.csv
2020-03-09 14:27:48,0.0,valve1,12.csv
2020-03-09 14:27:49,0.0,valve1,12.csv
2020-03-09 14:27:50,0.0,valve1,12.csv
2020-03-09 14:27:52,0.0,valve1,12.csv
2020-03-09 14:27:53,0.0,valve1,12.csv
2020-03-09 14:27:54,0.0,valve1,12.csv
2020-03-09 14:27:55,0.0,valve1,12.csv
2020-03-09 14:27:56,0.0,valve1,12.csv
2020-03-09 14:27:57,0.0,valve1,12.csv
2020-03-09 14:27:58,0.0,valve1,12.csv
2020-03-09 14:27:59,0.0,valve1,12.csv
2020-03-09 14:28:00,0.0,valve1,12.csv
2020-03-09 14:28:01,0.0,valve1,12.csv
2020-03-09 14:28:02,0.0,valve1,12.csv
2020-03-09 14:28:03,0.0,valve1,12.csv
2020-03-09 14:28:04,0.0,valve1,12.csv
2020-03-09 14:28:05,0.0,valve1,12.csv
2020-03-09 14:28:06,0.0,valve1,12.csv
2020-03-09 14:28:07,0.0,valve1,12.csv
2020-03-09 14:28:08,0.0,valve1,12.csv
2020-03-09 14:28:09,0.0,valve1,12.csv
2020-03-09 14:28:10,0.0,valve1,12.csv
2020-03-09 14:28:11,0.0,valve1,12.csv
2020-03-09 14:28:13,0.0,valve1,12.csv
2020-03-09 14:28:14,0.0,valve1,12.csv
2020-03-09 14:28:15,0.0,valve1,12.csv
2020-03-09 14:28:16,0.0,valve1,12.csv
2020-03-09 14:28:17,0.0,valve1,12.csv
2020-03-09 14:28:18,0.0,valve1,12.csv
2020-03-09 14:28:19,0.0,valve1,12.csv
2020-03-09 14:28:20,0.0,valve1,12.csv
2020-03-09 14:28:21,0.0,valve1,12.csv
2020-03-09 14:28:22,0.0,valve1,12.csv
2020-03-09 14:28:23,0.0,valve1,12.csv
2020-03-09 14:28:24,0.0,valve1,12.csv
2020-03-09 14:28:25,0.0,valve1,12.csv
2020-03-09 14:28:26,0.0,valve1,12.csv
2020-03-09 14:28:27,0.0,valve1,12.csv
2020-03-09 14:28:28,0.0,valve1,12.csv
2020-03-09 14:28:29,0.0,valve1,12.csv
2020-03-09 14:28:30,0.0,valve1,12.csv
2020-03-09 14:28:31,0.0,valve1,12.csv
2020-03-09 14:28:33,0.0,valve1,12.csv
2020-03-09 14:28:34,0.0,valve1,12.csv
2020-03-09 14:28:35,0.0,valve1,12.csv
2020-03-09 14:28:36,0.0,valve1,12.csv
2020-03-09 14:28:37,0.0,valve1,12.csv
2020-03-09 14:28:38,0.0,valve1,12.csv
2020-03-09 14:28:39,0.0,valve1,12.csv
2020-03-09 14:28:40,0.0,valve1,12.csv
2020-03-09 14:28:41,0.0,valve1,12.csv
2020-03-09 14:28:42,0.0,valve1,12.csv
2020-03-09 14:28:43,0.0,valve1,12.csv
2020-03-09 14:28:44,0.0,valve1,12.csv
2020-03-09 14:28:45,0.0,valve1,12.csv
2020-03-09 14:28:46,0.0,valve1,12.csv
2020-03-09 14:28:47,0.0,valve1,12.csv
2020-03-09 14:28:48,0.0,valve1,12.csv
2020-03-09 14:28:49,0.0,valve1,12.csv
2020-03-09 14:28:50,0.0,valve1,12.csv
2020-03-09 14:28:51,0.0,valve1,12.csv
2020-03-09 14:28:53,0.0,valve1,12.csv
2020-03-09 14:28:54,0.0,valve1,12.csv
2020-03-09 14:28:55,0.0,valve1,12.csv
2020-03-09 14:28:56,0.0,valve1,12.csv
2020-03-09 14:28:57,0.0,valve1,12.csv
2020-03-09 14:28:58,0.0,valve1,12.csv
2020-03-09 14:28:59,0.0,valve1,12.csv
2020-03-09 14:29:00,0.0,valve1,12.csv
2020-03-09 14:29:01,0.0,valve1,12.csv
2020-03-09 14:29:02,0.0,valve1,12.csv
2020-03-09 14:29:03,0.0,valve1,12.csv
2020-03-09 14:29:04,0.0,valve1,12.csv
2020-03-09 14:29:05,0.0,valve1,12.csv
2020-03-09 14:29:06,0.0,valve1,12.csv
2020-03-09 14:29:07,0.0,valve1,12.csv
2020-03-09 14:29:08,0.0,valve1,12.csv
2020-03-09 14:29:09,0.0,valve1,12.csv
2020-03-09 14:29:10,0.0,valve1,12.csv
2020-03-09 14:29:12,0.0,valve1,12.csv
2020-03-09 14:29:13,0.0,valve1,12.csv
2020-03-09 14:29:14,0.0,valve1,12.csv
2020-03-09 14:29:15,0.0,valve1,12.csv
2020-03-09 14:29:16,0.0,valve1,12.csv
2020-03-09 14:29:17,0.0,valve1,12.csv
2020-03-09 14:29:18,0.0,valve1,12.csv
2020-03-09 14:29:19,0.0,valve1,12.csv
2020-03-09 14:29:20,0.0,valve1,12.csv
2020-03-09 14:29:21,0.0,valve1,12.csv
2020-03-09 14:29:22,0.0,valve1,12.csv
2020-03-09 14:29:23,0.0,valve1,12.csv
2020-03-09 14:29:24,0.0,valve1,12.csv
2020-03-09 14:29:25,0.0,valve1,12.csv
2020-03-09 14:29:26,0.0,valve1,12.csv
2020-03-09 14:29:27,0.0,valve1,12.csv
2020-03-09 14:29:28,0.0,valve1,12.csv
2020-03-09 14:29:29,0.0,valve1,12.csv
2020-03-09 14:29:31,0.0,valve1,12.csv
2020-03-09 14:29:32,0.0,valve1,12.csv
2020-03-09 14:29:33,0.0,valve1,12.csv
2020-03-09 14:29:34,0.0,valve1,12.csv
2020-03-09 14:29:35,0.0,valve1,12.csv
2020-03-09 14:29:36,0.0,valve1,12.csv
2020-03-09 14:29:37,0.0,valve1,12.csv
2020-03-09 14:29:38,0.0,valve1,12.csv
2020-03-09 14:29:39,0.0,valve1,12.csv
2020-03-09 14:29:40,0.0,valve1,12.csv
2020-03-09 14:29:41,0.0,valve1,12.csv
2020-03-09 14:29:42,0.0,valve1,12.csv
2020-03-09 14:29:43,0.0,valve1,12.csv
2020-03-09 14:29:44,0.0,valve1,12.csv
2020-03-09 14:29:45,0.0,valve1,12.csv
2020-03-09 14:29:46,0.0,valve1,12.csv
2020-03-09 14:29:47,0.0,valve1,12.csv
2020-03-09 14:29:48,0.0,valve1,12.csv
2020-03-09 14:29:49,0.0,valve1,12.csv
2020-03-09 14:29:51,0.0,valve1,12.csv
2020-03-09 14:29:52,0.0,valve1,12.csv
2020-03-09 14:29:53,0.0,valve1,12.csv
2020-03-09 14:29:54,0.0,valve1,12.csv
2020-03-09 14:29:55,0.0,valve1,12.csv
2020-03-09 14:29:56,0.0,valve1,12.csv
2020-03-09 14:29:57,0.0,valve1,12.csv
2020-03-09 14:29:58,0.0,valve1,12.csv
2020-03-09 14:29:59,0.0,valve1,12.csv
2020-03-09 14:30:00,0.0,valve1,12.csv
2020-03-09 14:30:01,0.0,valve1,12.csv
2020-03-09 14:30:02,0.0,valve1,12.csv
2020-03-09 14:30:03,0.0,valve1,12.csv
2020-03-09 14:30:04,0.0,valve1,12.csv
2020-03-09 14:30:05,0.0,valve1,12.csv
2020-03-09 14:30:06,0.0,valve1,12.csv
2020-03-09 14:30:07,0.0,valve1,12.csv
2020-03-09 14:30:08,0.0,valve1,12.csv
2020-03-09 14:30:09,0.0,valve1,12.csv
2020-03-09 14:30:11,0.0,valve1,12.csv
2020-03-09 14:30:12,0.0,valve1,12.csv
2020-03-09 14:30:13,0.0,valve1,12.csv
2020-03-09 14:30:14,0.0,valve1,12.csv
2020-03-09 14:30:15,0.0,valve1,12.csv
2020-03-09 14:30:16,0.0,valve1,12.csv
2020-03-09 14:30:17,0.0,valve1,12.csv
2020-03-09 14:30:18,0.0,valve1,12.csv
2020-03-09 14:30:19,0.0,valve1,12.csv
2020-03-09 14:30:20,0.0,valve1,12.csv
2020-03-09 14:30:21,0.0,valve1,12.csv
2020-03-09 14:30:22,0.0,valve1,12.csv
2020-03-09 14:30:23,0.0,valve1,12.csv
2020-03-09 14:30:24,0.0,valve1,12.csv
2020-03-09 14:30:25,0.0,valve1,12.csv
2020-03-09 14:30:27,0.0,valve1,12.csv
2020-03-09 14:30:28,0.0,valve1,12.csv
2020-03-09 14:30:29,0.0,valve1,12.csv
2020-03-09 14:30:30,0.0,valve1,12.csv
2020-03-09 14:30:31,0.0,valve1,12.csv
2020-03-09 14:30:32,0.0,valve1,12.csv
2020-03-09 14:30:33,0.0,valve1,12.csv
2020-03-09 14:30:34,0.0,valve1,12.csv
2020-03-09 14:30:35,0.0,valve1,12.csv
2020-03-09 14:30:36,0.0,valve1,12.csv
2020-03-09 14:30:37,0.0,valve1,12.csv
2020-03-09 14:30:38,0.0,valve1,12.csv
2020-03-09 14:30:39,0.0,valve1,12.csv
2020-03-09 14:30:40,1.0,valve1,12.csv
2020-03-09 14:30:41,0.0,valve1,12.csv
2020-03-09 14:30:42,0.0,valve1,12.csv
2020-03-09 14:30:43,0.0,valve1,12.csv
2020-03-09 14:30:45,0.0,valve1,12.csv
2020-03-09 14:30:46,0.0,valve1,12.csv
2020-03-09 14:30:47,0.0,valve1,12.csv
2020-03-09 14:30:48,0.0,valve1,12.csv
2020-03-09 14:30:49,0.0,valve1,12.csv
2020-03-09 14:30:50,0.0,valve1,12.csv
2020-03-09 14:30:51,0.0,valve1,12.csv
2020-03-09 14:30:52,0.0,valve1,12.csv
2020-03-09 14:30:53,0.0,valve1,12.csv
2020-03-09 14:30:54,0.0,valve1,12.csv
2020-03-09 14:30:55,0.0,valve1,12.csv
2020-03-09 14:30:56,0.0,valve1,12.csv
2020-03-09 14:30:57,0.0,valve1,12.csv
2020-03-09 14:30:58,0.0,valve1,12.csv
2020-03-09 14:30:59,0.0,valve1,12.csv
2020-03-09 14:31:00,0.0,valve1,12.csv
2020-03-09 14:31:01,0.0,valve1,12.csv
2020-03-09 14:31:02,0.0,valve1,12.csv
2020-03-09 14:31:03,0.0,valve1,12.csv
2020-03-09 14:31:05,0.0,valve1,12.csv
2020-03-09 14:31:06,0.0,valve1,12.csv
2020-03-09 14:31:07,0.0,valve1,12.csv
2020-03-09 14:31:08,0.0,valve1,12.csv
2020-03-09 14:31:09,0.0,valve1,12.csv
2020-03-09 14:31:10,0.0,valve1,12.csv
2020-03-09 14:31:11,0.0,valve1,12.csv
2020-03-09 14:31:12,0.0,valve1,12.csv
2020-03-09 14:31:13,0.0,valve1,12.csv
2020-03-09 14:31:14,0.0,valve1,12.csv
2020-03-09 14:31:15,0.0,valve1,12.csv
2020-03-09 14:31:16,0.0,valve1,12.csv
2020-03-09 14:31:17,0.0,valve1,12.csv
2020-03-09 14:31:18,0.0,valve1,12.csv
2020-03-09 14:31:19,0.0,valve1,12.csv
2020-03-09 14:31:20,0.0,valve1,12.csv
2020-03-09 14:31:22,0.0,valve1,12.csv
2020-03-09 14:31:23,0.0,valve1,12.csv
2020-03-09 14:31:24,0.0,valve1,12.csv
2020-03-09 14:31:25,0.0,valve1,12.csv
2020-03-09 14:31:26,0.0,valve1,12.csv
2020-03-09 14:31:27,0.0,valve1,12.csv
2020-03-09 14:31:28,0.0,valve1,12.csv
2020-03-09 14:31:29,0.0,valve1,12.csv
2020-03-09 14:31:30,0.0,valve1,12.csv
2020-03-09 14:31:31,0.0,valve1,12.csv
2020-03-09 14:31:32,0.0,valve1,12.csv
2020-03-09 14:31:33,0.0,valve1,12.csv
2020-03-09 14:31:34,0.0,valve1,12.csv
2020-03-09 14:31:35,0.0,valve1,12.csv
2020-03-09 14:31:36,0.0,valve1,12.csv
2020-03-09 14:31:37,0.0,valve1,12.csv
2020-03-09 14:31:38,0.0,valve1,12.csv
2020-03-09 14:31:40,0.0,valve1,12.csv
2020-03-09 14:31:41,1.0,valve1,12.csv
2020-03-09 14:31:42,0.0,valve1,12.csv
2020-03-09 14:31:43,0.0,valve1,12.csv
2020-03-09 14:31:44,0.0,valve1,12.csv
2020-03-09 14:31:45,0.0,valve1,12.csv
2020-03-09 14:31:46,0.0,valve1,12.csv
2020-03-09 14:31:47,0.0,valve1,12.csv
2020-03-09 14:31:48,0.0,valve1,12.csv
2020-03-09 14:31:49,0.0,valve1,12.csv
2020-03-09 14:31:50,0.0,valve1,12.csv
2020-03-09 14:31:51,0.0,valve1,12.csv
2020-03-09 14:31:52,0.0,valve1,12.csv
2020-03-09 14:31:53,0.0,valve1,12.csv
2020-03-09 14:31:54,0.0,valve1,12.csv
2020-03-09 14:31:55,0.0,valve1,12.csv
2020-03-09 14:31:56,0.0,valve1,12.csv
2020-03-09 14:31:57,0.0,valve1,12.csv
2020-03-09 14:31:58,0.0,valve1,12.csv
2020-03-09 14:32:00,0.0,valve1,12.csv
2020-03-09 14:32:01,0.0,valve1,12.csv
2020-03-09 14:32:02,0.0,valve1,12.csv
2020-03-09 14:32:03,0.0,valve1,12.csv
2020-03-09 14:32:04,0.0,valve1,12.csv
2020-03-09 14:32:05,0.0,valve1,12.csv
2020-03-09 14:32:06,0.0,valve1,12.csv
2020-03-09 14:32:07,0.0,valve1,12.csv
2020-03-09 14:32:08,0.0,valve1,12.csv
2020-03-09 14:32:09,0.0,valve1,12.csv
2020-03-09 14:32:10,0.0,valve1,12.csv
2020-03-09 14:32:11,0.0,valve1,12.csv
2020-03-09 14:32:12,0.0,valve1,12.csv
2020-03-09 14:32:13,0.0,valve1,12.csv
2020-03-09 14:32:14,0.0,valve1,12.csv
2020-03-09 14:32:15,0.0,valve1,12.csv
2020-03-09 14:32:16,0.0,valve1,12.csv
2020-03-09 14:32:17,0.0,valve1,12.csv
2020-03-09 14:32:18,0.0,valve1,12.csv
2020-03-09 14:32:20,0.0,valve1,12.csv
2020-03-09 14:32:21,0.0,valve1,12.csv
2020-03-09 14:32:22,0.0,valve1,12.csv
2020-03-09 14:32:23,0.0,valve1,12.csv
2020-03-09 14:32:24,0.0,valve1,12.csv
2020-03-09 14:32:25,0.0,valve1,12.csv
2020-03-09 14:32:26,0.0,valve1,12.csv
2020-03-09 14:32:27,0.0,valve1,12.csv
2020-03-09 14:32:28,0.0,valve1,12.csv
2020-03-09 14:32:29,0.0,valve1,12.csv
2020-03-09 14:32:30,0.0,valve1,12.csv
2020-03-09 14:32:31,0.0,valve1,12.csv
2020-03-09 14:32:32,0.0,valve1,12.csv
2020-03-09 14:32:33,0.0,valve1,12.csv
2020-03-09 14:32:34,0.0,valve1,12.csv
2020-03-09 14:32:35,0.0,valve1,12.csv
2020-03-09 14:32:36,0.0,valve1,12.csv
2020-03-09 14:32:37,0.0,valve1,12.csv
2020-03-09 14:32:38,0.0,valve1,12.csv
2020-03-09 14:32:39,0.0,valve1,12.csv
2020-03-09 14:32:40,0.0,valve1,12.csv
2020-03-09 14:32:41,0.0,valve1,12.csv
2020-03-09 14:32:43,0.0,valve1,12.csv
2020-03-09 14:32:44,0.0,valve1,12.csv
2020-03-09 14:32:45,0.0,valve1,12.csv
2020-03-09 14:32:46,0.0,valve1,12.csv
2020-03-09 14:32:47,0.0,valve1,12.csv
2020-03-09 14:32:48,0.0,valve1,12.csv
2020-03-09 14:32:49,0.0,valve1,12.csv
2020-03-09 14:32:50,0.0,valve1,12.csv
2020-03-09 14:32:51,0.0,valve1,12.csv
2020-03-09 14:32:52,0.0,valve1,12.csv
2020-03-09 14:32:53,0.0,valve1,12.csv
2020-03-09 14:32:54,0.0,valve1,12.csv
2020-03-09 14:32:55,0.0,valve1,12.csv
2020-03-09 14:32:56,0.0,valve1,12.csv
2020-03-09 14:32:57,0.0,valve1,12.csv
2020-03-09 14:32:58,0.0,valve1,12.csv
2020-03-09 14:32:59,0.0,valve1,12.csv
2020-03-09 14:33:00,0.0,valve1,12.csv
2020-03-09 14:33:01,0.0,valve1,12.csv
2020-03-09 14:33:03,0.0,valve1,12.csv
2020-03-09 14:33:04,0.0,valve1,12.csv
2020-03-09 14:33:05,0.0,valve1,12.csv
2020-03-09 14:33:06,0.0,valve1,12.csv
2020-03-09 14:33:07,0.0,valve1,12.csv
2020-03-09 14:33:08,0.0,valve1,12.csv
2020-03-09 14:33:09,0.0,valve1,12.csv
2020-03-09 14:33:10,0.0,valve1,12.csv
2020-03-09 14:33:11,0.0,valve1,12.csv
2020-03-09 14:33:12,0.0,valve1,12.csv
2020-03-09 14:33:13,0.0,valve1,12.csv
2020-03-09 14:33:14,0.0,valve1,12.csv
2020-03-09 14:33:16,0.0,valve1,12.csv
2020-03-09 14:33:17,0.0,valve1,12.csv
2020-03-09 14:33:18,0.0,valve1,12.csv
2020-03-09 14:33:19,0.0,valve1,12.csv
2020-03-09 14:33:20,0.0,valve1,12.csv
2020-03-09 14:33:21,0.0,valve1,12.csv
2020-03-09 14:33:22,0.0,valve1,12.csv
2020-03-09 14:33:23,0.0,valve1,12.csv
2020-03-09 14:33:24,0.0,valve1,12.csv
2020-03-09 14:33:25,0.0,valve1,12.csv
2020-03-09 14:33:26,0.0,valve1,12.csv
2020-03-09 14:33:27,0.0,valve1,12.csv
2020-03-09 14:33:28,0.0,valve1,12.csv
2020-03-09 14:33:29,0.0,valve1,12.csv
2020-03-09 14:33:30,0.0,valve1,12.csv
2020-03-09 14:33:31,0.0,valve1,12.csv
2020-03-09 14:33:32,0.0,valve1,12.csv
2020-03-09 14:33:33,0.0,valve1,12.csv
2020-03-09 14:33:34,0.0,valve1,12.csv
2020-03-09 14:33:36,0.0,valve1,12.csv
2020-03-09 14:33:37,0.0,valve1,12.csv
2020-03-09 14:33:38,0.0,valve1,12.csv
2020-03-09 14:33:39,0.0,valve1,12.csv
2020-03-09 14:33:40,0.0,valve1,12.csv
2020-03-09 14:33:41,0.0,valve1,12.csv
2020-03-09 14:33:42,0.0,valve1,12.csv
2020-03-09 14:33:43,0.0,valve1,12.csv
2020-03-09 14:33:44,0.0,valve1,12.csv
2020-03-09 14:33:45,0.0,valve1,12.csv
2020-03-09 14:33:46,0.0,valve1,12.csv
2020-03-09 14:33:47,0.0,valve1,12.csv
2020-03-09 14:33:48,0.0,valve1,12.csv
2020-03-09 14:33:49,0.0,valve1,12.csv
2020-03-09 14:33:50,0.0,valve1,12.csv
2020-03-09 14:33:51,0.0,valve1,12.csv
2020-03-09 14:33:52,0.0,valve1,12.csv
2020-03-09 14:33:53,0.0,valve1,12.csv
2020-03-09 14:33:55,0.0,valve1,12.csv
2020-03-09 14:33:56,0.0,valve1,12.csv
2020-03-09 14:33:57,0.0,valve1,12.csv
2020-03-09 14:33:58,0.0,valve1,12.csv
2020-03-09 14:33:59,0.0,valve1,12.csv
2020-03-09 14:34:00,0.0,valve1,12.csv
2020-03-09 14:34:01,0.0,valve1,12.csv
2020-03-09 14:34:02,0.0,valve1,12.csv
2020-03-09 14:34:03,0.0,valve1,12.csv
2020-03-09 14:34:04,0.0,valve1,12.csv
2020-03-09 14:34:05,0.0,valve1,12.csv
2020-03-09 14:34:06,0.0,valve1,12.csv
2020-03-09 14:34:07,0.0,valve1,12.csv
2020-03-09 14:34:08,0.0,valve1,12.csv
2020-03-09 14:34:09,0.0,valve1,12.csv
2020-03-09 14:34:10,0.0,valve1,12.csv
2020-03-09 14:34:11,0.0,valve1,12.csv
2020-03-09 14:34:12,0.0,valve1,12.csv
2020-03-09 14:34:13,0.0,valve1,12.csv
2020-03-09 14:34:14,0.0,valve1,12.csv
2020-03-09 14:34:16,0.0,valve1,12.csv
2020-03-09 14:34:17,0.0,valve1,12.csv
2020-03-09 14:34:18,0.0,valve1,12.csv
2020-03-09 14:34:19,0.0,valve1,12.csv
2020-03-09 14:34:20,0.0,valve1,12.csv
2020-03-09 14:34:21,0.0,valve1,12.csv
2020-03-09 14:34:22,0.0,valve1,12.csv
2020-03-09 14:34:23,0.0,valve1,12.csv
2020-03-09 14:34:24,0.0,valve1,12.csv
2020-03-09 14:34:25,0.0,valve1,12.csv
2020-03-09 14:34:26,0.0,valve1,12.csv
2020-03-09 14:34:27,0.0,valve1,12.csv
2020-03-09 14:34:28,0.0,valve1,12.csv
2020-03-09 14:34:29,0.0,valve1,12.csv
2020-03-09 14:34:30,0.0,valve1,12.csv
2020-03-09 14:34:31,0.0,valve1,12.csv
2020-03-09 14:34:32,0.0,valve1,12.csv
2020-03-09 14:34:33,0.0,valve1,12.csv
2020-03-09 14:34:34,0.0,valve1,12.csv
2020-03-09 14:34:36,0.0,valve1,12.csv
2020-03-09 14:34:37,0.0,valve1,12.csv
2020-03-09 14:34:38,0.0,valve1,12.csv
2020-03-09 14:34:39,0.0,valve1,12.csv
2020-03-09 14:34:40,0.0,valve1,12.csv
2020-03-09 14:54:41,0.0,valve1,14.csv
2020-03-09 14:54:42,0.0,valve1,14.csv
2020-03-09 14:54:43,0.0,valve1,14.csv
2020-03-09 14:54:44,0.0,valve1,14.csv
2020-03-09 14:54:46,0.0,valve1,14.csv
2020-03-09 14:54:47,0.0,valve1,14.csv
2020-03-09 14:54:48,0.0,valve1,14.csv
2020-03-09 14:54:49,0.0,valve1,14.csv
2020-03-09 14:54:50,0.0,valve1,14.csv
2020-03-09 14:54:51,0.0,valve1,14.csv
2020-03-09 14:54:52,0.0,valve1,14.csv
2020-03-09 14:54:53,0.0,valve1,14.csv
2020-03-09 14:54:54,0.0,valve1,14.csv
2020-03-09 14:54:55,0.0,valve1,14.csv
2020-03-09 14:54:56,0.0,valve1,14.csv
2020-03-09 14:54:57,0.0,valve1,14.csv
2020-03-09 14:54:58,0.0,valve1,14.csv
2020-03-09 14:54:59,0.0,valve1,14.csv
2020-03-09 14:55:00,0.0,valve1,14.csv
2020-03-09 14:55:01,0.0,valve1,14.csv
2020-03-09 14:55:02,0.0,valve1,14.csv
2020-03-09 14:55:04,0.0,valve1,14.csv
2020-03-09 14:55:05,0.0,valve1,14.csv
2020-03-09 14:55:06,0.0,valve1,14.csv
2020-03-09 14:55:07,0.0,valve1,14.csv
2020-03-09 14:55:08,0.0,valve1,14.csv
2020-03-09 14:55:09,0.0,valve1,14.csv
2020-03-09 14:55:10,0.0,valve1,14.csv
2020-03-09 14:55:11,0.0,valve1,14.csv
2020-03-09 14:55:12,0.0,valve1,14.csv
2020-03-09 14:55:13,0.0,valve1,14.csv
2020-03-09 14:55:14,0.0,valve1,14.csv
2020-03-09 14:55:15,0.0,valve1,14.csv
2020-03-09 14:55:16,0.0,valve1,14.csv
2020-03-09 14:55:17,0.0,valve1,14.csv
2020-03-09 14:55:18,0.0,valve1,14.csv
2020-03-09 14:55:19,0.0,valve1,14.csv
2020-03-09 14:55:20,0.0,valve1,14.csv
2020-03-09 14:55:21,0.0,valve1,14.csv
2020-03-09 14:55:23,0.0,valve1,14.csv
2020-03-09 14:55:24,0.0,valve1,14.csv
2020-03-09 14:55:25,0.0,valve1,14.csv
2020-03-09 14:55:26,0.0,valve1,14.csv
2020-03-09 14:55:27,0.0,valve1,14.csv
2020-03-09 14:55:28,0.0,valve1,14.csv
2020-03-09 14:55:29,0.0,valve1,14.csv
2020-03-09 14:55:30,0.0,valve1,14.csv
2020-03-09 14:55:31,0.0,valve1,14.csv
2020-03-09 14:55:32,0.0,valve1,14.csv
2020-03-09 14:55:33,0.0,valve1,14.csv
2020-03-09 14:55:34,0.0,valve1,14.csv
2020-03-09 14:55:35,0.0,valve1,14.csv
2020-03-09 14:55:36,0.0,valve1,14.csv
2020-03-09 14:55:37,0.0,valve1,14.csv
2020-03-09 14:55:38,0.0,valve1,14.csv
2020-03-09 14:55:39,0.0,valve1,14.csv
2020-03-09 14:55:40,0.0,valve1,14.csv
2020-03-09 14:55:42,0.0,valve1,14.csv
2020-03-09 14:55:43,0.0,valve1,14.csv
2020-03-09 14:55:44,0.0,valve1,14.csv
2020-03-09 14:55:45,0.0,valve1,14.csv
2020-03-09 14:55:46,0.0,valve1,14.csv
2020-03-09 14:55:47,0.0,valve1,14.csv
2020-03-09 14:55:48,0.0,valve1,14.csv
2020-03-09 14:55:49,0.0,valve1,14.csv
2020-03-09 14:55:50,0.0,valve1,14.csv
2020-03-09 14:55:51,0.0,valve1,14.csv
2020-03-09 14:55:52,0.0,valve1,14.csv
2020-03-09 14:55:53,0.0,valve1,14.csv
2020-03-09 14:55:54,0.0,valve1,14.csv
2020-03-09 14:55:55,0.0,valve1,14.csv
2020-03-09 14:55:56,0.0,valve1,14.csv
2020-03-09 14:55:57,0.0,valve1,14.csv
2020-03-09 14:55:58,0.0,valve1,14.csv
2020-03-09 14:55:59,0.0,valve1,14.csv
2020-03-09 14:56:01,0.0,valve1,14.csv
2020-03-09 14:56:02,0.0,valve1,14.csv
2020-03-09 14:56:03,0.0,valve1,14.csv
2020-03-09 14:56:04,0.0,valve1,14.csv
2020-03-09 14:56:05,0.0,valve1,14.csv
2020-03-09 14:56:06,0.0,valve1,14.csv
2020-03-09 14:56:07,0.0,valve1,14.csv
2020-03-09 14:56:08,0.0,valve1,14.csv
2020-03-09 14:56:09,0.0,valve1,14.csv
2020-03-09 14:56:10,0.0,valve1,14.csv
2020-03-09 14:56:11,0.0,valve1,14.csv
2020-03-09 14:56:12,0.0,valve1,14.csv
2020-03-09 14:56:13,0.0,valve1,14.csv
2020-03-09 14:56:14,0.0,valve1,14.csv
2020-03-09 14:56:15,0.0,valve1,14.csv
2020-03-09 14:56:16,0.0,valve1,14.csv
2020-03-09 14:56:17,0.0,valve1,14.csv
2020-03-09 14:56:18,0.0,valve1,14.csv
2020-03-09 14:56:19,0.0,valve1,14.csv
2020-03-09 14:56:20,0.0,valve1,14.csv
2020-03-09 14:56:22,0.0,valve1,14.csv
2020-03-09 14:56:23,0.0,valve1,14.csv
2020-03-09 14:56:24,0.0,valve1,14.csv
2020-03-09 14:56:25,0.0,valve1,14.csv
2020-03-09 14:56:26,0.0,valve1,14.csv
2020-03-09 14:56:27,0.0,valve1,14.csv
2020-03-09 14:56:28,0.0,valve1,14.csv
2020-03-09 14:56:29,0.0,valve1,14.csv
2020-03-09 14:56:30,0.0,valve1,14.csv
2020-03-09 14:56:31,0.0,valve1,14.csv
2020-03-09 14:56:32,0.0,valve1,14.csv
2020-03-09 14:56:33,0.0,valve1,14.csv
2020-03-09 14:56:34,0.0,valve1,14.csv
2020-03-09 14:56:35,0.0,valve1,14.csv
2020-03-09 14:56:36,0.0,valve1,14.csv
2020-03-09 14:56:37,0.0,valve1,14.csv
2020-03-09 14:56:38,0.0,valve1,14.csv
2020-03-09 14:56:39,0.0,valve1,14.csv
2020-03-09 14:56:40,0.0,valve1,14.csv
2020-03-09 14:56:42,0.0,valve1,14.csv
2020-03-09 14:56:43,0.0,valve1,14.csv
2020-03-09 14:56:44,0.0,valve1,14.csv
2020-03-09 14:56:45,0.0,valve1,14.csv
2020-03-09 14:56:46,0.0,valve1,14.csv
2020-03-09 14:56:47,0.0,valve1,14.csv
2020-03-09 14:56:48,0.0,valve1,14.csv
2020-03-09 14:56:49,0.0,valve1,14.csv
2020-03-09 14:56:50,0.0,valve1,14.csv
2020-03-09 14:56:51,0.0,valve1,14.csv
2020-03-09 14:56:52,0.0,valve1,14.csv
2020-03-09 14:56:53,0.0,valve1,14.csv
2020-03-09 14:56:54,0.0,valve1,14.csv
2020-03-09 14:56:55,0.0,valve1,14.csv
2020-03-09 14:56:56,0.0,valve1,14.csv
2020-03-09 14:56:57,0.0,valve1,14.csv
2020-03-09 14:56:58,0.0,valve1,14.csv
2020-03-09 14:56:59,0.0,valve1,14.csv
2020-03-09 14:57:01,0.0,valve1,14.csv
2020-03-09 14:57:02,0.0,valve1,14.csv
2020-03-09 14:57:03,0.0,valve1,14.csv
2020-03-09 14:57:04,0.0,valve1,14.csv
2020-03-09 14:57:05,0.0,valve1,14.csv
2020-03-09 14:57:06,0.0,valve1,14.csv
2020-03-09 14:57:07,0.0,valve1,14.csv
2020-03-09 14:57:08,0.0,valve1,14.csv
2020-03-09 14:57:09,0.0,valve1,14.csv
2020-03-09 14:57:10,0.0,valve1,14.csv
2020-03-09 14:57:11,0.0,valve1,14.csv
2020-03-09 14:57:12,0.0,valve1,14.csv
2020-03-09 14:57:13,0.0,valve1,14.csv
2020-03-09 14:57:14,0.0,valve1,14.csv
2020-03-09 14:57:15,0.0,valve1,14.csv
2020-03-09 14:57:16,0.0,valve1,14.csv
2020-03-09 14:57:17,0.0,valve1,14.csv
2020-03-09 14:57:18,0.0,valve1,14.csv
2020-03-09 14:57:19,0.0,valve1,14.csv
2020-03-09 14:57:21,0.0,valve1,14.csv
2020-03-09 14:57:22,0.0,valve1,14.csv
2020-03-09 14:57:23,0.0,valve1,14.csv
2020-03-09 14:57:24,0.0,valve1,14.csv
2020-03-09 14:57:25,0.0,valve1,14.csv
2020-03-09 14:57:26,0.0,valve1,14.csv
2020-03-09 14:57:27,0.0,valve1,14.csv
2020-03-09 14:57:28,0.0,valve1,14.csv
2020-03-09 14:57:29,0.0,valve1,14.csv
2020-03-09 14:57:30,0.0,valve1,14.csv
2020-03-09 14:57:31,0.0,valve1,14.csv
2020-03-09 14:57:32,0.0,valve1,14.csv
2020-03-09 14:57:33,0.0,valve1,14.csv
2020-03-09 14:57:34,0.0,valve1,14.csv
2020-03-09 14:57:35,0.0,valve1,14.csv
2020-03-09 14:57:36,0.0,valve1,14.csv
2020-03-09 14:57:37,0.0,valve1,14.csv
2020-03-09 14:57:38,0.0,valve1,14.csv
2020-03-09 14:57:39,0.0,valve1,14.csv
2020-03-09 14:57:41,0.0,valve1,14.csv
2020-03-09 14:57:42,0.0,valve1,14.csv
2020-03-09 14:57:43,0.0,valve1,14.csv
2020-03-09 14:57:44,0.0,valve1,14.csv
2020-03-09 14:57:45,0.0,valve1,14.csv
2020-03-09 14:57:46,0.0,valve1,14.csv
2020-03-09 14:57:47,0.0,valve1,14.csv
2020-03-09 14:57:48,0.0,valve1,14.csv
2020-03-09 14:57:49,0.0,valve1,14.csv
2020-03-09 14:57:50,0.0,valve1,14.csv
2020-03-09 14:57:51,0.0,valve1,14.csv
2020-03-09 14:57:52,0.0,valve1,14.csv
2020-03-09 14:57:53,0.0,valve1,14.csv
2020-03-09 14:57:54,0.0,valve1,14.csv
2020-03-09 14:57:55,0.0,valve1,14.csv
2020-03-09 14:57:56,0.0,valve1,14.csv
2020-03-09 14:57:57,0.0,valve1,14.csv
2020-03-09 14:57:59,0.0,valve1,14.csv
2020-03-09 14:58:00,0.0,valve1,14.csv
2020-03-09 14:58:01,0.0,valve1,14.csv
2020-03-09 14:58:02,0.0,valve1,14.csv
2020-03-09 14:58:03,0.0,valve1,14.csv
2020-03-09 14:58:04,0.0,valve1,14.csv
2020-03-09 14:58:05,0.0,valve1,14.csv
2020-03-09 14:58:06,0.0,valve1,14.csv
2020-03-09 14:58:07,0.0,valve1,14.csv
2020-03-09 14:58:08,0.0,valve1,14.csv
2020-03-09 14:58:09,0.0,valve1,14.csv
2020-03-09 14:58:10,0.0,valve1,14.csv
2020-03-09 14:58:11,0.0,valve1,14.csv
2020-03-09 14:58:12,0.0,valve1,14.csv
2020-03-09 14:58:13,0.0,valve1,14.csv
2020-03-09 14:58:14,0.0,valve1,14.csv
2020-03-09 14:58:15,0.0,valve1,14.csv
2020-03-09 14:58:17,0.0,valve1,14.csv
2020-03-09 14:58:18,0.0,valve1,14.csv
2020-03-09 14:58:19,0.0,valve1,14.csv
2020-03-09 14:58:20,0.0,valve1,14.csv
2020-03-09 14:58:21,0.0,valve1,14.csv
2020-03-09 14:58:22,0.0,valve1,14.csv
2020-03-09 14:58:23,0.0,valve1,14.csv
2020-03-09 14:58:24,0.0,valve1,14.csv
2020-03-09 14:58:25,0.0,valve1,14.csv
2020-03-09 14:58:26,0.0,valve1,14.csv
2020-03-09 14:58:27,0.0,valve1,14.csv
2020-03-09 14:58:28,0.0,valve1,14.csv
2020-03-09 14:58:29,0.0,valve1,14.csv
2020-03-09 14:58:30,0.0,valve1,14.csv
2020-03-09 14:58:31,0.0,valve1,14.csv
2020-03-09 14:58:32,0.0,valve1,14.csv
2020-03-09 14:58:33,0.0,valve1,14.csv
2020-03-09 14:58:34,0.0,valve1,14.csv
2020-03-09 14:58:35,0.0,valve1,14.csv
2020-03-09 14:58:36,0.0,valve1,14.csv
2020-03-09 14:58:38,0.0,valve1,14.csv
2020-03-09 14:58:39,0.0,valve1,14.csv
2020-03-09 14:58:40,0.0,valve1,14.csv
2020-03-09 14:58:41,0.0,valve1,14.csv
2020-03-09 14:58:42,0.0,valve1,14.csv
2020-03-09 14:58:43,0.0,valve1,14.csv
2020-03-09 14:58:44,0.0,valve1,14.csv
2020-03-09 14:58:45,0.0,valve1,14.csv
2020-03-09 14:58:46,0.0,valve1,14.csv
2020-03-09 14:58:47,0.0,valve1,14.csv
2020-03-09 14:58:48,0.0,valve1,14.csv
2020-03-09 14:58:49,0.0,valve1,14.csv
2020-03-09 14:58:50,0.0,valve1,14.csv
2020-03-09 14:58:51,0.0,valve1,14.csv
2020-03-09 14:58:52,0.0,valve1,14.csv
2020-03-09 14:58:53,0.0,valve1,14.csv
2020-03-09 14:58:54,0.0,valve1,14.csv
2020-03-09 14:58:55,0.0,valve1,14.csv
2020-03-09 14:58:57,0.0,valve1,14.csv
2020-03-09 14:58:58,0.0,valve1,14.csv
2020-03-09 14:58:59,0.0,valve1,14.csv
2020-03-09 14:59:00,0.0,valve1,14.csv
2020-03-09 14:59:01,0.0,valve1,14.csv
2020-03-09 14:59:02,0.0,valve1,14.csv
2020-03-09 14:59:03,0.0,valve1,14.csv
2020-03-09 14:59:04,0.0,valve1,14.csv
2020-03-09 14:59:05,0.0,valve1,14.csv
2020-03-09 14:59:06,0.0,valve1,14.csv
2020-03-09 14:59:07,0.0,valve1,14.csv
2020-03-09 14:59:08,0.0,valve1,14.csv
2020-03-09 14:59:09,0.0,valve1,14.csv
2020-03-09 14:59:10,0.0,valve1,14.csv
2020-03-09 14:59:11,0.0,valve1,14.csv
2020-03-09 14:59:12,0.0,valve1,14.csv
2020-03-09 14:59:13,0.0,valve1,14.csv
2020-03-09 14:59:14,0.0,valve1,14.csv
2020-03-09 14:59:15,0.0,valve1,14.csv
2020-03-09 14:59:17,0.0,valve1,14.csv
2020-03-09 14:59:18,0.0,valve1,14.csv
2020-03-09 14:59:19,0.0,valve1,14.csv
2020-03-09 14:59:20,0.0,valve1,14.csv
2020-03-09 14:59:21,0.0,valve1,14.csv
2020-03-09 14:59:22,0.0,valve1,14.csv
2020-03-09 14:59:23,0.0,valve1,14.csv
2020-03-09 14:59:24,0.0,valve1,14.csv
2020-03-09 14:59:25,0.0,valve1,14.csv
2020-03-09 14:59:26,0.0,valve1,14.csv
2020-03-09 14:59:27,0.0,valve1,14.csv
2020-03-09 14:59:28,0.0,valve1,14.csv
2020-03-09 14:59:29,0.0,valve1,14.csv
2020-03-09 14:59:30,0.0,valve1,14.csv
2020-03-09 14:59:31,0.0,valve1,14.csv
2020-03-09 14:59:32,0.0,valve1,14.csv
2020-03-09 14:59:33,0.0,valve1,14.csv
2020-03-09 14:59:34,0.0,valve1,14.csv
2020-03-09 14:59:35,0.0,valve1,14.csv
2020-03-09 14:59:37,0.0,valve1,14.csv
2020-03-09 14:59:38,0.0,valve1,14.csv
2020-03-09 14:59:39,0.0,valve1,14.csv
2020-03-09 14:59:40,0.0,valve1,14.csv
2020-03-09 14:59:41,0.0,valve1,14.csv
2020-03-09 14:59:42,0.0,valve1,14.csv
2020-03-09 14:59:43,0.0,valve1,14.csv
2020-03-09 14:59:44,0.0,valve1,14.csv
2020-03-09 14:59:45,0.0,valve1,14.csv
2020-03-09 14:59:46,0.0,valve1,14.csv
2020-03-09 14:59:47,0.0,valve1,14.csv
2020-03-09 14:59:48,0.0,valve1,14.csv
2020-03-09 14:59:49,0.0,valve1,14.csv
2020-03-09 14:59:50,0.0,valve1,14.csv
2020-03-09 14:59:51,0.0,valve1,14.csv
2020-03-09 14:59:52,0.0,valve1,14.csv
2020-03-09 14:59:53,0.0,valve1,14.csv
2020-03-09 14:59:54,0.0,valve1,14.csv
2020-03-09 14:59:55,0.0,valve1,14.csv
2020-03-09 14:59:56,0.0,valve1,14.csv
2020-03-09 14:59:58,0.0,valve1,14.csv
2020-03-09 14:59:59,0.0,valve1,14.csv
2020-03-09 15:00:00,0.0,valve1,14.csv
2020-03-09 15:00:01,0.0,valve1,14.csv
2020-03-09 15:00:02,0.0,valve1,14.csv
2020-03-09 15:00:03,0.0,valve1,14.csv
2020-03-09 15:00:04,0.0,valve1,14.csv
2020-03-09 15:00:05,0.0,valve1,14.csv
2020-03-09 15:00:06,0.0,valve1,14.csv
2020-03-09 15:00:07,0.0,valve1,14.csv
2020-03-09 15:00:08,0.0,valve1,14.csv
2020-03-09 15:00:09,0.0,valve1,14.csv
2020-03-09 15:00:10,0.0,valve1,14.csv
2020-03-09 15:00:11,0.0,valve1,14.csv
2020-03-09 15:00:12,0.0,valve1,14.csv
2020-03-09 15:00:13,0.0,valve1,14.csv
2020-03-09 15:00:14,0.0,valve1,14.csv
2020-03-09 15:00:15,0.0,valve1,14.csv
2020-03-09 15:00:16,0.0,valve1,14.csv
2020-03-09 15:00:18,0.0,valve1,14.csv
2020-03-09 15:00:19,0.0,valve1,14.csv
2020-03-09 15:00:20,0.0,valve1,14.csv
2020-03-09 15:00:21,0.0,valve1,14.csv
2020-03-09 15:00:22,0.0,valve1,14.csv
2020-03-09 15:00:23,0.0,valve1,14.csv
2020-03-09 15:00:24,0.0,valve1,14.csv
2020-03-09 15:00:25,0.0,valve1,14.csv
2020-03-09 15:00:26,0.0,valve1,14.csv
2020-03-09 15:00:27,0.0,valve1,14.csv
2020-03-09 15:00:28,0.0,valve1,14.csv
2020-03-09 15:00:29,0.0,valve1,14.csv
2020-03-09 15:00:30,0.0,valve1,14.csv
2020-03-09 15:00:31,0.0,valve1,14.csv
2020-03-09 15:00:32,0.0,valve1,14.csv
2020-03-09 15:00:33,0.0,valve1,14.csv
2020-03-09 15:00:34,0.0,valve1,14.csv
2020-03-09 15:00:35,0.0,valve1,14.csv
2020-03-09 15:00:36,0.0,valve1,14.csv
2020-03-09 15:00:38,0.0,valve1,14.csv
2020-03-09 15:00:39,0.0,valve1,14.csv
2020-03-09 15:00:40,0.0,valve1,14.csv
2020-03-09 15:00:41,0.0,valve1,14.csv
2020-03-09 15:00:42,0.0,valve1,14.csv
2020-03-09 15:00:43,0.0,valve1,14.csv
2020-03-09 15:00:44,0.0,valve1,14.csv
2020-03-09 15:00:45,0.0,valve1,14.csv
2020-03-09 15:00:46,0.0,valve1,14.csv
2020-03-09 15:00:47,0.0,valve1,14.csv
2020-03-09 15:00:48,0.0,valve1,14.csv
2020-03-09 15:00:49,0.0,valve1,14.csv
2020-03-09 15:00:50,0.0,valve1,14.csv
2020-03-09 15:00:51,0.0,valve1,14.csv
2020-03-09 15:00:52,0.0,valve1,14.csv
2020-03-09 15:00:53,0.0,valve1,14.csv
2020-03-09 15:00:54,0.0,valve1,14.csv
2020-03-09 15:00:55,0.0,valve1,14.csv
2020-03-09 15:00:56,0.0,valve1,14.csv
2020-03-09 15:00:58,0.0,valve1,14.csv
2020-03-09 15:00:59,0.0,valve1,14.csv
2020-03-09 15:01:00,0.0,valve1,14.csv
2020-03-09 15:01:01,0.0,valve1,14.csv
2020-03-09 15:01:02,0.0,valve1,14.csv
2020-03-09 15:01:03,0.0,valve1,14.csv
2020-03-09 15:01:04,0.0,valve1,14.csv
2020-03-09 15:01:05,0.0,valve1,14.csv
2020-03-09 15:01:06,0.0,valve1,14.csv
2020-03-09 15:01:07,0.0,valve1,14.csv
2020-03-09 15:01:08,0.0,valve1,14.csv
2020-03-09 15:01:09,0.0,valve1,14.csv
2020-03-09 15:01:10,0.0,valve1,14.csv
2020-03-09 15:01:11,0.0,valve1,14.csv
2020-03-09 15:01:12,0.0,valve1,14.csv
2020-03-09 15:01:13,0.0,valve1,14.csv
2020-03-09 15:01:14,0.0,valve1,14.csv
2020-03-09 15:01:15,0.0,valve1,14.csv
2020-03-09 15:01:16,0.0,valve1,14.csv
2020-03-09 15:01:18,0.0,valve1,14.csv
2020-03-09 15:01:19,0.0,valve1,14.csv
2020-03-09 15:01:20,0.0,valve1,14.csv
2020-03-09 15:01:21,0.0,valve1,14.csv
2020-03-09 15:01:22,0.0,valve1,14.csv
2020-03-09 15:01:23,0.0,valve1,14.csv
2020-03-09 15:01:24,0.0,valve1,14.csv
2020-03-09 15:01:25,0.0,valve1,14.csv
2020-03-09 15:01:26,0.0,valve1,14.csv
2020-03-09 15:01:27,0.0,valve1,14.csv
2020-03-09 15:01:28,0.0,valve1,14.csv
2020-03-09 15:01:29,0.0,valve1,14.csv
2020-03-09 15:01:30,0.0,valve1,14.csv
2020-03-09 15:01:31,0.0,valve1,14.csv
2020-03-09 15:01:32,0.0,valve1,14.csv
2020-03-09 15:01:33,0.0,valve1,14.csv
2020-03-09 15:01:34,0.0,valve1,14.csv
2020-03-09 15:01:35,0.0,valve1,14.csv
2020-03-09 15:01:36,0.0,valve1,14.csv
2020-03-09 15:01:38,0.0,valve1,14.csv
2020-03-09 15:01:39,0.0,valve1,14.csv
2020-03-09 15:01:40,0.0,valve1,14.csv
2020-03-09 15:01:41,0.0,valve1,14.csv
2020-03-09 15:01:42,0.0,valve1,14.csv
2020-03-09 15:01:43,0.0,valve1,14.csv
2020-03-09 15:01:44,0.0,valve1,14.csv
2020-03-09 15:01:45,0.0,valve1,14.csv
2020-03-09 15:01:46,0.0,valve1,14.csv
2020-03-09 15:01:47,0.0,valve1,14.csv
2020-03-09 15:01:48,0.0,valve1,14.csv
2020-03-09 15:01:49,0.0,valve1,14.csv
2020-03-09 15:01:50,0.0,valve1,14.csv
2020-03-09 15:01:51,0.0,valve1,14.csv
2020-03-09 15:01:52,0.0,valve1,14.csv
2020-03-09 15:01:53,0.0,valve1,14.csv
2020-03-09 15:01:54,0.0,valve1,14.csv
2020-03-09 15:01:55,0.0,valve1,14.csv
2020-03-09 15:01:56,0.0,valve1,14.csv
2020-03-09 15:01:58,0.0,valve1,14.csv
2020-03-09 15:01:59,0.0,valve1,14.csv
2020-03-09 15:02:00,0.0,valve1,14.csv
2020-03-09 15:02:01,0.0,valve1,14.csv
2020-03-09 15:02:02,0.0,valve1,14.csv
2020-03-09 15:02:03,0.0,valve1,14.csv
2020-03-09 15:02:04,0.0,valve1,14.csv
2020-03-09 15:02:05,0.0,valve1,14.csv
2020-03-09 15:02:06,0.0,valve1,14.csv
2020-03-09 15:02:07,0.0,valve1,14.csv
2020-03-09 15:02:08,0.0,valve1,14.csv
2020-03-09 15:02:09,0.0,valve1,14.csv
2020-03-09 15:02:10,0.0,valve1,14.csv
2020-03-09 15:02:11,0.0,valve1,14.csv
2020-03-09 15:02:12,0.0,valve1,14.csv
2020-03-09 15:02:13,0.0,valve1,14.csv
2020-03-09 15:02:14,0.0,valve1,14.csv
2020-03-09 15:02:15,0.0,valve1,14.csv
2020-03-09 15:02:16,0.0,valve1,14.csv
2020-03-09 15:02:17,0.0,valve1,14.csv
2020-03-09 15:02:19,0.0,valve1,14.csv
2020-03-09 15:02:20,0.0,valve1,14.csv
2020-03-09 15:02:21,0.0,valve1,14.csv
2020-03-09 15:02:22,0.0,valve1,14.csv
2020-03-09 15:02:23,0.0,valve1,14.csv
2020-03-09 15:02:24,0.0,valve1,14.csv
2020-03-09 15:02:25,0.0,valve1,14.csv
2020-03-09 15:02:26,0.0,valve1,14.csv
2020-03-09 15:02:27,0.0,valve1,14.csv
2020-03-09 15:02:28,0.0,valve1,14.csv
2020-03-09 15:02:29,0.0,valve1,14.csv
2020-03-09 15:02:30,0.0,valve1,14.csv
2020-03-09 15:02:31,0.0,valve1,14.csv
2020-03-09 15:02:32,0.0,valve1,14.csv
2020-03-09 15:02:33,0.0,valve1,14.csv
2020-03-09 15:02:34,0.0,valve1,14.csv
2020-03-09 15:02:35,0.0,valve1,14.csv
2020-03-09 15:02:36,0.0,valve1,14.csv
2020-03-09 15:02:37,0.0,valve1,14.csv
2020-03-09 15:02:38,0.0,valve1,14.csv
2020-03-09 15:02:40,0.0,valve1,14.csv
2020-03-09 15:02:41,0.0,valve1,14.csv
2020-03-09 15:02:42,0.0,valve1,14.csv
2020-03-09 15:02:43,0.0,valve1,14.csv
2020-03-09 15:02:44,0.0,valve1,14.csv
2020-03-09 15:02:45,0.0,valve1,14.csv
2020-03-09 15:02:46,0.0,valve1,14.csv
2020-03-09 15:02:47,0.0,valve1,14.csv
2020-03-09 15:02:48,0.0,valve1,14.csv
2020-03-09 15:02:49,0.0,valve1,14.csv
2020-03-09 15:02:50,0.0,valve1,14.csv
2020-03-09 15:02:51,0.0,valve1,14.csv
2020-03-09 15:02:52,0.0,valve1,14.csv
2020-03-09 15:02:53,0.0,valve1,14.csv
2020-03-09 15:02:54,0.0,valve1,14.csv
2020-03-09 15:02:55,0.0,valve1,14.csv
2020-03-09 15:02:56,0.0,valve1,14.csv
2020-03-09 15:02:57,0.0,valve1,14.csv
2020-03-09 15:02:58,0.0,valve1,14.csv
2020-03-09 15:03:00,0.0,valve1,14.csv
2020-03-09 15:03:01,0.0,valve1,14.csv
2020-03-09 15:03:02,0.0,valve1,14.csv
2020-03-09 15:03:03,0.0,valve1,14.csv
2020-03-09 15:03:04,0.0,valve1,14.csv
2020-03-09 15:03:05,0.0,valve1,14.csv
2020-03-09 15:03:06,0.0,valve1,14.csv
2020-03-09 15:03:07,0.0,valve1,14.csv
2020-03-09 15:03:08,0.0,valve1,14.csv
2020-03-09 15:03:09,0.0,valve1,14.csv
2020-03-09 15:03:10,0.0,valve1,14.csv
2020-03-09 15:03:11,0.0,valve1,14.csv
2020-03-09 15:03:12,0.0,valve1,14.csv
2020-03-09 15:03:13,0.0,valve1,14.csv
2020-03-09 15:03:14,0.0,valve1,14.csv
2020-03-09 15:03:16,0.0,valve1,14.csv
2020-03-09 15:03:17,0.0,valve1,14.csv
2020-03-09 15:03:18,0.0,valve1,14.csv
2020-03-09 15:03:19,0.0,valve1,14.csv
2020-03-09 15:03:20,0.0,valve1,14.csv
2020-03-09 15:03:21,0.0,valve1,14.csv
2020-03-09 15:03:22,0.0,valve1,14.csv
2020-03-09 15:03:23,0.0,valve1,14.csv
2020-03-09 15:03:24,0.0,valve1,14.csv
2020-03-09 15:03:25,0.0,valve1,14.csv
2020-03-09 15:03:26,0.0,valve1,14.csv
2020-03-09 15:03:27,0.0,valve1,14.csv
2020-03-09 15:03:28,0.0,valve1,14.csv
2020-03-09 15:03:29,0.0,valve1,14.csv
2020-03-09 15:03:30,0.0,valve1,14.csv
2020-03-09 15:03:31,0.0,valve1,14.csv
2020-03-09 15:03:32,0.0,valve1,14.csv
2020-03-09 15:03:33,0.0,valve1,14.csv
2020-03-09 15:03:35,0.0,valve1,14.csv
2020-03-09 15:03:36,0.0,valve1,14.csv
2020-03-09 15:03:37,0.0,valve1,14.csv
2020-03-09 15:03:38,0.0,valve1,14.csv
2020-03-09 15:03:39,0.0,valve1,14.csv
2020-03-09 15:03:40,0.0,valve1,14.csv
2020-03-09 15:03:41,0.0,valve1,14.csv
2020-03-09 15:03:42,0.0,valve1,14.csv
2020-03-09 15:03:43,0.0,valve1,14.csv
2020-03-09 15:03:44,0.0,valve1,14.csv
2020-03-09 15:03:45,0.0,valve1,14.csv
2020-03-09 15:03:46,0.0,valve1,14.csv
2020-03-09 15:03:47,0.0,valve1,14.csv
2020-03-09 15:03:48,0.0,valve1,14.csv
2020-03-09 15:03:49,0.0,valve1,14.csv
2020-03-09 15:03:50,0.0,valve1,14.csv
2020-03-09 15:03:51,0.0,valve1,14.csv
2020-03-09 15:03:52,0.0,valve1,14.csv
2020-03-09 15:03:53,0.0,valve1,14.csv
2020-03-09 15:03:54,0.0,valve1,14.csv
2020-03-09 15:03:55,0.0,valve1,14.csv
2020-03-09 15:03:57,0.0,valve1,14.csv
2020-03-09 15:03:58,0.0,valve1,14.csv
2020-03-09 15:03:59,0.0,valve1,14.csv
2020-03-09 15:04:00,0.0,valve1,14.csv
2020-03-09 15:04:01,0.0,valve1,14.csv
2020-03-09 15:04:02,0.0,valve1,14.csv
2020-03-09 15:04:03,0.0,valve1,14.csv
2020-03-09 15:04:04,0.0,valve1,14.csv
2020-03-09 15:04:05,0.0,valve1,14.csv
2020-03-09 15:04:06,0.0,valve1,14.csv
2020-03-09 15:04:07,0.0,valve1,14.csv
2020-03-09 15:04:08,0.0,valve1,14.csv
2020-03-09 15:04:09,0.0,valve1,14.csv
2020-03-09 15:04:10,0.0,valve1,14.csv
2020-03-09 15:04:11,0.0,valve1,14.csv
2020-03-09 15:04:12,0.0,valve1,14.csv
2020-03-09 15:04:13,0.0,valve1,14.csv
2020-03-09 15:04:14,0.0,valve1,14.csv
2020-03-09 15:04:15,0.0,valve1,14.csv
2020-03-09 15:04:17,0.0,valve1,14.csv
2020-03-09 15:04:18,0.0,valve1,14.csv
2020-03-09 15:04:19,0.0,valve1,14.csv
2020-03-09 15:04:20,0.0,valve1,14.csv
2020-03-09 15:04:21,0.0,valve1,14.csv
2020-03-09 15:04:22,0.0,valve1,14.csv
2020-03-09 15:04:23,0.0,valve1,14.csv
2020-03-09 15:04:24,0.0,valve1,14.csv
2020-03-09 15:04:25,0.0,valve1,14.csv
2020-03-09 15:04:26,0.0,valve1,14.csv
2020-03-09 15:04:27,0.0,valve1,14.csv
2020-03-09 15:04:28,0.0,valve1,14.csv
2020-03-09 15:04:29,0.0,valve1,14.csv
2020-03-09 15:04:30,0.0,valve1,14.csv
2020-03-09 15:04:31,0.0,valve1,14.csv
2020-03-09 15:04:32,0.0,valve1,14.csv
2020-03-09 15:04:33,0.0,valve1,14.csv
2020-03-09 15:04:34,0.0,valve1,14.csv
2020-03-09 15:04:35,0.0,valve1,14.csv
2020-03-09 15:04:37,0.0,valve1,14.csv
2020-03-09 15:04:38,0.0,valve1,14.csv
2020-03-09 15:04:39,0.0,valve1,14.csv
2020-03-09 15:04:40,0.0,valve1,14.csv
2020-03-09 15:04:41,1.0,valve1,14.csv
2020-03-09 15:04:42,0.0,valve1,14.csv
2020-03-09 15:04:43,0.0,valve1,14.csv
2020-03-09 15:04:44,0.0,valve1,14.csv
2020-03-09 15:04:45,0.0,valve1,14.csv
2020-03-09 15:04:46,0.0,valve1,14.csv
2020-03-09 15:04:47,0.0,valve1,14.csv
2020-03-09 15:04:48,0.0,valve1,14.csv
2020-03-09 15:04:49,0.0,valve1,14.csv
2020-03-09 15:04:50,0.0,valve1,14.csv
2020-03-09 15:04:51,0.0,valve1,14.csv
2020-03-09 15:04:52,0.0,valve1,14.csv
2020-03-09 15:04:53,0.0,valve1,14.csv
2020-03-09 15:04:54,0.0,valve1,14.csv
2020-03-09 15:04:56,0.0,valve1,14.csv
2020-03-09 15:04:57,0.0,valve1,14.csv
2020-03-09 15:04:58,0.0,valve1,14.csv
2020-03-09 15:04:59,0.0,valve1,14.csv
2020-03-09 15:05:00,0.0,valve1,14.csv
2020-03-09 15:05:01,0.0,valve1,14.csv
2020-03-09 15:05:02,0.0,valve1,14.csv
2020-03-09 15:05:03,0.0,valve1,14.csv
2020-03-09 15:05:04,0.0,valve1,14.csv
2020-03-09 15:05:05,0.0,valve1,14.csv
2020-03-09 15:05:06,0.0,valve1,14.csv
2020-03-09 15:05:07,0.0,valve1,14.csv
2020-03-09 15:05:08,0.0,valve1,14.csv
2020-03-09 15:05:09,0.0,valve1,14.csv
2020-03-09 15:05:10,0.0,valve1,14.csv
2020-03-09 15:05:11,0.0,valve1,14.csv
2020-03-09 15:05:12,0.0,valve1,14.csv
2020-03-09 15:05:13,0.0,valve1,14.csv
2020-03-09 15:05:15,0.0,valve1,14.csv
2020-03-09 15:05:16,0.0,valve1,14.csv
2020-03-09 15:05:17,0.0,valve1,14.csv
2020-03-09 15:05:18,0.0,valve1,14.csv
2020-03-09 15:05:19,0.0,valve1,14.csv
2020-03-09 15:05:20,0.0,valve1,14.csv
2020-03-09 15:05:21,0.0,valve1,14.csv
2020-03-09 15:05:22,0.0,valve1,14.csv
2020-03-09 15:05:23,0.0,valve1,14.csv
2020-03-09 15:05:24,0.0,valve1,14.csv
2020-03-09 15:05:25,0.0,valve1,14.csv
2020-03-09 15:05:26,0.0,valve1,14.csv
2020-03-09 15:05:27,0.0,valve1,14.csv
2020-03-09 15:05:28,0.0,valve1,14.csv
2020-03-09 15:05:29,0.0,valve1,14.csv
2020-03-09 15:05:30,0.0,valve1,14.csv
2020-03-09 15:05:31,0.0,valve1,14.csv
2020-03-09 15:05:32,0.0,valve1,14.csv
2020-03-09 15:05:33,0.0,valve1,14.csv
2020-03-09 15:05:35,0.0,valve1,14.csv
2020-03-09 15:05:36,0.0,valve1,14.csv
2020-03-09 15:05:37,0.0,valve1,14.csv
2020-03-09 15:05:38,0.0,valve1,14.csv
2020-03-09 15:05:39,0.0,valve1,14.csv
2020-03-09 15:05:40,0.0,valve1,14.csv
2020-03-09 15:05:41,1.0,valve1,14.csv
2020-03-09 15:05:42,0.0,valve1,14.csv
2020-03-09 15:05:43,0.0,valve1,14.csv
2020-03-09 15:05:44,0.0,valve1,14.csv
2020-03-09 15:05:45,0.0,valve1,14.csv
2020-03-09 15:05:46,0.0,valve1,14.csv
2020-03-09 15:05:47,0.0,valve1,14.csv
2020-03-09 15:05:48,0.0,valve1,14.csv
2020-03-09 15:05:49,0.0,valve1,14.csv
2020-03-09 15:05:50,0.0,valve1,14.csv
2020-03-09 15:05:51,0.0,valve1,14.csv
2020-03-09 15:05:52,0.0,valve1,14.csv
2020-03-09 15:05:53,0.0,valve1,14.csv
2020-03-09 15:05:54,0.0,valve1,14.csv
2020-03-09 15:05:56,0.0,valve1,14.csv
2020-03-09 15:05:57,0.0,valve1,14.csv
2020-03-09 15:05:58,0.0,valve1,14.csv
2020-03-09 15:05:59,0.0,valve1,14.csv
2020-03-09 15:06:00,0.0,valve1,14.csv
2020-03-09 15:06:01,0.0,valve1,14.csv
2020-03-09 15:06:02,0.0,valve1,14.csv
2020-03-09 15:06:03,0.0,valve1,14.csv
2020-03-09 15:06:04,0.0,valve1,14.csv
2020-03-09 15:06:05,0.0,valve1,14.csv
2020-03-09 15:06:06,0.0,valve1,14.csv
2020-03-09 15:06:07,0.0,valve1,14.csv
2020-03-09 15:06:08,0.0,valve1,14.csv
2020-03-09 15:06:09,0.0,valve1,14.csv
2020-03-09 15:06:10,0.0,valve1,14.csv
2020-03-09 15:06:11,0.0,valve1,14.csv
2020-03-09 15:06:12,0.0,valve1,14.csv
2020-03-09 15:06:13,0.0,valve1,14.csv
2020-03-09 15:06:14,0.0,valve1,14.csv
2020-03-09 15:06:16,0.0,valve1,14.csv
2020-03-09 15:06:17,0.0,valve1,14.csv
2020-03-09 15:06:18,0.0,valve1,14.csv
2020-03-09 15:06:19,0.0,valve1,14.csv
2020-03-09 15:06:20,0.0,valve1,14.csv
2020-03-09 15:06:21,0.0,valve1,14.csv
2020-03-09 15:06:22,0.0,valve1,14.csv
2020-03-09 15:06:23,0.0,valve1,14.csv
2020-03-09 15:06:24,0.0,valve1,14.csv
2020-03-09 15:06:25,0.0,valve1,14.csv
2020-03-09 15:06:26,0.0,valve1,14.csv
2020-03-09 15:06:27,0.0,valve1,14.csv
2020-03-09 15:06:28,0.0,valve1,14.csv
2020-03-09 15:06:29,0.0,valve1,14.csv
2020-03-09 15:06:30,0.0,valve1,14.csv
2020-03-09 15:06:31,0.0,valve1,14.csv
2020-03-09 15:06:32,0.0,valve1,14.csv
2020-03-09 15:06:33,0.0,valve1,14.csv
2020-03-09 15:06:35,0.0,valve1,14.csv
2020-03-09 15:06:36,0.0,valve1,14.csv
2020-03-09 15:06:37,0.0,valve1,14.csv
2020-03-09 15:06:38,0.0,valve1,14.csv
2020-03-09 15:06:39,0.0,valve1,14.csv
2020-03-09 15:06:40,0.0,valve1,14.csv
2020-03-09 15:06:41,0.0,valve1,14.csv
2020-03-09 15:06:42,0.0,valve1,14.csv
2020-03-09 15:06:43,0.0,valve1,14.csv
2020-03-09 15:06:44,0.0,valve1,14.csv
2020-03-09 15:06:45,0.0,valve1,14.csv
2020-03-09 15:06:46,0.0,valve1,14.csv
2020-03-09 15:06:47,0.0,valve1,14.csv
2020-03-09 15:06:48,0.0,valve1,14.csv
2020-03-09 15:06:49,0.0,valve1,14.csv
2020-03-09 15:06:50,0.0,valve1,14.csv
2020-03-09 15:06:51,0.0,valve1,14.csv
2020-03-09 15:06:52,0.0,valve1,14.csv
2020-03-09 15:06:53,0.0,valve1,14.csv
2020-03-09 15:06:54,0.0,valve1,14.csv
2020-03-09 15:06:56,0.0,valve1,14.csv
2020-03-09 15:06:57,0.0,valve1,14.csv
2020-03-09 15:06:58,0.0,valve1,14.csv
2020-03-09 15:06:59,0.0,valve1,14.csv
2020-03-09 15:07:00,0.0,valve1,14.csv
2020-03-09 15:07:01,0.0,valve1,14.csv
2020-03-09 15:07:02,0.0,valve1,14.csv
2020-03-09 15:07:03,0.0,valve1,14.csv
2020-03-09 15:07:04,0.0,valve1,14.csv
2020-03-09 15:07:05,0.0,valve1,14.csv
2020-03-09 15:07:06,0.0,valve1,14.csv
2020-03-09 15:07:07,0.0,valve1,14.csv
2020-03-09 15:07:08,0.0,valve1,14.csv
2020-03-09 15:07:09,0.0,valve1,14.csv
2020-03-09 15:07:10,0.0,valve1,14.csv
2020-03-09 15:07:11,0.0,valve1,14.csv
2020-03-09 15:07:12,0.0,valve1,14.csv
2020-03-09 15:07:13,0.0,valve1,14.csv
2020-03-09 15:07:14,0.0,valve1,14.csv
2020-03-09 15:07:16,0.0,valve1,14.csv
2020-03-09 15:07:17,0.0,valve1,14.csv
2020-03-09 15:07:18,0.0,valve1,14.csv
2020-03-09 15:07:19,0.0,valve1,14.csv
2020-03-09 15:07:20,0.0,valve1,14.csv
2020-03-09 15:07:21,0.0,valve1,14.csv
2020-03-09 15:07:22,0.0,valve1,14.csv
2020-03-09 15:07:23,0.0,valve1,14.csv
2020-03-09 15:07:24,0.0,valve1,14.csv
2020-03-09 15:07:25,0.0,valve1,14.csv
2020-03-09 15:07:26,0.0,valve1,14.csv
2020-03-09 15:07:27,0.0,valve1,14.csv
2020-03-09 15:07:28,0.0,valve1,14.csv
2020-03-09 15:07:29,0.0,valve1,14.csv
2020-03-09 15:07:30,0.0,valve1,14.csv
2020-03-09 15:07:31,0.0,valve1,14.csv
2020-03-09 15:07:32,0.0,valve1,14.csv
2020-03-09 15:07:33,0.0,valve1,14.csv
2020-03-09 15:07:34,0.0,valve1,14.csv
2020-03-09 15:07:35,0.0,valve1,14.csv
2020-03-09 15:07:37,0.0,valve1,14.csv
2020-03-09 15:07:38,0.0,valve1,14.csv
2020-03-09 15:07:39,0.0,valve1,14.csv
2020-03-09 15:07:40,0.0,valve1,14.csv
2020-03-09 15:07:41,0.0,valve1,14.csv
2020-03-09 15:07:42,0.0,valve1,14.csv
2020-03-09 15:07:43,0.0,valve1,14.csv
2020-03-09 15:07:44,0.0,valve1,14.csv
2020-03-09 15:07:45,0.0,valve1,14.csv
2020-03-09 15:07:46,0.0,valve1,14.csv
2020-03-09 15:07:47,0.0,valve1,14.csv
2020-03-09 15:07:48,0.0,valve1,14.csv
2020-03-09 15:07:49,0.0,valve1,14.csv
2020-03-09 15:07:50,0.0,valve1,14.csv
2020-03-09 15:07:51,0.0,valve1,14.csv
2020-03-09 15:07:52,0.0,valve1,14.csv
2020-03-09 15:07:53,0.0,valve1,14.csv
2020-03-09 15:07:54,0.0,valve1,14.csv
2020-03-09 15:07:55,0.0,valve1,14.csv
2020-03-09 15:07:56,0.0,valve1,14.csv
2020-03-09 15:07:58,0.0,valve1,14.csv
2020-03-09 15:07:59,0.0,valve1,14.csv
2020-03-09 15:08:00,0.0,valve1,14.csv
2020-03-09 15:08:01,0.0,valve1,14.csv
2020-03-09 15:08:02,0.0,valve1,14.csv
2020-03-09 15:08:03,0.0,valve1,14.csv
2020-03-09 15:08:04,0.0,valve1,14.csv
2020-03-09 15:08:05,0.0,valve1,14.csv
2020-03-09 15:08:06,0.0,valve1,14.csv
2020-03-09 15:08:07,0.0,valve1,14.csv
2020-03-09 15:08:08,0.0,valve1,14.csv
2020-03-09 15:08:09,0.0,valve1,14.csv
2020-03-09 15:08:10,0.0,valve1,14.csv
2020-03-09 15:08:11,0.0,valve1,14.csv
2020-03-09 15:08:12,0.0,valve1,14.csv
2020-03-09 15:08:13,0.0,valve1,14.csv
2020-03-09 15:08:14,0.0,valve1,14.csv
2020-03-09 15:08:15,0.0,valve1,14.csv
2020-03-09 15:08:16,0.0,valve1,14.csv
2020-03-09 15:08:17,0.0,valve1,14.csv
2020-03-09 15:08:19,0.0,valve1,14.csv
2020-03-09 15:08:20,0.0,valve1,14.csv
2020-03-09 15:08:21,0.0,valve1,14.csv
2020-03-09 15:08:22,0.0,valve1,14.csv
2020-03-09 15:08:23,0.0,valve1,14.csv
2020-03-09 15:08:24,0.0,valve1,14.csv
2020-03-09 15:08:25,0.0,valve1,14.csv
2020-03-09 15:08:26,0.0,valve1,14.csv
2020-03-09 15:08:27,0.0,valve1,14.csv
2020-03-09 15:08:28,0.0,valve1,14.csv
2020-03-09 15:08:29,0.0,valve1,14.csv
2020-03-09 15:08:30,0.0,valve1,14.csv
2020-03-09 15:08:31,0.0,valve1,14.csv
2020-03-09 15:08:32,0.0,valve1,14.csv
2020-03-09 15:08:33,0.0,valve1,14.csv
2020-03-09 15:08:34,0.0,valve1,14.csv
2020-03-09 15:08:35,0.0,valve1,14.csv
2020-03-09 15:08:36,0.0,valve1,14.csv
2020-03-09 15:08:37,0.0,valve1,14.csv
2020-03-09 15:08:38,0.0,valve1,14.csv
2020-03-09 15:08:40,0.0,valve1,14.csv
2020-03-09 15:08:41,0.0,valve1,14.csv
2020-03-09 15:08:42,0.0,valve1,14.csv
2020-03-09 15:08:43,0.0,valve1,14.csv
2020-03-09 15:08:44,0.0,valve1,14.csv
2020-03-09 15:08:45,0.0,valve1,14.csv
2020-03-09 15:08:46,0.0,valve1,14.csv
2020-03-09 15:08:47,0.0,valve1,14.csv
2020-03-09 15:08:48,0.0,valve1,14.csv
2020-03-09 15:08:49,0.0,valve1,14.csv
2020-03-09 15:08:50,0.0,valve1,14.csv
2020-03-09 15:08:51,0.0,valve1,14.csv
2020-03-09 15:08:52,0.0,valve1,14.csv
2020-03-09 15:08:53,0.0,valve1,14.csv
2020-03-09 15:08:54,0.0,valve1,14.csv
2020-03-09 15:08:55,0.0,valve1,14.csv
2020-03-09 15:08:56,0.0,valve1,14.csv
2020-03-09 15:08:57,0.0,valve1,14.csv
2020-03-09 15:08:58,0.0,valve1,14.csv
2020-03-09 15:09:00,0.0,valve1,14.csv
2020-03-09 15:09:01,0.0,valve1,14.csv
2020-03-09 15:09:02,0.0,valve1,14.csv
2020-03-09 15:09:03,0.0,valve1,14.csv
2020-03-09 15:09:04,0.0,valve1,14.csv
2020-03-09 15:09:05,0.0,valve1,14.csv
2020-03-09 15:09:06,0.0,valve1,14.csv
2020-03-09 15:09:07,0.0,valve1,14.csv
2020-03-09 15:09:08,0.0,valve1,14.csv
2020-03-09 15:09:09,0.0,valve1,14.csv
2020-03-09 15:09:10,0.0,valve1,14.csv
2020-03-09 15:09:11,0.0,valve1,14.csv
2020-03-09 15:09:12,0.0,valve1,14.csv
2020-03-09 15:09:13,0.0,valve1,14.csv
2020-03-09 15:09:14,0.0,valve1,14.csv
2020-03-09 15:09:15,0.0,valve1,14.csv
2020-03-09 15:09:16,0.0,valve1,14.csv
2020-03-09 15:09:17,0.0,valve1,14.csv
2020-03-09 15:09:19,0.0,valve1,14.csv
2020-03-09 15:09:20,0.0,valve1,14.csv
2020-03-09 15:09:21,0.0,valve1,14.csv
2020-03-09 15:09:22,0.0,valve1,14.csv
2020-03-09 15:09:23,0.0,valve1,14.csv
2020-03-09 15:09:24,0.0,valve1,14.csv
2020-03-09 15:09:25,0.0,valve1,14.csv
2020-03-09 15:09:26,0.0,valve1,14.csv
2020-03-09 15:09:27,0.0,valve1,14.csv
2020-03-09 15:09:28,0.0,valve1,14.csv
2020-03-09 15:09:29,0.0,valve1,14.csv
2020-03-09 15:09:30,0.0,valve1,14.csv
2020-03-09 15:09:31,0.0,valve1,14.csv
2020-03-09 15:09:32,0.0,valve1,14.csv
2020-03-09 15:09:33,0.0,valve1,14.csv
2020-03-09 15:09:34,0.0,valve1,14.csv
2020-03-09 15:09:35,0.0,valve1,14.csv
2020-03-09 15:09:36,0.0,valve1,14.csv
2020-03-09 15:09:38,0.0,valve1,14.csv
2020-03-09 15:09:39,0.0,valve1,14.csv
2020-03-09 15:09:40,0.0,valve1,14.csv
2020-03-09 15:09:41,0.0,valve1,14.csv
2020-03-09 15:09:42,0.0,valve1,14.csv
2020-03-09 15:09:43,0.0,valve1,14.csv
2020-03-09 15:09:44,0.0,valve1,14.csv
2020-03-09 15:09:45,0.0,valve1,14.csv
2020-03-09 15:09:46,0.0,valve1,14.csv
2020-03-09 15:09:47,0.0,valve1,14.csv
2020-03-09 15:09:48,0.0,valve1,14.csv
2020-03-09 15:09:49,0.0,valve1,14.csv
2020-03-09 15:09:50,0.0,valve1,14.csv
2020-03-09 15:09:51,0.0,valve1,14.csv
2020-03-09 15:09:52,0.0,valve1,14.csv
2020-03-09 15:09:53,0.0,valve1,14.csv
2020-03-09 15:09:54,0.0,valve1,14.csv
2020-03-09 15:09:55,0.0,valve1,14.csv
2020-03-09 15:09:56,0.0,valve1,14.csv
2020-03-09 15:09:57,0.0,valve1,14.csv
2020-03-09 15:09:59,0.0,valve1,14.csv
2020-03-09 15:10:00,0.0,valve1,14.csv
2020-03-09 15:10:01,0.0,valve1,14.csv
2020-03-09 15:10:02,0.0,valve1,14.csv
2020-03-09 15:10:03,0.0,valve1,14.csv
2020-03-09 15:10:04,0.0,valve1,14.csv
2020-03-09 15:10:05,0.0,valve1,14.csv
2020-03-09 15:10:06,0.0,valve1,14.csv
2020-03-09 15:10:07,0.0,valve1,14.csv
2020-03-09 15:10:08,0.0,valve1,14.csv
2020-03-09 15:10:09,0.0,valve1,14.csv
2020-03-09 15:10:10,0.0,valve1,14.csv
2020-03-09 15:10:11,0.0,valve1,14.csv
2020-03-09 15:10:12,0.0,valve1,14.csv
2020-03-09 15:10:13,0.0,valve1,14.csv
2020-03-09 15:10:14,0.0,valve1,14.csv
2020-03-09 15:10:15,0.0,valve1,14.csv
2020-03-09 15:10:16,0.0,valve1,14.csv
2020-03-09 15:10:17,0.0,valve1,14.csv
2020-03-09 15:10:19,0.0,valve1,14.csv
2020-03-09 15:10:20,0.0,valve1,14.csv
2020-03-09 15:10:21,0.0,valve1,14.csv
2020-03-09 15:10:22,0.0,valve1,14.csv
2020-03-09 15:10:23,0.0,valve1,14.csv
2020-03-09 15:10:24,0.0,valve1,14.csv
2020-03-09 15:10:25,0.0,valve1,14.csv
2020-03-09 15:10:26,0.0,valve1,14.csv
2020-03-09 15:10:27,0.0,valve1,14.csv
2020-03-09 15:10:28,0.0,valve1,14.csv
2020-03-09 15:10:29,0.0,valve1,14.csv
2020-03-09 15:10:30,0.0,valve1,14.csv
2020-03-09 15:10:31,0.0,valve1,14.csv
2020-03-09 15:10:32,0.0,valve1,14.csv
2020-03-09 15:10:33,0.0,valve1,14.csv
2020-03-09 15:10:34,0.0,valve1,14.csv
2020-03-09 15:10:35,0.0,valve1,14.csv
2020-03-09 15:10:36,0.0,valve1,14.csv
2020-03-09 15:10:37,0.0,valve1,14.csv
2020-03-09 15:10:39,0.0,valve1,14.csv
2020-03-09 15:10:40,0.0,valve1,14.csv
2020-03-09 15:10:41,1.0,valve1,14.csv
2020-03-09 15:10:42,0.0,valve1,14.csv
2020-03-09 15:10:43,0.0,valve1,14.csv
2020-03-09 15:10:44,0.0,valve1,14.csv
2020-03-09 15:10:45,0.0,valve1,14.csv
2020-03-09 15:10:46,0.0,valve1,14.csv
2020-03-09 15:10:47,0.0,valve1,14.csv
2020-03-09 15:10:48,0.0,valve1,14.csv
2020-03-09 15:10:49,0.0,valve1,14.csv
2020-03-09 15:10:50,0.0,valve1,14.csv
2020-03-09 15:10:51,0.0,valve1,14.csv
2020-03-09 15:10:52,0.0,valve1,14.csv
2020-03-09 15:10:53,0.0,valve1,14.csv
2020-03-09 15:10:54,0.0,valve1,14.csv
2020-03-09 15:10:55,0.0,valve1,14.csv
2020-03-09 15:10:56,0.0,valve1,14.csv
2020-03-09 15:10:58,0.0,valve1,14.csv
2020-03-09 15:10:59,0.0,valve1,14.csv
2020-03-09 15:11:00,0.0,valve1,14.csv
2020-03-09 15:11:01,0.0,valve1,14.csv
2020-03-09 15:11:02,0.0,valve1,14.csv
2020-03-09 15:11:03,0.0,valve1,14.csv
2020-03-09 15:11:04,0.0,valve1,14.csv
2020-03-09 15:11:05,0.0,valve1,14.csv
2020-03-09 15:11:06,0.0,valve1,14.csv
2020-03-09 15:11:07,0.0,valve1,14.csv
2020-03-09 15:11:08,0.0,valve1,14.csv
2020-03-09 15:11:09,0.0,valve1,14.csv
2020-03-09 15:11:10,0.0,valve1,14.csv
2020-03-09 15:11:11,0.0,valve1,14.csv
2020-03-09 15:11:12,0.0,valve1,14.csv
2020-03-09 15:11:13,0.0,valve1,14.csv
2020-03-09 15:11:14,0.0,valve1,14.csv
2020-03-09 15:11:15,0.0,valve1,14.csv
2020-03-09 15:11:16,0.0,valve1,14.csv
2020-03-09 15:11:18,0.0,valve1,14.csv
2020-03-09 15:11:19,0.0,valve1,14.csv
2020-03-09 15:11:20,0.0,valve1,14.csv
2020-03-09 15:11:21,0.0,valve1,14.csv
2020-03-09 15:11:22,0.0,valve1,14.csv
2020-03-09 15:11:23,0.0,valve1,14.csv
2020-03-09 15:11:24,0.0,valve1,14.csv
2020-03-09 15:11:25,0.0,valve1,14.csv
2020-03-09 15:11:26,0.0,valve1,14.csv
2020-03-09 15:11:27,0.0,valve1,14.csv
2020-03-09 15:11:28,0.0,valve1,14.csv
2020-03-09 15:11:29,0.0,valve1,14.csv
2020-03-09 15:11:30,0.0,valve1,14.csv
2020-03-09 15:11:31,0.0,valve1,14.csv
2020-03-09 15:11:32,0.0,valve1,14.csv
2020-03-09 15:11:33,0.0,valve1,14.csv
2020-03-09 15:11:34,0.0,valve1,14.csv
2020-03-09 15:11:35,0.0,valve1,14.csv
2020-03-09 15:11:36,0.0,valve1,14.csv
2020-03-09 15:11:38,0.0,valve1,14.csv
2020-03-09 15:11:39,0.0,valve1,14.csv
2020-03-09 15:11:40,0.0,valve1,14.csv
2020-03-09 15:11:41,1.0,valve1,14.csv
2020-03-09 15:11:42,0.0,valve1,14.csv
2020-03-09 15:11:43,0.0,valve1,14.csv
2020-03-09 15:11:44,0.0,valve1,14.csv
2020-03-09 15:11:45,0.0,valve1,14.csv
2020-03-09 15:11:46,0.0,valve1,14.csv
2020-03-09 15:11:47,0.0,valve1,14.csv
2020-03-09 15:11:48,0.0,valve1,14.csv
2020-03-09 15:11:49,0.0,valve1,14.csv
2020-03-09 15:11:50,0.0,valve1,14.csv
2020-03-09 15:11:51,0.0,valve1,14.csv
2020-03-09 15:11:52,0.0,valve1,14.csv
2020-03-09 15:11:53,0.0,valve1,14.csv
2020-03-09 15:11:54,0.0,valve1,14.csv
2020-03-09 15:11:55,0.0,valve1,14.csv
2020-03-09 15:11:57,0.0,valve1,14.csv
2020-03-09 15:11:58,0.0,valve1,14.csv
2020-03-09 15:11:59,0.0,valve1,14.csv
2020-03-09 15:12:00,0.0,valve1,14.csv
2020-03-09 15:12:01,0.0,valve1,14.csv
2020-03-09 15:12:02,0.0,valve1,14.csv
2020-03-09 15:12:03,0.0,valve1,14.csv
2020-03-09 15:12:04,0.0,valve1,14.csv
2020-03-09 15:12:05,0.0,valve1,14.csv
2020-03-09 15:12:06,0.0,valve1,14.csv
2020-03-09 15:12:07,0.0,valve1,14.csv
2020-03-09 15:12:08,0.0,valve1,14.csv
2020-03-09 15:12:09,0.0,valve1,14.csv
2020-03-09 15:12:10,0.0,valve1,14.csv
2020-03-09 15:12:11,0.0,valve1,14.csv
2020-03-09 15:12:12,0.0,valve1,14.csv
2020-03-09 15:12:13,0.0,valve1,14.csv
2020-03-09 15:12:14,0.0,valve1,14.csv
2020-03-09 15:12:16,0.0,valve1,14.csv
2020-03-09 15:12:17,0.0,valve1,14.csv
2020-03-09 15:12:18,0.0,valve1,14.csv
2020-03-09 15:12:19,0.0,valve1,14.csv
2020-03-09 15:12:20,0.0,valve1,14.csv
2020-03-09 15:12:21,0.0,valve1,14.csv
2020-03-09 15:12:22,0.0,valve1,14.csv
2020-03-09 15:12:23,0.0,valve1,14.csv
2020-03-09 15:12:24,0.0,valve1,14.csv
2020-03-09 15:12:25,0.0,valve1,14.csv
2020-03-09 15:12:26,0.0,valve1,14.csv
2020-03-09 15:12:27,0.0,valve1,14.csv
2020-03-09 15:12:28,0.0,valve1,14.csv
2020-03-09 15:12:29,0.0,valve1,14.csv
2020-03-09 15:12:30,0.0,valve1,14.csv
2020-03-09 15:12:32,0.0,valve1,14.csv
2020-03-09 15:12:33,0.0,valve1,14.csv
2020-03-09 15:12:34,0.0,valve1,14.csv
2020-03-09 15:12:35,0.0,valve1,14.csv
2020-03-09 15:12:36,0.0,valve1,14.csv
2020-03-09 15:12:37,0.0,valve1,14.csv
2020-03-09 15:12:38,0.0,valve1,14.csv
2020-03-09 15:12:39,0.0,valve1,14.csv
2020-03-09 15:12:40,0.0,valve1,14.csv
2020-03-09 15:12:41,0.0,valve1,14.csv
2020-03-09 15:12:42,0.0,valve1,14.csv
2020-03-09 15:12:43,0.0,valve1,14.csv
2020-03-09 15:12:44,0.0,valve1,14.csv
2020-03-09 15:12:45,0.0,valve1,14.csv
2020-03-09 15:12:46,0.0,valve1,14.csv
2020-03-09 15:12:47,0.0,valve1,14.csv
2020-03-09 15:12:48,0.0,valve1,14.csv
2020-03-09 15:12:49,0.0,valve1,14.csv
2020-03-09 15:12:50,0.0,valve1,14.csv
2020-03-09 15:12:52,0.0,valve1,14.csv
2020-03-09 15:12:53,0.0,valve1,14.csv
2020-03-09 15:12:54,0.0,valve1,14.csv
2020-03-09 15:12:55,0.0,valve1,14.csv
2020-03-09 15:12:56,0.0,valve1,14.csv
2020-03-09 15:12:57,0.0,valve1,14.csv
2020-03-09 15:12:58,0.0,valve1,14.csv
2020-03-09 15:12:59,0.0,valve1,14.csv
2020-03-09 15:13:00,0.0,valve1,14.csv
2020-03-09 15:13:01,0.0,valve1,14.csv
2020-03-09 15:13:02,0.0,valve1,14.csv
2020-03-09 15:13:03,0.0,valve1,14.csv
2020-03-09 15:13:04,0.0,valve1,14.csv
2020-03-09 15:13:05,0.0,valve1,14.csv
2020-03-09 15:13:06,0.0,valve1,14.csv
2020-03-09 15:13:07,0.0,valve1,14.csv
2020-03-09 15:13:08,0.0,valve1,14.csv
2020-03-09 15:13:09,0.0,valve1,14.csv
2020-03-09 15:13:10,0.0,valve1,14.csv
2020-03-09 15:13:12,0.0,valve1,14.csv
2020-03-09 15:13:13,0.0,valve1,14.csv
2020-03-09 15:13:14,0.0,valve1,14.csv
2020-03-09 15:13:15,0.0,valve1,14.csv
2020-03-09 15:13:16,0.0,valve1,14.csv
2020-03-09 15:13:17,0.0,valve1,14.csv
2020-03-09 15:13:18,0.0,valve1,14.csv
2020-03-09 15:13:19,0.0,valve1,14.csv
2020-03-09 15:13:20,0.0,valve1,14.csv
2020-03-09 15:13:21,0.0,valve1,14.csv
2020-03-09 15:13:22,0.0,valve1,14.csv
2020-03-09 15:13:23,0.0,valve1,14.csv
2020-03-09 15:13:24,0.0,valve1,14.csv
2020-03-09 15:13:26,0.0,valve1,14.csv
2020-03-09 15:13:27,0.0,valve1,14.csv
2020-03-09 15:13:28,0.0,valve1,14.csv
2020-03-09 15:13:29,0.0,valve1,14.csv
2020-03-09 15:13:30,0.0,valve1,14.csv
2020-03-09 15:13:31,0.0,valve1,14.csv
2020-03-09 15:13:32,0.0,valve1,14.csv
2020-03-09 15:13:33,0.0,valve1,14.csv
2020-03-09 15:13:34,0.0,valve1,14.csv
2020-03-09 15:13:35,0.0,valve1,14.csv
2020-03-09 15:13:36,0.0,valve1,14.csv
2020-03-09 15:13:37,0.0,valve1,14.csv
2020-03-09 15:13:38,0.0,valve1,14.csv
2020-03-09 15:13:39,0.0,valve1,14.csv
2020-03-09 15:13:40,0.0,valve1,14.csv
2020-03-09 15:13:41,0.0,valve1,14.csv
2020-03-09 15:13:42,0.0,valve1,14.csv
2020-03-09 15:13:43,0.0,valve1,14.csv
2020-03-09 15:13:44,0.0,valve1,14.csv
2020-03-09 15:13:46,0.0,valve1,14.csv
2020-03-09 15:13:47,0.0,valve1,14.csv
2020-03-09 15:13:48,0.0,valve1,14.csv
2020-03-09 15:13:49,0.0,valve1,14.csv
2020-03-09 15:13:50,0.0,valve1,14.csv
2020-03-09 15:13:51,0.0,valve1,14.csv
2020-03-09 15:13:52,0.0,valve1,14.csv
2020-03-09 15:13:53,0.0,valve1,14.csv
2020-03-09 15:13:54,0.0,valve1,14.csv
2020-03-09 15:13:55,0.0,valve1,14.csv
2020-03-09 15:13:56,0.0,valve1,14.csv
2020-03-09 15:13:57,0.0,valve1,14.csv
2020-03-09 15:13:58,0.0,valve1,14.csv
2020-03-09 15:13:59,0.0,valve1,14.csv
2020-03-09 15:14:00,0.0,valve1,14.csv
2020-03-09 15:14:01,0.0,valve1,14.csv
2020-03-09 15:14:02,0.0,valve1,14.csv
2020-03-09 15:14:03,0.0,valve1,14.csv
2020-03-09 15:14:04,0.0,valve1,14.csv
2020-03-09 15:14:05,0.0,valve1,14.csv
2020-03-09 15:14:07,0.0,valve1,14.csv
2020-03-09 15:14:08,0.0,valve1,14.csv
2020-03-09 15:14:09,0.0,valve1,14.csv
2020-03-09 15:14:10,0.0,valve1,14.csv
2020-03-09 15:14:11,0.0,valve1,14.csv
2020-03-09 15:14:12,0.0,valve1,14.csv
2020-03-09 15:14:13,0.0,valve1,14.csv
2020-03-09 15:14:14,0.0,valve1,14.csv
2020-03-09 15:14:15,0.0,valve1,14.csv
2020-03-09 15:14:16,0.0,valve1,14.csv
2020-03-09 15:14:17,0.0,valve1,14.csv
2020-03-09 15:14:18,0.0,valve1,14.csv
2020-03-09 15:14:19,0.0,valve1,14.csv
2020-03-09 15:14:20,0.0,valve1,14.csv
2020-03-09 15:14:21,0.0,valve1,14.csv
2020-03-09 15:14:22,0.0,valve1,14.csv
2020-03-09 15:14:23,0.0,valve1,14.csv
2020-03-09 15:14:24,0.0,valve1,14.csv
2020-03-09 15:14:25,0.0,valve1,14.csv
2020-03-09 15:14:27,0.0,valve1,14.csv
2020-03-09 15:14:28,0.0,valve1,14.csv
2020-03-09 15:14:29,0.0,valve1,14.csv
2020-03-09 15:14:30,0.0,valve1,14.csv
2020-03-09 15:14:31,0.0,valve1,14.csv
2020-03-09 15:14:32,0.0,valve1,14.csv
2020-03-09 15:14:33,0.0,valve1,14.csv
2020-03-09 15:14:34,0.0,valve1,14.csv
2020-03-09 15:14:35,0.0,valve1,14.csv
2020-03-09 15:14:36,0.0,valve1,14.csv
2020-03-09 15:14:37,0.0,valve1,14.csv
2020-03-09 15:14:38,0.0,valve1,14.csv
2020-03-09 15:14:39,0.0,valve1,14.csv
2020-03-09 15:14:40,0.0,valve1,14.csv
2020-03-09 10:54:34,0.0,valve1,2.csv
2020-03-09 10:54:35,0.0,valve1,2.csv
2020-03-09 10:54:36,0.0,valve1,2.csv
2020-03-09 10:54:37,0.0,valve1,2.csv
2020-03-09 10:54:38,0.0,valve1,2.csv
2020-03-09 10:54:39,0.0,valve1,2.csv
2020-03-09 10:54:40,0.0,valve1,2.csv
2020-03-09 10:54:41,0.0,valve1,2.csv
2020-03-09 10:54:42,0.0,valve1,2.csv
2020-03-09 10:54:43,0.0,valve1,2.csv
2020-03-09 10:54:44,0.0,valve1,2.csv
2020-03-09 10:54:45,0.0,valve1,2.csv
2020-03-09 10:54:46,0.0,valve1,2.csv
2020-03-09 10:54:47,0.0,valve1,2.csv
2020-03-09 10:54:48,0.0,valve1,2.csv
2020-03-09 10:54:50,0.0,valve1,2.csv
2020-03-09 10:54:51,0.0,valve1,2.csv
2020-03-09 10:54:52,0.0,valve1,2.csv
2020-03-09 10:54:53,0.0,valve1,2.csv
2020-03-09 10:54:54,0.0,valve1,2.csv
2020-03-09 10:54:55,0.0,valve1,2.csv
2020-03-09 10:54:56,0.0,valve1,2.csv
2020-03-09 10:54:57,0.0,valve1,2.csv
2020-03-09 10:54:58,0.0,valve1,2.csv
2020-03-09 10:54:59,0.0,valve1,2.csv
2020-03-09 10:55:00,0.0,valve1,2.csv
2020-03-09 10:55:01,0.0,valve1,2.csv
2020-03-09 10:55:02,0.0,valve1,2.csv
2020-03-09 10:55:03,0.0,valve1,2.csv
2020-03-09 10:55:04,0.0,valve1,2.csv
2020-03-09 10:55:05,0.0,valve1,2.csv
2020-03-09 10:55:06,0.0,valve1,2.csv
2020-03-09 10:55:07,0.0,valve1,2.csv
2020-03-09 10:55:08,0.0,valve1,2.csv
2020-03-09 10:55:09,0.0,valve1,2.csv
2020-03-09 10:55:10,0.0,valve1,2.csv
2020-03-09 10:55:11,0.0,valve1,2.csv
2020-03-09 10:55:12,0.0,valve1,2.csv
2020-03-09 10:55:13,0.0,valve1,2.csv
2020-03-09 10:55:15,0.0,valve1,2.csv
2020-03-09 10:55:16,0.0,valve1,2.csv
2020-03-09 10:55:17,0.0,valve1,2.csv
2020-03-09 10:55:18,0.0,valve1,2.csv
2020-03-09 10:55:19,0.0,valve1,2.csv
2020-03-09 10:55:20,0.0,valve1,2.csv
2020-03-09 10:55:21,0.0,valve1,2.csv
2020-03-09 10:55:22,0.0,valve1,2.csv
2020-03-09 10:55:23,0.0,valve1,2.csv
2020-03-09 10:55:24,0.0,valve1,2.csv
2020-03-09 10:55:25,0.0,valve1,2.csv
2020-03-09 10:55:26,0.0,valve1,2.csv
2020-03-09 10:55:27,0.0,valve1,2.csv
2020-03-09 10:55:28,0.0,valve1,2.csv
2020-03-09 10:55:29,0.0,valve1,2.csv
2020-03-09 10:55:30,0.0,valve1,2.csv
2020-03-09 10:55:31,0.0,valve1,2.csv
2020-03-09 10:55:32,0.0,valve1,2.csv
2020-03-09 10:55:33,0.0,valve1,2.csv
2020-03-09 10:55:34,0.0,valve1,2.csv
2020-03-09 10:55:35,0.0,valve1,2.csv
2020-03-09 10:55:36,0.0,valve1,2.csv
2020-03-09 10:55:38,0.0,valve1,2.csv
2020-03-09 10:55:39,0.0,valve1,2.csv
2020-03-09 10:55:40,0.0,valve1,2.csv
2020-03-09 10:55:41,0.0,valve1,2.csv
2020-03-09 10:55:42,0.0,valve1,2.csv
2020-03-09 10:55:43,0.0,valve1,2.csv
2020-03-09 10:55:44,0.0,valve1,2.csv
2020-03-09 10:55:45,0.0,valve1,2.csv
2020-03-09 10:55:46,0.0,valve1,2.csv
2020-03-09 10:55:47,0.0,valve1,2.csv
2020-03-09 10:55:48,0.0,valve1,2.csv
2020-03-09 10:55:49,0.0,valve1,2.csv
2020-03-09 10:55:50,0.0,valve1,2.csv
2020-03-09 10:55:51,0.0,valve1,2.csv
2020-03-09 10:55:52,0.0,valve1,2.csv
2020-03-09 10:55:53,0.0,valve1,2.csv
2020-03-09 10:55:54,0.0,valve1,2.csv
2020-03-09 10:55:55,0.0,valve1,2.csv
2020-03-09 10:55:56,0.0,valve1,2.csv
2020-03-09 10:55:57,0.0,valve1,2.csv
2020-03-09 10:55:58,0.0,valve1,2.csv
2020-03-09 10:55:59,0.0,valve1,2.csv
2020-03-09 10:56:01,0.0,valve1,2.csv
2020-03-09 10:56:02,0.0,valve1,2.csv
2020-03-09 10:56:03,0.0,valve1,2.csv
2020-03-09 10:56:04,0.0,valve1,2.csv
2020-03-09 10:56:05,0.0,valve1,2.csv
2020-03-09 10:56:06,0.0,valve1,2.csv
2020-03-09 10:56:07,0.0,valve1,2.csv
2020-03-09 10:56:08,0.0,valve1,2.csv
2020-03-09 10:56:09,0.0,valve1,2.csv
2020-03-09 10:56:10,0.0,valve1,2.csv
2020-03-09 10:56:11,0.0,valve1,2.csv
2020-03-09 10:56:12,0.0,valve1,2.csv
2020-03-09 10:56:13,0.0,valve1,2.csv
2020-03-09 10:56:14,0.0,valve1,2.csv
2020-03-09 10:56:15,0.0,valve1,2.csv
2020-03-09 10:56:16,0.0,valve1,2.csv
2020-03-09 10:56:17,0.0,valve1,2.csv
2020-03-09 10:56:18,0.0,valve1,2.csv
2020-03-09 10:56:19,0.0,valve1,2.csv
2020-03-09 10:56:20,0.0,valve1,2.csv
2020-03-09 10:56:21,0.0,valve1,2.csv
2020-03-09 10:56:22,0.0,valve1,2.csv
2020-03-09 10:56:24,0.0,valve1,2.csv
2020-03-09 10:56:25,0.0,valve1,2.csv
2020-03-09 10:56:26,0.0,valve1,2.csv
2020-03-09 10:56:27,0.0,valve1,2.csv
2020-03-09 10:56:28,0.0,valve1,2.csv
2020-03-09 10:56:29,0.0,valve1,2.csv
2020-03-09 10:56:30,0.0,valve1,2.csv
2020-03-09 10:56:31,0.0,valve1,2.csv
2020-03-09 10:56:32,0.0,valve1,2.csv
2020-03-09 10:56:33,0.0,valve1,2.csv
2020-03-09 10:56:34,0.0,valve1,2.csv
2020-03-09 10:56:35,0.0,valve1,2.csv
2020-03-09 10:56:36,0.0,valve1,2.csv
2020-03-09 10:56:37,0.0,valve1,2.csv
2020-03-09 10:56:38,0.0,valve1,2.csv
2020-03-09 10:56:39,0.0,valve1,2.csv
2020-03-09 10:56:40,0.0,valve1,2.csv
2020-03-09 10:56:41,0.0,valve1,2.csv
2020-03-09 10:56:42,0.0,valve1,2.csv
2020-03-09 10:56:43,0.0,valve1,2.csv
2020-03-09 10:56:44,0.0,valve1,2.csv
2020-03-09 10:56:45,0.0,valve1,2.csv
2020-03-09 10:56:46,0.0,valve1,2.csv
2020-03-09 10:56:47,0.0,valve1,2.csv
2020-03-09 10:56:49,0.0,valve1,2.csv
2020-03-09 10:56:50,0.0,valve1,2.csv
2020-03-09 10:56:51,0.0,valve1,2.csv
2020-03-09 10:56:52,0.0,valve1,2.csv
2020-03-09 10:56:53,0.0,valve1,2.csv
2020-03-09 10:56:54,0.0,valve1,2.csv
2020-03-09 10:56:55,0.0,valve1,2.csv
2020-03-09 10:56:56,0.0,valve1,2.csv
2020-03-09 10:56:57,0.0,valve1,2.csv
2020-03-09 10:56:58,0.0,valve1,2.csv
2020-03-09 10:56:59,0.0,valve1,2.csv
2020-03-09 10:57:00,0.0,valve1,2.csv
2020-03-09 10:57:01,0.0,valve1,2.csv
2020-03-09 10:57:02,0.0,valve1,2.csv
2020-03-09 10:57:03,0.0,valve1,2.csv
2020-03-09 10:57:04,0.0,valve1,2.csv
2020-03-09 10:57:05,0.0,valve1,2.csv
2020-03-09 10:57:06,0.0,valve1,2.csv
2020-03-09 10:57:07,0.0,valve1,2.csv
2020-03-09 10:57:08,0.0,valve1,2.csv
2020-03-09 10:57:09,0.0,valve1,2.csv
2020-03-09 10:57:10,0.0,valve1,2.csv
2020-03-09 10:57:11,0.0,valve1,2.csv
2020-03-09 10:57:12,0.0,valve1,2.csv
2020-03-09 10:57:14,0.0,valve1,2.csv
2020-03-09 10:57:15,0.0,valve1,2.csv
2020-03-09 10:57:16,0.0,valve1,2.csv
2020-03-09 10:57:17,0.0,valve1,2.csv
2020-03-09 10:57:18,0.0,valve1,2.csv
2020-03-09 10:57:19,0.0,valve1,2.csv
2020-03-09 10:57:20,0.0,valve1,2.csv
2020-03-09 10:57:21,0.0,valve1,2.csv
2020-03-09 10:57:22,0.0,valve1,2.csv
2020-03-09 10:57:23,0.0,valve1,2.csv
2020-03-09 10:57:24,0.0,valve1,2.csv
2020-03-09 10:57:25,0.0,valve1,2.csv
2020-03-09 10:57:26,0.0,valve1,2.csv
2020-03-09 10:57:27,0.0,valve1,2.csv
2020-03-09 10:57:28,0.0,valve1,2.csv
2020-03-09 10:57:29,0.0,valve1,2.csv
2020-03-09 10:57:30,0.0,valve1,2.csv
2020-03-09 10:57:31,0.0,valve1,2.csv
2020-03-09 10:57:32,0.0,valve1,2.csv
2020-03-09 10:57:33,0.0,valve1,2.csv
2020-03-09 10:57:35,0.0,valve1,2.csv
2020-03-09 10:57:36,0.0,valve1,2.csv
2020-03-09 10:57:37,0.0,valve1,2.csv
2020-03-09 10:57:38,0.0,valve1,2.csv
2020-03-09 10:57:39,0.0,valve1,2.csv
2020-03-09 10:57:40,0.0,valve1,2.csv
2020-03-09 10:57:41,0.0,valve1,2.csv
2020-03-09 10:57:42,0.0,valve1,2.csv
2020-03-09 10:57:43,0.0,valve1,2.csv
2020-03-09 10:57:44,0.0,valve1,2.csv
2020-03-09 10:57:45,0.0,valve1,2.csv
2020-03-09 10:57:46,0.0,valve1,2.csv
2020-03-09 10:57:47,0.0,valve1,2.csv
2020-03-09 10:57:48,0.0,valve1,2.csv
2020-03-09 10:57:49,0.0,valve1,2.csv
2020-03-09 10:57:50,0.0,valve1,2.csv
2020-03-09 10:57:52,0.0,valve1,2.csv
2020-03-09 10:57:53,0.0,valve1,2.csv
2020-03-09 10:57:54,0.0,valve1,2.csv
2020-03-09 10:57:55,0.0,valve1,2.csv
2020-03-09 10:57:56,0.0,valve1,2.csv
2020-03-09 10:57:57,0.0,valve1,2.csv
2020-03-09 10:57:58,0.0,valve1,2.csv
2020-03-09 10:57:59,0.0,valve1,2.csv
2020-03-09 10:58:00,0.0,valve1,2.csv
2020-03-09 10:58:01,0.0,valve1,2.csv
2020-03-09 10:58:02,0.0,valve1,2.csv
2020-03-09 10:58:03,0.0,valve1,2.csv
2020-03-09 10:58:04,0.0,valve1,2.csv
2020-03-09 10:58:05,0.0,valve1,2.csv
2020-03-09 10:58:06,0.0,valve1,2.csv
2020-03-09 10:58:07,0.0,valve1,2.csv
2020-03-09 10:58:08,0.0,valve1,2.csv
2020-03-09 10:58:09,0.0,valve1,2.csv
2020-03-09 10:58:10,0.0,valve1,2.csv
2020-03-09 10:58:11,0.0,valve1,2.csv
2020-03-09 10:58:12,0.0,valve1,2.csv
2020-03-09 10:58:13,0.0,valve1,2.csv
2020-03-09 10:58:14,0.0,valve1,2.csv
2020-03-09 10:58:16,0.0,valve1,2.csv
2020-03-09 10:58:17,0.0,valve1,2.csv
2020-03-09 10:58:18,0.0,valve1,2.csv
2020-03-09 10:58:19,0.0,valve1,2.csv
2020-03-09 10:58:20,0.0,valve1,2.csv
2020-03-09 10:58:21,0.0,valve1,2.csv
2020-03-09 10:58:22,0.0,valve1,2.csv
2020-03-09 10:58:23,0.0,valve1,2.csv
2020-03-09 10:58:24,0.0,valve1,2.csv
2020-03-09 10:58:25,0.0,valve1,2.csv
2020-03-09 10:58:26,0.0,valve1,2.csv
2020-03-09 10:58:27,0.0,valve1,2.csv
2020-03-09 10:58:28,0.0,valve1,2.csv
2020-03-09 10:58:29,0.0,valve1,2.csv
2020-03-09 10:58:30,0.0,valve1,2.csv
2020-03-09 10:58:31,0.0,valve1,2.csv
2020-03-09 10:58:32,0.0,valve1,2.csv
2020-03-09 10:58:33,0.0,valve1,2.csv
2020-03-09 10:58:34,0.0,valve1,2.csv
2020-03-09 10:58:35,0.0,valve1,2.csv
2020-03-09 10:58:36,0.0,valve1,2.csv
2020-03-09 10:58:37,0.0,valve1,2.csv
2020-03-09 10:58:38,0.0,valve1,2.csv
2020-03-09 10:58:40,0.0,valve1,2.csv
2020-03-09 10:58:41,0.0,valve1,2.csv
2020-03-09 10:58:42,0.0,valve1,2.csv
2020-03-09 10:58:43,0.0,valve1,2.csv
2020-03-09 10:58:44,0.0,valve1,2.csv
2020-03-09 10:58:45,0.0,valve1,2.csv
2020-03-09 10:58:46,0.0,valve1,2.csv
2020-03-09 10:58:47,0.0,valve1,2.csv
2020-03-09 10:58:48,0.0,valve1,2.csv
2020-03-09 10:58:49,0.0,valve1,2.csv
2020-03-09 10:58:50,0.0,valve1,2.csv
2020-03-09 10:58:51,0.0,valve1,2.csv
2020-03-09 10:58:52,0.0,valve1,2.csv
2020-03-09 10:58:53,0.0,valve1,2.csv
2020-03-09 10:58:54,0.0,valve1,2.csv
2020-03-09 10:58:55,0.0,valve1,2.csv
2020-03-09 10:58:56,0.0,valve1,2.csv
2020-03-09 10:58:57,0.0,valve1,2.csv
2020-03-09 10:58:58,0.0,valve1,2.csv
2020-03-09 10:58:59,0.0,valve1,2.csv
2020-03-09 10:59:00,0.0,valve1,2.csv
2020-03-09 10:59:01,0.0,valve1,2.csv
2020-03-09 10:59:02,0.0,valve1,2.csv
2020-03-09 10:59:04,0.0,valve1,2.csv
2020-03-09 10:59:05,0.0,valve1,2.csv
2020-03-09 10:59:06,0.0,valve1,2.csv
2020-03-09 10:59:07,0.0,valve1,2.csv
2020-03-09 10:59:08,0.0,valve1,2.csv
2020-03-09 10:59:09,0.0,valve1,2.csv
2020-03-09 10:59:10,0.0,valve1,2.csv
2020-03-09 10:59:11,0.0,valve1,2.csv
2020-03-09 10:59:12,0.0,valve1,2.csv
2020-03-09 10:59:13,0.0,valve1,2.csv
2020-03-09 10:59:14,0.0,valve1,2.csv
2020-03-09 10:59:15,0.0,valve1,2.csv
2020-03-09 10:59:16,0.0,valve1,2.csv
2020-03-09 10:59:17,0.0,valve1,2.csv
2020-03-09 10:59:18,0.0,valve1,2.csv
2020-03-09 10:59:19,0.0,valve1,2.csv
2020-03-09 10:59:20,0.0,valve1,2.csv
2020-03-09 10:59:21,0.0,valve1,2.csv
2020-03-09 10:59:22,0.0,valve1,2.csv
2020-03-09 10:59:23,0.0,valve1,2.csv
2020-03-09 10:59:24,0.0,valve1,2.csv
2020-03-09 10:59:25,0.0,valve1,2.csv
2020-03-09 10:59:26,0.0,valve1,2.csv
2020-03-09 10:59:28,0.0,valve1,2.csv
2020-03-09 10:59:29,0.0,valve1,2.csv
2020-03-09 10:59:30,0.0,valve1,2.csv
2020-03-09 10:59:31,0.0,valve1,2.csv
2020-03-09 10:59:32,0.0,valve1,2.csv
2020-03-09 10:59:33,0.0,valve1,2.csv
2020-03-09 10:59:34,0.0,valve1,2.csv
2020-03-09 10:59:35,0.0,valve1,2.csv
2020-03-09 10:59:36,0.0,valve1,2.csv
2020-03-09 10:59:37,0.0,valve1,2.csv
2020-03-09 10:59:38,0.0,valve1,2.csv
2020-03-09 10:59:39,0.0,valve1,2.csv
2020-03-09 10:59:40,0.0,valve1,2.csv
2020-03-09 10:59:41,0.0,valve1,2.csv
2020-03-09 10:59:42,0.0,valve1,2.csv
2020-03-09 10:59:43,0.0,valve1,2.csv
2020-03-09 10:59:44,0.0,valve1,2.csv
2020-03-09 10:59:45,0.0,valve1,2.csv
2020-03-09 10:59:46,0.0,valve1,2.csv
2020-03-09 10:59:47,0.0,valve1,2.csv
2020-03-09 10:59:48,0.0,valve1,2.csv
2020-03-09 10:59:49,0.0,valve1,2.csv
2020-03-09 10:59:51,0.0,valve1,2.csv
2020-03-09 10:59:52,0.0,valve1,2.csv
2020-03-09 10:59:53,0.0,valve1,2.csv
2020-03-09 10:59:54,0.0,valve1,2.csv
2020-03-09 10:59:55,0.0,valve1,2.csv
2020-03-09 10:59:56,0.0,valve1,2.csv
2020-03-09 10:59:57,0.0,valve1,2.csv
2020-03-09 10:59:58,0.0,valve1,2.csv
2020-03-09 10:59:59,0.0,valve1,2.csv
2020-03-09 11:00:00,0.0,valve1,2.csv
2020-03-09 11:00:01,0.0,valve1,2.csv
2020-03-09 11:00:02,0.0,valve1,2.csv
2020-03-09 11:00:03,0.0,valve1,2.csv
2020-03-09 11:00:04,0.0,valve1,2.csv
2020-03-09 11:00:05,0.0,valve1,2.csv
2020-03-09 11:00:06,0.0,valve1,2.csv
2020-03-09 11:00:07,0.0,valve1,2.csv
2020-03-09 11:00:08,0.0,valve1,2.csv
2020-03-09 11:00:09,0.0,valve1,2.csv
2020-03-09 11:00:10,0.0,valve1,2.csv
2020-03-09 11:00:11,0.0,valve1,2.csv
2020-03-09 11:00:12,0.0,valve1,2.csv
2020-03-09 11:00:13,0.0,valve1,2.csv
2020-03-09 11:00:15,0.0,valve1,2.csv
2020-03-09 11:00:16,0.0,valve1,2.csv
2020-03-09 11:00:17,0.0,valve1,2.csv
2020-03-09 11:00:18,0.0,valve1,2.csv
2020-03-09 11:00:19,0.0,valve1,2.csv
2020-03-09 11:00:20,0.0,valve1,2.csv
2020-03-09 11:00:21,0.0,valve1,2.csv
2020-03-09 11:00:22,0.0,valve1,2.csv
2020-03-09 11:00:23,0.0,valve1,2.csv
2020-03-09 11:00:24,0.0,valve1,2.csv
2020-03-09 11:00:25,0.0,valve1,2.csv
2020-03-09 11:00:26,0.0,valve1,2.csv
2020-03-09 11:00:27,0.0,valve1,2.csv
2020-03-09 11:00:28,0.0,valve1,2.csv
2020-03-09 11:00:29,0.0,valve1,2.csv
2020-03-09 11:00:30,0.0,valve1,2.csv
2020-03-09 11:00:31,0.0,valve1,2.csv
2020-03-09 11:00:32,0.0,valve1,2.csv
2020-03-09 11:00:33,0.0,valve1,2.csv
2020-03-09 11:00:34,0.0,valve1,2.csv
2020-03-09 11:00:35,0.0,valve1,2.csv
2020-03-09 11:00:36,0.0,valve1,2.csv
2020-03-09 11:00:38,0.0,valve1,2.csv
2020-03-09 11:00:39,0.0,valve1,2.csv
2020-03-09 11:00:40,0.0,valve1,2.csv
2020-03-09 11:00:41,0.0,valve1,2.csv
2020-03-09 11:00:42,0.0,valve1,2.csv
2020-03-09 11:00:43,0.0,valve1,2.csv
2020-03-09 11:00:44,0.0,valve1,2.csv
2020-03-09 11:00:45,0.0,valve1,2.csv
2020-03-09 11:00:46,0.0,valve1,2.csv
2020-03-09 11:00:47,0.0,valve1,2.csv
2020-03-09 11:00:48,0.0,valve1,2.csv
2020-03-09 11:00:49,0.0,valve1,2.csv
2020-03-09 11:00:50,0.0,valve1,2.csv
2020-03-09 11:00:51,0.0,valve1,2.csv
2020-03-09 11:00:52,0.0,valve1,2.csv
2020-03-09 11:00:53,0.0,valve1,2.csv
2020-03-09 11:00:54,0.0,valve1,2.csv
2020-03-09 11:00:55,0.0,valve1,2.csv
2020-03-09 11:00:56,0.0,valve1,2.csv
2020-03-09 11:00:57,0.0,valve1,2.csv
2020-03-09 11:00:58,0.0,valve1,2.csv
2020-03-09 11:00:59,0.0,valve1,2.csv
2020-03-09 11:01:00,0.0,valve1,2.csv
2020-03-09 11:01:02,0.0,valve1,2.csv
2020-03-09 11:01:03,0.0,valve1,2.csv
2020-03-09 11:01:04,0.0,valve1,2.csv
2020-03-09 11:01:05,0.0,valve1,2.csv
2020-03-09 11:01:06,0.0,valve1,2.csv
2020-03-09 11:01:07,0.0,valve1,2.csv
2020-03-09 11:01:08,0.0,valve1,2.csv
2020-03-09 11:01:09,0.0,valve1,2.csv
2020-03-09 11:01:10,0.0,valve1,2.csv
2020-03-09 11:01:11,0.0,valve1,2.csv
2020-03-09 11:01:12,0.0,valve1,2.csv
2020-03-09 11:01:13,0.0,valve1,2.csv
2020-03-09 11:01:14,0.0,valve1,2.csv
2020-03-09 11:01:15,0.0,valve1,2.csv
2020-03-09 11:01:16,0.0,valve1,2.csv
2020-03-09 11:01:17,0.0,valve1,2.csv
2020-03-09 11:01:18,0.0,valve1,2.csv
2020-03-09 11:01:19,0.0,valve1,2.csv
2020-03-09 11:01:20,0.0,valve1,2.csv
2020-03-09 11:01:21,0.0,valve1,2.csv
2020-03-09 11:01:22,0.0,valve1,2.csv
2020-03-09 11:01:23,0.0,valve1,2.csv
2020-03-09 11:01:24,0.0,valve1,2.csv
2020-03-09 11:01:25,0.0,valve1,2.csv
2020-03-09 11:01:27,0.0,valve1,2.csv
2020-03-09 11:01:28,0.0,valve1,2.csv
2020-03-09 11:01:29,0.0,valve1,2.csv
2020-03-09 11:01:30,0.0,valve1,2.csv
2020-03-09 11:01:31,0.0,valve1,2.csv
2020-03-09 11:01:32,0.0,valve1,2.csv
2020-03-09 11:01:33,0.0,valve1,2.csv
2020-03-09 11:01:34,0.0,valve1,2.csv
2020-03-09 11:01:35,0.0,valve1,2.csv
2020-03-09 11:01:36,0.0,valve1,2.csv
2020-03-09 11:01:37,0.0,valve1,2.csv
2020-03-09 11:01:38,0.0,valve1,2.csv
2020-03-09 11:01:39,0.0,valve1,2.csv
2020-03-09 11:01:40,0.0,valve1,2.csv
2020-03-09 11:01:41,0.0,valve1,2.csv
2020-03-09 11:01:42,0.0,valve1,2.csv
2020-03-09 11:01:43,0.0,valve1,2.csv
2020-03-09 11:01:44,0.0,valve1,2.csv
2020-03-09 11:01:45,0.0,valve1,2.csv
2020-03-09 11:01:46,0.0,valve1,2.csv
2020-03-09 11:01:47,0.0,valve1,2.csv
2020-03-09 11:01:49,0.0,valve1,2.csv
2020-03-09 11:01:50,0.0,valve1,2.csv
2020-03-09 11:01:51,0.0,valve1,2.csv
2020-03-09 11:01:52,0.0,valve1,2.csv
2020-03-09 11:01:53,0.0,valve1,2.csv
2020-03-09 11:01:54,0.0,valve1,2.csv
2020-03-09 11:01:55,0.0,valve1,2.csv
2020-03-09 11:01:56,0.0,valve1,2.csv
2020-03-09 11:01:57,0.0,valve1,2.csv
2020-03-09 11:01:58,0.0,valve1,2.csv
2020-03-09 11:01:59,0.0,valve1,2.csv
2020-03-09 11:02:00,0.0,valve1,2.csv
2020-03-09 11:02:01,0.0,valve1,2.csv
2020-03-09 11:02:02,0.0,valve1,2.csv
2020-03-09 11:02:03,0.0,valve1,2.csv
2020-03-09 11:02:04,0.0,valve1,2.csv
2020-03-09 11:02:05,0.0,valve1,2.csv
2020-03-09 11:02:06,0.0,valve1,2.csv
2020-03-09 11:02:07,0.0,valve1,2.csv
2020-03-09 11:02:08,0.0,valve1,2.csv
2020-03-09 11:02:09,0.0,valve1,2.csv
2020-03-09 11:02:10,0.0,valve1,2.csv
2020-03-09 11:02:11,0.0,valve1,2.csv
2020-03-09 11:02:13,0.0,valve1,2.csv
2020-03-09 11:02:14,0.0,valve1,2.csv
2020-03-09 11:02:15,0.0,valve1,2.csv
2020-03-09 11:02:16,0.0,valve1,2.csv
2020-03-09 11:02:17,0.0,valve1,2.csv
2020-03-09 11:02:18,0.0,valve1,2.csv
2020-03-09 11:02:19,0.0,valve1,2.csv
2020-03-09 11:02:20,0.0,valve1,2.csv
2020-03-09 11:02:21,0.0,valve1,2.csv
2020-03-09 11:02:22,0.0,valve1,2.csv
2020-03-09 11:02:23,0.0,valve1,2.csv
2020-03-09 11:02:24,0.0,valve1,2.csv
2020-03-09 11:02:25,0.0,valve1,2.csv
2020-03-09 11:02:26,0.0,valve1,2.csv
2020-03-09 11:02:27,0.0,valve1,2.csv
2020-03-09 11:02:28,0.0,valve1,2.csv
2020-03-09 11:02:29,0.0,valve1,2.csv
2020-03-09 11:02:30,0.0,valve1,2.csv
2020-03-09 11:02:31,0.0,valve1,2.csv
2020-03-09 11:02:32,0.0,valve1,2.csv
2020-03-09 11:02:33,0.0,valve1,2.csv
2020-03-09 11:02:34,0.0,valve1,2.csv
2020-03-09 11:02:35,0.0,valve1,2.csv
2020-03-09 11:02:37,0.0,valve1,2.csv
2020-03-09 11:02:38,0.0,valve1,2.csv
2020-03-09 11:02:39,0.0,valve1,2.csv
2020-03-09 11:02:40,0.0,valve1,2.csv
2020-03-09 11:02:41,0.0,valve1,2.csv
2020-03-09 11:02:42,0.0,valve1,2.csv
2020-03-09 11:02:43,0.0,valve1,2.csv
2020-03-09 11:02:44,0.0,valve1,2.csv
2020-03-09 11:02:45,0.0,valve1,2.csv
2020-03-09 11:02:46,0.0,valve1,2.csv
2020-03-09 11:02:47,0.0,valve1,2.csv
2020-03-09 11:02:48,0.0,valve1,2.csv
2020-03-09 11:02:49,0.0,valve1,2.csv
2020-03-09 11:02:50,0.0,valve1,2.csv
2020-03-09 11:02:51,0.0,valve1,2.csv
2020-03-09 11:02:52,0.0,valve1,2.csv
2020-03-09 11:02:53,0.0,valve1,2.csv
2020-03-09 11:02:54,0.0,valve1,2.csv
2020-03-09 11:02:55,0.0,valve1,2.csv
2020-03-09 11:02:56,0.0,valve1,2.csv
2020-03-09 11:02:57,0.0,valve1,2.csv
2020-03-09 11:02:58,0.0,valve1,2.csv
2020-03-09 11:03:00,0.0,valve1,2.csv
2020-03-09 11:03:01,0.0,valve1,2.csv
2020-03-09 11:03:02,0.0,valve1,2.csv
2020-03-09 11:03:03,0.0,valve1,2.csv
2020-03-09 11:03:04,0.0,valve1,2.csv
2020-03-09 11:03:05,0.0,valve1,2.csv
2020-03-09 11:03:06,0.0,valve1,2.csv
2020-03-09 11:03:07,0.0,valve1,2.csv
2020-03-09 11:03:08,0.0,valve1,2.csv
2020-03-09 11:03:09,0.0,valve1,2.csv
2020-03-09 11:03:10,0.0,valve1,2.csv
2020-03-09 11:03:11,0.0,valve1,2.csv
2020-03-09 11:03:12,0.0,valve1,2.csv
2020-03-09 11:03:13,0.0,valve1,2.csv
2020-03-09 11:03:14,0.0,valve1,2.csv
2020-03-09 11:03:15,0.0,valve1,2.csv
2020-03-09 11:03:16,0.0,valve1,2.csv
2020-03-09 11:03:17,0.0,valve1,2.csv
2020-03-09 11:03:18,0.0,valve1,2.csv
2020-03-09 11:03:19,0.0,valve1,2.csv
2020-03-09 11:03:20,0.0,valve1,2.csv
2020-03-09 11:03:21,0.0,valve1,2.csv
2020-03-09 11:03:22,0.0,valve1,2.csv
2020-03-09 11:03:24,0.0,valve1,2.csv
2020-03-09 11:03:25,0.0,valve1,2.csv
2020-03-09 11:03:26,0.0,valve1,2.csv
2020-03-09 11:03:27,0.0,valve1,2.csv
2020-03-09 11:03:28,0.0,valve1,2.csv
2020-03-09 11:03:29,0.0,valve1,2.csv
2020-03-09 11:03:30,0.0,valve1,2.csv
2020-03-09 11:03:31,0.0,valve1,2.csv
2020-03-09 11:03:32,0.0,valve1,2.csv
2020-03-09 11:03:33,0.0,valve1,2.csv
2020-03-09 11:03:34,0.0,valve1,2.csv
2020-03-09 11:03:35,0.0,valve1,2.csv
2020-03-09 11:03:36,0.0,valve1,2.csv
2020-03-09 11:03:37,0.0,valve1,2.csv
2020-03-09 11:03:38,0.0,valve1,2.csv
2020-03-09 11:03:39,0.0,valve1,2.csv
2020-03-09 11:03:40,0.0,valve1,2.csv
2020-03-09 11:03:41,0.0,valve1,2.csv
2020-03-09 11:03:42,0.0,valve1,2.csv
2020-03-09 11:03:43,0.0,valve1,2.csv
2020-03-09 11:03:44,0.0,valve1,2.csv
2020-03-09 11:03:46,0.0,valve1,2.csv
2020-03-09 11:03:47,0.0,valve1,2.csv
2020-03-09 11:03:48,0.0,valve1,2.csv
2020-03-09 11:03:49,0.0,valve1,2.csv
2020-03-09 11:03:50,0.0,valve1,2.csv
2020-03-09 11:03:51,0.0,valve1,2.csv
2020-03-09 11:03:52,0.0,valve1,2.csv
2020-03-09 11:03:53,0.0,valve1,2.csv
2020-03-09 11:03:54,0.0,valve1,2.csv
2020-03-09 11:03:55,0.0,valve1,2.csv
2020-03-09 11:03:56,0.0,valve1,2.csv
2020-03-09 11:03:57,0.0,valve1,2.csv
2020-03-09 11:03:58,0.0,valve1,2.csv
2020-03-09 11:03:59,0.0,valve1,2.csv
2020-03-09 11:04:00,0.0,valve1,2.csv
2020-03-09 11:04:01,0.0,valve1,2.csv
2020-03-09 11:04:02,0.0,valve1,2.csv
2020-03-09 11:04:03,0.0,valve1,2.csv
2020-03-09 11:04:04,0.0,valve1,2.csv
2020-03-09 11:04:05,0.0,valve1,2.csv
2020-03-09 11:04:06,0.0,valve1,2.csv
2020-03-09 11:04:08,0.0,valve1,2.csv
2020-03-09 11:04:09,0.0,valve1,2.csv
2020-03-09 11:04:10,0.0,valve1,2.csv
2020-03-09 11:04:11,0.0,valve1,2.csv
2020-03-09 11:04:12,0.0,valve1,2.csv
2020-03-09 11:04:13,0.0,valve1,2.csv
2020-03-09 11:04:14,0.0,valve1,2.csv
2020-03-09 11:04:15,0.0,valve1,2.csv
2020-03-09 11:04:16,0.0,valve1,2.csv
2020-03-09 11:04:17,0.0,valve1,2.csv
2020-03-09 11:04:18,0.0,valve1,2.csv
2020-03-09 11:04:19,0.0,valve1,2.csv
2020-03-09 11:04:20,0.0,valve1,2.csv
2020-03-09 11:04:21,0.0,valve1,2.csv
2020-03-09 11:04:22,0.0,valve1,2.csv
2020-03-09 11:04:23,0.0,valve1,2.csv
2020-03-09 11:04:24,0.0,valve1,2.csv
2020-03-09 11:05:40,1.0,valve1,2.csv
2020-03-09 11:05:41,0.0,valve1,2.csv
2020-03-09 11:05:42,0.0,valve1,2.csv
2020-03-09 11:05:43,0.0,valve1,2.csv
2020-03-09 11:05:45,0.0,valve1,2.csv
2020-03-09 11:05:46,0.0,valve1,2.csv
2020-03-09 11:05:47,0.0,valve1,2.csv
2020-03-09 11:05:48,0.0,valve1,2.csv
2020-03-09 11:05:49,0.0,valve1,2.csv
2020-03-09 11:05:50,0.0,valve1,2.csv
2020-03-09 11:05:51,0.0,valve1,2.csv
2020-03-09 11:05:52,0.0,valve1,2.csv
2020-03-09 11:05:53,0.0,valve1,2.csv
2020-03-09 11:05:54,0.0,valve1,2.csv
2020-03-09 11:05:55,0.0,valve1,2.csv
2020-03-09 11:05:56,0.0,valve1,2.csv
2020-03-09 11:05:57,0.0,valve1,2.csv
2020-03-09 11:05:58,0.0,valve1,2.csv
2020-03-09 11:05:59,0.0,valve1,2.csv
2020-03-09 11:06:00,0.0,valve1,2.csv
2020-03-09 11:06:01,0.0,valve1,2.csv
2020-03-09 11:06:02,0.0,valve1,2.csv
2020-03-09 11:06:03,0.0,valve1,2.csv
2020-03-09 11:06:05,0.0,valve1,2.csv
2020-03-09 11:06:06,0.0,valve1,2.csv
2020-03-09 11:06:07,0.0,valve1,2.csv
2020-03-09 11:06:08,0.0,valve1,2.csv
2020-03-09 11:06:09,0.0,valve1,2.csv
2020-03-09 11:06:10,0.0,valve1,2.csv
2020-03-09 11:06:11,0.0,valve1,2.csv
2020-03-09 11:06:12,0.0,valve1,2.csv
2020-03-09 11:06:13,0.0,valve1,2.csv
2020-03-09 11:06:15,0.0,valve1,2.csv
2020-03-09 11:06:16,0.0,valve1,2.csv
2020-03-09 11:06:17,0.0,valve1,2.csv
2020-03-09 11:06:18,0.0,valve1,2.csv
2020-03-09 11:06:19,0.0,valve1,2.csv
2020-03-09 11:06:20,0.0,valve1,2.csv
2020-03-09 11:06:21,0.0,valve1,2.csv
2020-03-09 11:06:22,0.0,valve1,2.csv
2020-03-09 11:06:23,0.0,valve1,2.csv
2020-03-09 11:06:24,0.0,valve1,2.csv
2020-03-09 11:06:25,0.0,valve1,2.csv
2020-03-09 11:06:26,0.0,valve1,2.csv
2020-03-09 11:06:27,0.0,valve1,2.csv
2020-03-09 11:06:28,0.0,valve1,2.csv
2020-03-09 11:06:29,0.0,valve1,2.csv
2020-03-09 11:06:30,0.0,valve1,2.csv
2020-03-09 11:06:31,0.0,valve1,2.csv
2020-03-09 11:06:32,0.0,valve1,2.csv
2020-03-09 11:06:33,0.0,valve1,2.csv
2020-03-09 11:06:34,0.0,valve1,2.csv
2020-03-09 11:06:35,0.0,valve1,2.csv
2020-03-09 11:06:36,0.0,valve1,2.csv
2020-03-09 11:06:37,0.0,valve1,2.csv
2020-03-09 11:06:39,0.0,valve1,2.csv
2020-03-09 11:06:40,0.0,valve1,2.csv
2020-03-09 11:06:41,0.0,valve1,2.csv
2020-03-09 11:06:42,0.0,valve1,2.csv
2020-03-09 11:06:43,0.0,valve1,2.csv
2020-03-09 11:06:44,0.0,valve1,2.csv
2020-03-09 11:06:45,0.0,valve1,2.csv
2020-03-09 11:06:46,0.0,valve1,2.csv
2020-03-09 11:06:47,0.0,valve1,2.csv
2020-03-09 11:06:48,0.0,valve1,2.csv
2020-03-09 11:06:49,0.0,valve1,2.csv
2020-03-09 11:06:50,0.0,valve1,2.csv
2020-03-09 11:06:51,0.0,valve1,2.csv
2020-03-09 11:06:52,0.0,valve1,2.csv
2020-03-09 11:06:53,0.0,valve1,2.csv
2020-03-09 11:06:54,0.0,valve1,2.csv
2020-03-09 11:06:55,0.0,valve1,2.csv
2020-03-09 11:06:56,0.0,valve1,2.csv
2020-03-09 11:06:57,0.0,valve1,2.csv
2020-03-09 11:06:58,0.0,valve1,2.csv
2020-03-09 11:06:59,0.0,valve1,2.csv
2020-03-09 11:07:00,0.0,valve1,2.csv
2020-03-09 11:07:02,0.0,valve1,2.csv
2020-03-09 11:07:03,0.0,valve1,2.csv
2020-03-09 11:07:04,0.0,valve1,2.csv
2020-03-09 11:07:05,0.0,valve1,2.csv
2020-03-09 11:07:06,0.0,valve1,2.csv
2020-03-09 11:07:07,0.0,valve1,2.csv
2020-03-09 11:07:08,0.0,valve1,2.csv
2020-03-09 11:07:09,0.0,valve1,2.csv
2020-03-09 11:07:10,0.0,valve1,2.csv
2020-03-09 11:07:11,0.0,valve1,2.csv
2020-03-09 11:07:12,0.0,valve1,2.csv
2020-03-09 11:07:13,0.0,valve1,2.csv
2020-03-09 11:07:14,0.0,valve1,2.csv
2020-03-09 11:07:15,0.0,valve1,2.csv
2020-03-09 11:07:16,0.0,valve1,2.csv
2020-03-09 11:07:17,0.0,valve1,2.csv
2020-03-09 11:07:18,0.0,valve1,2.csv
2020-03-09 11:07:20,0.0,valve1,2.csv
2020-03-09 11:07:21,0.0,valve1,2.csv
2020-03-09 11:07:22,0.0,valve1,2.csv
2020-03-09 11:07:23,0.0,valve1,2.csv
2020-03-09 11:07:24,0.0,valve1,2.csv
2020-03-09 11:07:25,0.0,valve1,2.csv
2020-03-09 11:07:26,0.0,valve1,2.csv
2020-03-09 11:07:27,0.0,valve1,2.csv
2020-03-09 11:07:28,0.0,valve1,2.csv
2020-03-09 11:07:29,0.0,valve1,2.csv
2020-03-09 11:07:30,0.0,valve1,2.csv
2020-03-09 11:07:31,0.0,valve1,2.csv
2020-03-09 11:07:32,0.0,valve1,2.csv
2020-03-09 11:07:33,0.0,valve1,2.csv
2020-03-09 11:07:34,0.0,valve1,2.csv
2020-03-09 11:07:35,0.0,valve1,2.csv
2020-03-09 11:07:36,0.0,valve1,2.csv
2020-03-09 11:07:37,0.0,valve1,2.csv
2020-03-09 11:07:38,0.0,valve1,2.csv
2020-03-09 11:07:39,0.0,valve1,2.csv
2020-03-09 11:07:40,0.0,valve1,2.csv
2020-03-09 11:07:42,0.0,valve1,2.csv
2020-03-09 11:07:43,0.0,valve1,2.csv
2020-03-09 11:07:44,0.0,valve1,2.csv
2020-03-09 11:07:45,0.0,valve1,2.csv
2020-03-09 11:07:46,0.0,valve1,2.csv
2020-03-09 11:07:47,0.0,valve1,2.csv
2020-03-09 11:07:48,0.0,valve1,2.csv
2020-03-09 11:07:49,0.0,valve1,2.csv
2020-03-09 11:07:50,0.0,valve1,2.csv
2020-03-09 11:07:51,0.0,valve1,2.csv
2020-03-09 11:07:52,0.0,valve1,2.csv
2020-03-09 11:07:53,0.0,valve1,2.csv
2020-03-09 11:07:54,0.0,valve1,2.csv
2020-03-09 11:07:55,0.0,valve1,2.csv
2020-03-09 11:07:56,0.0,valve1,2.csv
2020-03-09 11:07:57,0.0,valve1,2.csv
2020-03-09 11:07:58,0.0,valve1,2.csv
2020-03-09 11:07:59,0.0,valve1,2.csv
2020-03-09 11:08:00,0.0,valve1,2.csv
2020-03-09 11:08:01,0.0,valve1,2.csv
2020-03-09 11:08:02,0.0,valve1,2.csv
2020-03-09 11:08:04,0.0,valve1,2.csv
2020-03-09 11:08:05,0.0,valve1,2.csv
2020-03-09 11:08:06,0.0,valve1,2.csv
2020-03-09 11:08:07,0.0,valve1,2.csv
2020-03-09 11:08:08,0.0,valve1,2.csv
2020-03-09 11:08:09,0.0,valve1,2.csv
2020-03-09 11:08:10,0.0,valve1,2.csv
2020-03-09 11:08:11,0.0,valve1,2.csv
2020-03-09 11:08:12,0.0,valve1,2.csv
2020-03-09 11:08:13,0.0,valve1,2.csv
2020-03-09 11:08:14,0.0,valve1,2.csv
2020-03-09 11:08:15,0.0,valve1,2.csv
2020-03-09 11:08:16,0.0,valve1,2.csv
2020-03-09 11:08:17,0.0,valve1,2.csv
2020-03-09 11:08:18,0.0,valve1,2.csv
2020-03-09 11:08:20,0.0,valve1,2.csv
2020-03-09 11:08:21,0.0,valve1,2.csv
2020-03-09 11:08:22,0.0,valve1,2.csv
2020-03-09 11:08:23,0.0,valve1,2.csv
2020-03-09 11:08:24,0.0,valve1,2.csv
2020-03-09 11:08:25,0.0,valve1,2.csv
2020-03-09 11:08:26,0.0,valve1,2.csv
2020-03-09 11:08:27,0.0,valve1,2.csv
2020-03-09 11:08:28,0.0,valve1,2.csv
2020-03-09 11:08:29,0.0,valve1,2.csv
2020-03-09 11:08:30,0.0,valve1,2.csv
2020-03-09 11:08:31,0.0,valve1,2.csv
2020-03-09 11:08:32,0.0,valve1,2.csv
2020-03-09 11:08:33,0.0,valve1,2.csv
2020-03-09 11:08:34,0.0,valve1,2.csv
2020-03-09 11:08:35,0.0,valve1,2.csv
2020-03-09 11:08:36,0.0,valve1,2.csv
2020-03-09 11:08:37,0.0,valve1,2.csv
2020-03-09 11:08:38,0.0,valve1,2.csv
2020-03-09 11:08:39,0.0,valve1,2.csv
2020-03-09 11:08:40,0.0,valve1,2.csv
2020-03-09 11:08:41,0.0,valve1,2.csv
2020-03-09 11:08:43,0.0,valve1,2.csv
2020-03-09 11:08:44,0.0,valve1,2.csv
2020-03-09 11:08:45,0.0,valve1,2.csv
2020-03-09 11:08:46,0.0,valve1,2.csv
2020-03-09 11:08:47,0.0,valve1,2.csv
2020-03-09 11:08:48,0.0,valve1,2.csv
2020-03-09 11:08:49,0.0,valve1,2.csv
2020-03-09 11:08:50,0.0,valve1,2.csv
2020-03-09 11:08:51,0.0,valve1,2.csv
2020-03-09 11:08:52,0.0,valve1,2.csv
2020-03-09 11:08:53,0.0,valve1,2.csv
2020-03-09 11:08:54,0.0,valve1,2.csv
2020-03-09 11:08:55,0.0,valve1,2.csv
2020-03-09 11:08:56,0.0,valve1,2.csv
2020-03-09 11:08:57,0.0,valve1,2.csv
2020-03-09 11:08:58,0.0,valve1,2.csv
2020-03-09 11:08:59,0.0,valve1,2.csv
2020-03-09 11:09:00,0.0,valve1,2.csv
2020-03-09 11:09:01,0.0,valve1,2.csv
2020-03-09 11:09:02,0.0,valve1,2.csv
2020-03-09 11:09:03,0.0,valve1,2.csv
2020-03-09 11:09:04,0.0,valve1,2.csv
2020-03-09 11:09:06,0.0,valve1,2.csv
2020-03-09 11:09:07,0.0,valve1,2.csv
2020-03-09 11:09:08,0.0,valve1,2.csv
2020-03-09 11:09:09,0.0,valve1,2.csv
2020-03-09 11:09:10,0.0,valve1,2.csv
2020-03-09 11:09:11,0.0,valve1,2.csv
2020-03-09 11:09:12,0.0,valve1,2.csv
2020-03-09 11:09:13,0.0,valve1,2.csv
2020-03-09 11:09:14,0.0,valve1,2.csv
2020-03-09 11:09:15,0.0,valve1,2.csv
2020-03-09 11:09:16,0.0,valve1,2.csv
2020-03-09 11:09:17,0.0,valve1,2.csv
2020-03-09 11:09:18,0.0,valve1,2.csv
2020-03-09 11:09:19,0.0,valve1,2.csv
2020-03-09 11:09:20,0.0,valve1,2.csv
2020-03-09 11:09:21,0.0,valve1,2.csv
2020-03-09 11:09:22,0.0,valve1,2.csv
2020-03-09 11:09:23,0.0,valve1,2.csv
2020-03-09 11:09:24,0.0,valve1,2.csv
2020-03-09 11:09:25,0.0,valve1,2.csv
2020-03-09 11:09:26,0.0,valve1,2.csv
2020-03-09 11:09:27,0.0,valve1,2.csv
2020-03-09 11:09:28,0.0,valve1,2.csv
2020-03-09 11:09:30,0.0,valve1,2.csv
2020-03-09 11:09:31,0.0,valve1,2.csv
2020-03-09 11:09:32,0.0,valve1,2.csv
2020-03-09 11:09:33,0.0,valve1,2.csv
2020-03-09 11:09:34,0.0,valve1,2.csv
2020-03-09 11:09:35,0.0,valve1,2.csv
2020-03-09 11:09:36,0.0,valve1,2.csv
2020-03-09 11:09:37,0.0,valve1,2.csv
2020-03-09 11:09:38,0.0,valve1,2.csv
2020-03-09 11:09:39,0.0,valve1,2.csv
2020-03-09 11:09:40,0.0,valve1,2.csv
2020-03-09 11:09:41,0.0,valve1,2.csv
2020-03-09 11:09:42,0.0,valve1,2.csv
2020-03-09 11:09:43,0.0,valve1,2.csv
2020-03-09 11:09:44,0.0,valve1,2.csv
2020-03-09 11:09:45,0.0,valve1,2.csv
2020-03-09 11:09:46,0.0,valve1,2.csv
2020-03-09 11:09:47,0.0,valve1,2.csv
2020-03-09 11:09:48,0.0,valve1,2.csv
2020-03-09 11:09:49,0.0,valve1,2.csv
2020-03-09 11:09:50,0.0,valve1,2.csv
2020-03-09 11:09:52,0.0,valve1,2.csv
2020-03-09 11:09:53,0.0,valve1,2.csv
2020-03-09 11:09:54,0.0,valve1,2.csv
2020-03-09 11:09:55,0.0,valve1,2.csv
2020-03-09 11:09:56,0.0,valve1,2.csv
2020-03-09 11:09:57,0.0,valve1,2.csv
2020-03-09 11:09:58,0.0,valve1,2.csv
2020-03-09 11:09:59,0.0,valve1,2.csv
2020-03-09 11:10:00,0.0,valve1,2.csv
2020-03-09 11:10:01,0.0,valve1,2.csv
2020-03-09 11:10:02,0.0,valve1,2.csv
2020-03-09 11:10:03,0.0,valve1,2.csv
2020-03-09 11:10:04,0.0,valve1,2.csv
2020-03-09 11:10:05,0.0,valve1,2.csv
2020-03-09 11:10:06,0.0,valve1,2.csv
2020-03-09 11:10:07,0.0,valve1,2.csv
2020-03-09 11:10:08,0.0,valve1,2.csv
2020-03-09 11:10:09,0.0,valve1,2.csv
2020-03-09 11:10:10,0.0,valve1,2.csv
2020-03-09 11:10:11,0.0,valve1,2.csv
2020-03-09 11:10:12,0.0,valve1,2.csv
2020-03-09 11:10:13,0.0,valve1,2.csv
2020-03-09 11:10:15,0.0,valve1,2.csv
2020-03-09 11:10:16,0.0,valve1,2.csv
2020-03-09 11:10:17,0.0,valve1,2.csv
2020-03-09 11:10:18,0.0,valve1,2.csv
2020-03-09 11:10:19,0.0,valve1,2.csv
2020-03-09 11:10:20,0.0,valve1,2.csv
2020-03-09 11:10:21,0.0,valve1,2.csv
2020-03-09 11:10:22,0.0,valve1,2.csv
2020-03-09 11:10:23,0.0,valve1,2.csv
2020-03-09 11:10:24,0.0,valve1,2.csv
2020-03-09 11:10:25,0.0,valve1,2.csv
2020-03-09 11:10:26,0.0,valve1,2.csv
2020-03-09 11:10:27,0.0,valve1,2.csv
2020-03-09 11:10:28,0.0,valve1,2.csv
2020-03-09 11:10:29,0.0,valve1,2.csv
2020-03-09 11:10:30,0.0,valve1,2.csv
2020-03-09 11:10:31,0.0,valve1,2.csv
2020-03-09 11:10:32,0.0,valve1,2.csv
2020-03-09 11:10:33,0.0,valve1,2.csv
2020-03-09 11:10:34,1.0,valve1,2.csv
2020-03-09 11:10:35,0.0,valve1,2.csv
2020-03-09 11:10:36,0.0,valve1,2.csv
2020-03-09 11:10:38,0.0,valve1,2.csv
2020-03-09 11:10:39,0.0,valve1,2.csv
2020-03-09 11:10:40,0.0,valve1,2.csv
2020-03-09 11:10:41,0.0,valve1,2.csv
2020-03-09 11:10:42,0.0,valve1,2.csv
2020-03-09 11:10:43,0.0,valve1,2.csv
2020-03-09 11:10:44,0.0,valve1,2.csv
2020-03-09 11:10:45,0.0,valve1,2.csv
2020-03-09 11:10:46,0.0,valve1,2.csv
2020-03-09 11:10:47,0.0,valve1,2.csv
2020-03-09 11:10:48,0.0,valve1,2.csv
2020-03-09 11:10:49,0.0,valve1,2.csv
2020-03-09 11:10:50,0.0,valve1,2.csv
2020-03-09 11:10:51,0.0,valve1,2.csv
2020-03-09 11:10:52,0.0,valve1,2.csv
2020-03-09 11:10:53,0.0,valve1,2.csv
2020-03-09 11:10:54,0.0,valve1,2.csv
2020-03-09 11:10:55,0.0,valve1,2.csv
2020-03-09 11:10:56,0.0,valve1,2.csv
2020-03-09 11:10:57,0.0,valve1,2.csv
2020-03-09 11:10:58,0.0,valve1,2.csv
2020-03-09 11:10:59,0.0,valve1,2.csv
2020-03-09 11:11:00,0.0,valve1,2.csv
2020-03-09 11:11:02,0.0,valve1,2.csv
2020-03-09 11:11:03,0.0,valve1,2.csv
2020-03-09 11:11:04,0.0,valve1,2.csv
2020-03-09 11:11:05,0.0,valve1,2.csv
2020-03-09 11:11:06,0.0,valve1,2.csv
2020-03-09 11:11:07,0.0,valve1,2.csv
2020-03-09 11:11:08,0.0,valve1,2.csv
2020-03-09 11:11:09,0.0,valve1,2.csv
2020-03-09 11:11:10,0.0,valve1,2.csv
2020-03-09 11:11:11,0.0,valve1,2.csv
2020-03-09 11:11:12,0.0,valve1,2.csv
2020-03-09 11:11:13,0.0,valve1,2.csv
2020-03-09 11:11:14,0.0,valve1,2.csv
2020-03-09 11:11:15,0.0,valve1,2.csv
2020-03-09 11:11:16,0.0,valve1,2.csv
2020-03-09 11:11:17,0.0,valve1,2.csv
2020-03-09 11:11:18,0.0,valve1,2.csv
2020-03-09 11:11:19,0.0,valve1,2.csv
2020-03-09 11:11:20,0.0,valve1,2.csv
2020-03-09 11:11:21,0.0,valve1,2.csv
2020-03-09 11:11:22,0.0,valve1,2.csv
2020-03-09 11:11:23,0.0,valve1,2.csv
2020-03-09 11:11:25,0.0,valve1,2.csv
2020-03-09 11:11:26,0.0,valve1,2.csv
2020-03-09 11:11:27,0.0,valve1,2.csv
2020-03-09 11:11:28,0.0,valve1,2.csv
2020-03-09 11:11:29,0.0,valve1,2.csv
2020-03-09 11:11:30,0.0,valve1,2.csv
2020-03-09 11:11:31,0.0,valve1,2.csv
2020-03-09 11:11:32,0.0,valve1,2.csv
2020-03-09 11:11:33,0.0,valve1,2.csv
2020-03-09 11:11:34,1.0,valve1,2.csv
2020-03-09 11:11:35,0.0,valve1,2.csv
2020-03-09 11:11:36,0.0,valve1,2.csv
2020-03-09 11:11:37,0.0,valve1,2.csv
2020-03-09 11:11:38,0.0,valve1,2.csv
2020-03-09 11:11:39,0.0,valve1,2.csv
2020-03-09 11:11:40,0.0,valve1,2.csv
2020-03-09 11:11:41,0.0,valve1,2.csv
2020-03-09 11:11:42,0.0,valve1,2.csv
2020-03-09 11:11:43,0.0,valve1,2.csv
2020-03-09 11:11:44,0.0,valve1,2.csv
2020-03-09 11:11:45,0.0,valve1,2.csv
2020-03-09 11:11:47,0.0,valve1,2.csv
2020-03-09 11:11:48,0.0,valve1,2.csv
2020-03-09 11:11:49,0.0,valve1,2.csv
2020-03-09 11:11:50,0.0,valve1,2.csv
2020-03-09 11:11:51,0.0,valve1,2.csv
2020-03-09 11:11:52,0.0,valve1,2.csv
2020-03-09 11:11:53,0.0,valve1,2.csv
2020-03-09 11:11:54,0.0,valve1,2.csv
2020-03-09 11:11:55,0.0,valve1,2.csv
2020-03-09 11:11:56,0.0,valve1,2.csv
2020-03-09 11:11:57,0.0,valve1,2.csv
2020-03-09 11:11:58,0.0,valve1,2.csv
2020-03-09 11:11:59,0.0,valve1,2.csv
2020-03-09 11:12:00,0.0,valve1,2.csv
2020-03-09 11:12:01,0.0,valve1,2.csv
2020-03-09 11:12:02,0.0,valve1,2.csv
2020-03-09 11:12:03,0.0,valve1,2.csv
2020-03-09 11:12:04,0.0,valve1,2.csv
2020-03-09 11:12:05,0.0,valve1,2.csv
2020-03-09 11:12:06,0.0,valve1,2.csv
2020-03-09 11:12:08,0.0,valve1,2.csv
2020-03-09 11:12:09,0.0,valve1,2.csv
2020-03-09 11:12:10,0.0,valve1,2.csv
2020-03-09 11:12:11,0.0,valve1,2.csv
2020-03-09 11:12:12,0.0,valve1,2.csv
2020-03-09 11:12:13,0.0,valve1,2.csv
2020-03-09 11:12:14,0.0,valve1,2.csv
2020-03-09 11:12:15,0.0,valve1,2.csv
2020-03-09 11:12:16,0.0,valve1,2.csv
2020-03-09 11:12:17,0.0,valve1,2.csv
2020-03-09 11:12:18,0.0,valve1,2.csv
2020-03-09 11:12:19,0.0,valve1,2.csv
2020-03-09 11:12:20,0.0,valve1,2.csv
2020-03-09 11:12:21,0.0,valve1,2.csv
2020-03-09 11:12:22,0.0,valve1,2.csv
2020-03-09 11:12:23,0.0,valve1,2.csv
2020-03-09 11:12:24,0.0,valve1,2.csv
2020-03-09 11:12:25,0.0,valve1,2.csv
2020-03-09 11:12:26,0.0,valve1,2.csv
2020-03-09 11:12:27,0.0,valve1,2.csv
2020-03-09 11:12:28,0.0,valve1,2.csv
2020-03-09 11:12:29,0.0,valve1,2.csv
2020-03-09 11:12:31,0.0,valve1,2.csv
2020-03-09 11:12:32,0.0,valve1,2.csv
2020-03-09 11:12:33,0.0,valve1,2.csv
2020-03-09 11:12:34,0.0,valve1,2.csv
2020-03-09 11:12:35,0.0,valve1,2.csv
2020-03-09 11:12:36,0.0,valve1,2.csv
2020-03-09 11:12:37,0.0,valve1,2.csv
2020-03-09 11:12:38,0.0,valve1,2.csv
2020-03-09 11:12:39,0.0,valve1,2.csv
2020-03-09 11:12:40,0.0,valve1,2.csv
2020-03-09 11:12:41,0.0,valve1,2.csv
2020-03-09 11:12:42,0.0,valve1,2.csv
2020-03-09 11:12:43,0.0,valve1,2.csv
2020-03-09 11:12:44,0.0,valve1,2.csv
2020-03-09 11:12:45,0.0,valve1,2.csv
2020-03-09 11:12:46,0.0,valve1,2.csv
2020-03-09 11:12:47,0.0,valve1,2.csv
2020-03-09 11:12:48,0.0,valve1,2.csv
2020-03-09 11:12:49,0.0,valve1,2.csv
2020-03-09 11:12:50,0.0,valve1,2.csv
2020-03-09 11:12:51,0.0,valve1,2.csv
2020-03-09 11:12:52,0.0,valve1,2.csv
2020-03-09 11:12:54,0.0,valve1,2.csv
2020-03-09 11:12:55,0.0,valve1,2.csv
2020-03-09 11:12:56,0.0,valve1,2.csv
2020-03-09 11:12:57,0.0,valve1,2.csv
2020-03-09 11:12:58,0.0,valve1,2.csv
2020-03-09 11:12:59,0.0,valve1,2.csv
2020-03-09 11:13:00,0.0,valve1,2.csv
2020-03-09 11:13:01,0.0,valve1,2.csv
2020-03-09 11:13:02,0.0,valve1,2.csv
2020-03-09 11:13:03,0.0,valve1,2.csv
2020-03-09 11:13:04,0.0,valve1,2.csv
2020-03-09 11:13:05,0.0,valve1,2.csv
2020-03-09 11:13:06,0.0,valve1,2.csv
2020-03-09 11:13:07,0.0,valve1,2.csv
2020-03-09 11:13:08,0.0,valve1,2.csv
2020-03-09 11:13:09,0.0,valve1,2.csv
2020-03-09 11:13:10,0.0,valve1,2.csv
2020-03-09 11:13:11,0.0,valve1,2.csv
2020-03-09 11:13:12,0.0,valve1,2.csv
2020-03-09 11:13:13,0.0,valve1,2.csv
2020-03-09 11:13:14,0.0,valve1,2.csv
2020-03-09 11:13:15,0.0,valve1,2.csv
2020-03-09 11:13:16,0.0,valve1,2.csv
2020-03-09 11:13:18,0.0,valve1,2.csv
2020-03-09 11:13:19,0.0,valve1,2.csv
2020-03-09 11:13:20,0.0,valve1,2.csv
2020-03-09 11:13:21,0.0,valve1,2.csv
2020-03-09 11:13:22,0.0,valve1,2.csv
2020-03-09 11:13:23,0.0,valve1,2.csv
2020-03-09 11:13:24,0.0,valve1,2.csv
2020-03-09 11:13:25,0.0,valve1,2.csv
2020-03-09 11:13:26,0.0,valve1,2.csv
2020-03-09 11:13:27,0.0,valve1,2.csv
2020-03-09 11:13:28,0.0,valve1,2.csv
2020-03-09 11:13:29,0.0,valve1,2.csv
2020-03-09 11:13:30,0.0,valve1,2.csv
2020-03-09 11:13:31,0.0,valve1,2.csv
2020-03-09 11:13:32,0.0,valve1,2.csv
2020-03-09 11:13:33,0.0,valve1,2.csv
2020-03-09 11:13:34,0.0,valve1,2.csv
2020-03-09 11:13:35,0.0,valve1,2.csv
2020-03-09 11:13:36,0.0,valve1,2.csv
2020-03-09 11:13:37,0.0,valve1,2.csv
2020-03-09 11:13:38,0.0,valve1,2.csv
2020-03-09 11:13:40,0.0,valve1,2.csv
2020-03-09 11:13:41,0.0,valve1,2.csv
2020-03-09 11:13:42,0.0,valve1,2.csv
2020-03-09 11:13:43,0.0,valve1,2.csv
2020-03-09 11:13:44,0.0,valve1,2.csv
2020-03-09 11:13:45,0.0,valve1,2.csv
2020-03-09 11:13:46,0.0,valve1,2.csv
2020-03-09 11:13:47,0.0,valve1,2.csv
2020-03-09 11:13:48,0.0,valve1,2.csv
2020-03-09 11:13:49,0.0,valve1,2.csv
2020-03-09 11:13:50,0.0,valve1,2.csv
2020-03-09 11:13:51,0.0,valve1,2.csv
2020-03-09 11:13:52,0.0,valve1,2.csv
2020-03-09 11:13:53,0.0,valve1,2.csv
2020-03-09 11:13:54,0.0,valve1,2.csv
2020-03-09 11:13:55,0.0,valve1,2.csv
2020-03-09 11:13:56,0.0,valve1,2.csv
2020-03-09 11:13:57,0.0,valve1,2.csv
2020-03-09 11:13:59,0.0,valve1,2.csv
2020-03-09 11:14:00,0.0,valve1,2.csv
2020-03-09 11:14:01,0.0,valve1,2.csv
2020-03-09 11:14:02,0.0,valve1,2.csv
2020-03-09 11:14:03,0.0,valve1,2.csv
2020-03-09 11:14:04,0.0,valve1,2.csv
2020-03-09 11:14:05,0.0,valve1,2.csv
2020-03-09 11:14:06,0.0,valve1,2.csv
2020-03-09 11:14:07,0.0,valve1,2.csv
2020-03-09 11:14:08,0.0,valve1,2.csv
2020-03-09 11:14:09,0.0,valve1,2.csv
2020-03-09 11:14:10,0.0,valve1,2.csv
2020-03-09 11:14:11,0.0,valve1,2.csv
2020-03-09 11:14:12,0.0,valve1,2.csv
2020-03-09 11:14:13,0.0,valve1,2.csv
2020-03-09 11:14:14,0.0,valve1,2.csv
2020-03-09 11:14:15,0.0,valve1,2.csv
2020-03-09 11:14:16,0.0,valve1,2.csv
2020-03-09 11:14:17,0.0,valve1,2.csv
2020-03-09 11:14:18,0.0,valve1,2.csv
2020-03-09 11:14:19,0.0,valve1,2.csv
2020-03-09 11:14:20,0.0,valve1,2.csv
2020-03-09 11:14:22,0.0,valve1,2.csv
2020-03-09 11:14:23,0.0,valve1,2.csv
2020-03-09 11:14:24,0.0,valve1,2.csv
2020-03-09 11:14:25,0.0,valve1,2.csv
2020-03-09 11:14:26,0.0,valve1,2.csv
2020-03-09 11:14:27,0.0,valve1,2.csv
2020-03-09 11:14:28,0.0,valve1,2.csv
2020-03-09 11:14:29,0.0,valve1,2.csv
2020-03-09 11:14:30,0.0,valve1,2.csv
2020-03-09 11:14:31,0.0,valve1,2.csv
2020-03-09 11:14:32,0.0,valve1,2.csv
2020-03-09 11:14:33,0.0,valve1,2.csv
2020-03-09 11:34:36,0.0,valve1,4.csv
2020-03-09 11:34:37,0.0,valve1,4.csv
2020-03-09 11:34:38,0.0,valve1,4.csv
2020-03-09 11:34:39,0.0,valve1,4.csv
2020-03-09 11:34:40,0.0,valve1,4.csv
2020-03-09 11:34:41,0.0,valve1,4.csv
2020-03-09 11:34:42,0.0,valve1,4.csv
2020-03-09 11:34:43,0.0,valve1,4.csv
2020-03-09 11:34:44,0.0,valve1,4.csv
2020-03-09 11:34:45,0.0,valve1,4.csv
2020-03-09 11:34:46,0.0,valve1,4.csv
2020-03-09 11:34:47,0.0,valve1,4.csv
2020-03-09 11:34:48,0.0,valve1,4.csv
2020-03-09 11:34:49,0.0,valve1,4.csv
2020-03-09 11:34:50,0.0,valve1,4.csv
2020-03-09 11:34:51,0.0,valve1,4.csv
2020-03-09 11:34:52,0.0,valve1,4.csv
2020-03-09 11:34:53,0.0,valve1,4.csv
2020-03-09 11:34:54,0.0,valve1,4.csv
2020-03-09 11:34:55,0.0,valve1,4.csv
2020-03-09 11:34:56,0.0,valve1,4.csv
2020-03-09 11:34:57,0.0,valve1,4.csv
2020-03-09 11:34:59,0.0,valve1,4.csv
2020-03-09 11:35:00,0.0,valve1,4.csv
2020-03-09 11:35:01,0.0,valve1,4.csv
2020-03-09 11:35:02,0.0,valve1,4.csv
2020-03-09 11:35:03,0.0,valve1,4.csv
2020-03-09 11:35:04,0.0,valve1,4.csv
2020-03-09 11:35:05,0.0,valve1,4.csv
2020-03-09 11:35:06,0.0,valve1,4.csv
2020-03-09 11:35:07,0.0,valve1,4.csv
2020-03-09 11:35:08,0.0,valve1,4.csv
2020-03-09 11:35:09,0.0,valve1,4.csv
2020-03-09 11:35:10,0.0,valve1,4.csv
2020-03-09 11:35:11,0.0,valve1,4.csv
2020-03-09 11:35:12,0.0,valve1,4.csv
2020-03-09 11:35:13,0.0,valve1,4.csv
2020-03-09 11:35:14,0.0,valve1,4.csv
2020-03-09 11:35:15,0.0,valve1,4.csv
2020-03-09 11:35:16,0.0,valve1,4.csv
2020-03-09 11:35:17,0.0,valve1,4.csv
2020-03-09 11:35:18,0.0,valve1,4.csv
2020-03-09 11:35:19,0.0,valve1,4.csv
2020-03-09 11:35:20,0.0,valve1,4.csv
2020-03-09 11:35:22,0.0,valve1,4.csv
2020-03-09 11:35:23,0.0,valve1,4.csv
2020-03-09 11:35:24,0.0,valve1,4.csv
2020-03-09 11:35:25,0.0,valve1,4.csv
2020-03-09 11:35:26,0.0,valve1,4.csv
2020-03-09 11:35:27,0.0,valve1,4.csv
2020-03-09 11:35:28,0.0,valve1,4.csv
2020-03-09 11:35:29,0.0,valve1,4.csv
2020-03-09 11:35:30,0.0,valve1,4.csv
2020-03-09 11:35:31,0.0,valve1,4.csv
2020-03-09 11:35:32,0.0,valve1,4.csv
2020-03-09 11:35:33,0.0,valve1,4.csv
2020-03-09 11:35:34,0.0,valve1,4.csv
2020-03-09 11:35:35,0.0,valve1,4.csv
2020-03-09 11:35:36,0.0,valve1,4.csv
2020-03-09 11:35:37,0.0,valve1,4.csv
2020-03-09 11:35:38,0.0,valve1,4.csv
2020-03-09 11:35:39,0.0,valve1,4.csv
2020-03-09 11:35:40,0.0,valve1,4.csv
2020-03-09 11:35:41,0.0,valve1,4.csv
2020-03-09 11:35:42,0.0,valve1,4.csv
2020-03-09 11:35:43,0.0,valve1,4.csv
2020-03-09 11:35:45,0.0,valve1,4.csv
2020-03-09 11:35:46,0.0,valve1,4.csv
2020-03-09 11:35:47,0.0,valve1,4.csv
2020-03-09 11:35:48,0.0,valve1,4.csv
2020-03-09 11:35:49,0.0,valve1,4.csv
2020-03-09 11:35:50,0.0,valve1,4.csv
2020-03-09 11:35:51,0.0,valve1,4.csv
2020-03-09 11:35:52,0.0,valve1,4.csv
2020-03-09 11:35:53,0.0,valve1,4.csv
2020-03-09 11:35:54,0.0,valve1,4.csv
2020-03-09 11:35:55,0.0,valve1,4.csv
2020-03-09 11:35:56,0.0,valve1,4.csv
2020-03-09 11:35:57,0.0,valve1,4.csv
2020-03-09 11:35:58,0.0,valve1,4.csv
2020-03-09 11:35:59,0.0,valve1,4.csv
2020-03-09 11:36:00,0.0,valve1,4.csv
2020-03-09 11:36:01,0.0,valve1,4.csv
2020-03-09 11:36:02,0.0,valve1,4.csv
2020-03-09 11:36:03,0.0,valve1,4.csv
2020-03-09 11:36:04,0.0,valve1,4.csv
2020-03-09 11:36:05,0.0,valve1,4.csv
2020-03-09 11:36:07,0.0,valve1,4.csv
2020-03-09 11:36:08,0.0,valve1,4.csv
2020-03-09 11:36:09,0.0,valve1,4.csv
2020-03-09 11:36:10,0.0,valve1,4.csv
2020-03-09 11:36:11,0.0,valve1,4.csv
2020-03-09 11:36:12,0.0,valve1,4.csv
2020-03-09 11:36:13,0.0,valve1,4.csv
2020-03-09 11:36:14,0.0,valve1,4.csv
2020-03-09 11:36:15,0.0,valve1,4.csv
2020-03-09 11:36:16,0.0,valve1,4.csv
2020-03-09 11:36:17,0.0,valve1,4.csv
2020-03-09 11:36:18,0.0,valve1,4.csv
2020-03-09 11:36:19,0.0,valve1,4.csv
2020-03-09 11:36:20,0.0,valve1,4.csv
2020-03-09 11:36:21,0.0,valve1,4.csv
2020-03-09 11:36:22,0.0,valve1,4.csv
2020-03-09 11:36:23,0.0,valve1,4.csv
2020-03-09 11:36:24,0.0,valve1,4.csv
2020-03-09 11:36:25,0.0,valve1,4.csv
2020-03-09 11:36:26,0.0,valve1,4.csv
2020-03-09 11:36:27,0.0,valve1,4.csv
2020-03-09 11:36:28,0.0,valve1,4.csv
2020-03-09 11:36:30,0.0,valve1,4.csv
2020-03-09 11:36:31,0.0,valve1,4.csv
2020-03-09 11:36:32,0.0,valve1,4.csv
2020-03-09 11:36:33,0.0,valve1,4.csv
2020-03-09 11:36:34,0.0,valve1,4.csv
2020-03-09 11:36:35,0.0,valve1,4.csv
2020-03-09 11:36:36,0.0,valve1,4.csv
2020-03-09 11:36:37,0.0,valve1,4.csv
2020-03-09 11:36:38,0.0,valve1,4.csv
2020-03-09 11:36:39,0.0,valve1,4.csv
2020-03-09 11:36:40,0.0,valve1,4.csv
2020-03-09 11:36:41,0.0,valve1,4.csv
2020-03-09 11:36:42,0.0,valve1,4.csv
2020-03-09 11:36:43,0.0,valve1,4.csv
2020-03-09 11:36:44,0.0,valve1,4.csv
2020-03-09 11:36:45,0.0,valve1,4.csv
2020-03-09 11:36:46,0.0,valve1,4.csv
2020-03-09 11:36:47,0.0,valve1,4.csv
2020-03-09 11:36:48,0.0,valve1,4.csv
2020-03-09 11:36:49,0.0,valve1,4.csv
2020-03-09 11:36:50,0.0,valve1,4.csv
2020-03-09 11:36:51,0.0,valve1,4.csv
2020-03-09 11:36:52,0.0,valve1,4.csv
2020-03-09 11:36:54,0.0,valve1,4.csv
2020-03-09 11:36:55,0.0,valve1,4.csv
2020-03-09 11:36:56,0.0,valve1,4.csv
2020-03-09 11:36:57,0.0,valve1,4.csv
2020-03-09 11:36:58,0.0,valve1,4.csv
2020-03-09 11:36:59,0.0,valve1,4.csv
2020-03-09 11:37:00,0.0,valve1,4.csv
2020-03-09 11:37:01,0.0,valve1,4.csv
2020-03-09 11:37:02,0.0,valve1,4.csv
2020-03-09 11:37:03,0.0,valve1,4.csv
2020-03-09 11:37:04,0.0,valve1,4.csv
2020-03-09 11:37:05,0.0,valve1,4.csv
2020-03-09 11:37:06,0.0,valve1,4.csv
2020-03-09 11:37:07,0.0,valve1,4.csv
2020-03-09 11:37:08,0.0,valve1,4.csv
2020-03-09 11:37:09,0.0,valve1,4.csv
2020-03-09 11:37:10,0.0,valve1,4.csv
2020-03-09 11:37:11,0.0,valve1,4.csv
2020-03-09 11:37:12,0.0,valve1,4.csv
2020-03-09 11:37:13,0.0,valve1,4.csv
2020-03-09 11:37:14,0.0,valve1,4.csv
2020-03-09 11:37:15,0.0,valve1,4.csv
2020-03-09 11:37:17,0.0,valve1,4.csv
2020-03-09 11:37:18,0.0,valve1,4.csv
2020-03-09 11:37:19,0.0,valve1,4.csv
2020-03-09 11:37:20,0.0,valve1,4.csv
2020-03-09 11:37:21,0.0,valve1,4.csv
2020-03-09 11:37:22,0.0,valve1,4.csv
2020-03-09 11:37:23,0.0,valve1,4.csv
2020-03-09 11:37:24,0.0,valve1,4.csv
2020-03-09 11:37:25,0.0,valve1,4.csv
2020-03-09 11:37:26,0.0,valve1,4.csv
2020-03-09 11:37:27,0.0,valve1,4.csv
2020-03-09 11:37:28,0.0,valve1,4.csv
2020-03-09 11:37:29,0.0,valve1,4.csv
2020-03-09 11:37:30,0.0,valve1,4.csv
2020-03-09 11:37:31,0.0,valve1,4.csv
2020-03-09 11:37:32,0.0,valve1,4.csv
2020-03-09 11:37:33,0.0,valve1,4.csv
2020-03-09 11:37:34,0.0,valve1,4.csv
2020-03-09 11:37:35,0.0,valve1,4.csv
2020-03-09 11:37:36,0.0,valve1,4.csv
2020-03-09 11:37:37,0.0,valve1,4.csv
2020-03-09 11:37:38,0.0,valve1,4.csv
2020-03-09 11:37:40,0.0,valve1,4.csv
2020-03-09 11:37:41,0.0,valve1,4.csv
2020-03-09 11:37:42,0.0,valve1,4.csv
2020-03-09 11:37:43,0.0,valve1,4.csv
2020-03-09 11:37:44,0.0,valve1,4.csv
2020-03-09 11:37:45,0.0,valve1,4.csv
2020-03-09 11:37:46,0.0,valve1,4.csv
2020-03-09 11:37:47,0.0,valve1,4.csv
2020-03-09 11:37:48,0.0,valve1,4.csv
2020-03-09 11:37:49,0.0,valve1,4.csv
2020-03-09 11:37:50,0.0,valve1,4.csv
2020-03-09 11:37:51,0.0,valve1,4.csv
2020-03-09 11:37:52,0.0,valve1,4.csv
2020-03-09 11:37:53,0.0,valve1,4.csv
2020-03-09 11:37:54,0.0,valve1,4.csv
2020-03-09 11:37:55,0.0,valve1,4.csv
2020-03-09 11:37:56,0.0,valve1,4.csv
2020-03-09 11:37:57,0.0,valve1,4.csv
2020-03-09 11:37:58,0.0,valve1,4.csv
2020-03-09 11:37:59,0.0,valve1,4.csv
2020-03-09 11:38:01,0.0,valve1,4.csv
2020-03-09 11:38:02,0.0,valve1,4.csv
2020-03-09 11:38:03,0.0,valve1,4.csv
2020-03-09 11:38:04,0.0,valve1,4.csv
2020-03-09 11:38:05,0.0,valve1,4.csv
2020-03-09 11:38:06,0.0,valve1,4.csv
2020-03-09 11:38:07,0.0,valve1,4.csv
2020-03-09 11:38:08,0.0,valve1,4.csv
2020-03-09 11:38:09,0.0,valve1,4.csv
2020-03-09 11:38:10,0.0,valve1,4.csv
2020-03-09 11:38:11,0.0,valve1,4.csv
2020-03-09 11:38:12,0.0,valve1,4.csv
2020-03-09 11:38:13,0.0,valve1,4.csv
2020-03-09 11:38:14,0.0,valve1,4.csv
2020-03-09 11:38:15,0.0,valve1,4.csv
2020-03-09 11:38:17,0.0,valve1,4.csv
2020-03-09 11:38:18,0.0,valve1,4.csv
2020-03-09 11:38:19,0.0,valve1,4.csv
2020-03-09 11:38:20,0.0,valve1,4.csv
2020-03-09 11:38:21,0.0,valve1,4.csv
2020-03-09 11:38:22,0.0,valve1,4.csv
2020-03-09 11:38:23,0.0,valve1,4.csv
2020-03-09 11:38:24,0.0,valve1,4.csv
2020-03-09 11:38:25,0.0,valve1,4.csv
2020-03-09 11:38:26,0.0,valve1,4.csv
2020-03-09 11:38:27,0.0,valve1,4.csv
2020-03-09 11:38:28,0.0,valve1,4.csv
2020-03-09 11:38:29,0.0,valve1,4.csv
2020-03-09 11:38:30,0.0,valve1,4.csv
2020-03-09 11:38:31,0.0,valve1,4.csv
2020-03-09 11:38:32,0.0,valve1,4.csv
2020-03-09 11:38:33,0.0,valve1,4.csv
2020-03-09 11:38:35,0.0,valve1,4.csv
2020-03-09 11:38:36,0.0,valve1,4.csv
2020-03-09 11:38:37,0.0,valve1,4.csv
2020-03-09 11:38:38,0.0,valve1,4.csv
2020-03-09 11:38:39,0.0,valve1,4.csv
2020-03-09 11:38:40,0.0,valve1,4.csv
2020-03-09 11:38:41,0.0,valve1,4.csv
2020-03-09 11:38:42,0.0,valve1,4.csv
2020-03-09 11:38:43,0.0,valve1,4.csv
2020-03-09 11:38:44,0.0,valve1,4.csv
2020-03-09 11:38:45,0.0,valve1,4.csv
2020-03-09 11:38:46,0.0,valve1,4.csv
2020-03-09 11:38:47,0.0,valve1,4.csv
2020-03-09 11:38:48,0.0,valve1,4.csv
2020-03-09 11:38:49,0.0,valve1,4.csv
2020-03-09 11:38:50,0.0,valve1,4.csv
2020-03-09 11:38:51,0.0,valve1,4.csv
2020-03-09 11:38:52,0.0,valve1,4.csv
2020-03-09 11:38:53,0.0,valve1,4.csv
2020-03-09 11:38:54,0.0,valve1,4.csv
2020-03-09 11:38:55,0.0,valve1,4.csv
2020-03-09 11:38:56,0.0,valve1,4.csv
2020-03-09 11:38:57,0.0,valve1,4.csv
2020-03-09 11:38:59,0.0,valve1,4.csv
2020-03-09 11:39:00,0.0,valve1,4.csv
2020-03-09 11:39:01,0.0,valve1,4.csv
2020-03-09 11:39:02,0.0,valve1,4.csv
2020-03-09 11:39:03,0.0,valve1,4.csv
2020-03-09 11:39:04,0.0,valve1,4.csv
2020-03-09 11:39:05,0.0,valve1,4.csv
2020-03-09 11:39:06,0.0,valve1,4.csv
2020-03-09 11:39:07,0.0,valve1,4.csv
2020-03-09 11:39:08,0.0,valve1,4.csv
2020-03-09 11:39:09,0.0,valve1,4.csv
2020-03-09 11:39:10,0.0,valve1,4.csv
2020-03-09 11:39:11,0.0,valve1,4.csv
2020-03-09 11:39:12,0.0,valve1,4.csv
2020-03-09 11:39:13,0.0,valve1,4.csv
2020-03-09 11:39:14,0.0,valve1,4.csv
2020-03-09 11:39:15,0.0,valve1,4.csv
2020-03-09 11:39:16,0.0,valve1,4.csv
2020-03-09 11:39:17,0.0,valve1,4.csv
2020-03-09 11:39:18,0.0,valve1,4.csv
2020-03-09 11:39:19,0.0,valve1,4.csv
2020-03-09 11:39:20,0.0,valve1,4.csv
2020-03-09 11:39:21,0.0,valve1,4.csv
2020-03-09 11:39:23,0.0,valve1,4.csv
2020-03-09 11:39:24,0.0,valve1,4.csv
2020-03-09 11:39:25,0.0,valve1,4.csv
2020-03-09 11:39:26,0.0,valve1,4.csv
2020-03-09 11:39:27,0.0,valve1,4.csv
2020-03-09 11:39:28,0.0,valve1,4.csv
2020-03-09 11:39:29,0.0,valve1,4.csv
2020-03-09 11:39:30,0.0,valve1,4.csv
2020-03-09 11:39:31,0.0,valve1,4.csv
2020-03-09 11:39:32,0.0,valve1,4.csv
2020-03-09 11:39:33,0.0,valve1,4.csv
2020-03-09 11:39:34,0.0,valve1,4.csv
2020-03-09 11:39:35,0.0,valve1,4.csv
2020-03-09 11:39:36,0.0,valve1,4.csv
2020-03-09 11:39:37,0.0,valve1,4.csv
2020-03-09 11:39:38,0.0,valve1,4.csv
2020-03-09 11:39:39,0.0,valve1,4.csv
2020-03-09 11:39:40,0.0,valve1,4.csv
2020-03-09 11:39:41,0.0,valve1,4.csv
2020-03-09 11:39:42,0.0,valve1,4.csv
2020-03-09 11:39:43,0.0,valve1,4.csv
2020-03-09 11:39:45,0.0,valve1,4.csv
2020-03-09 11:39:46,0.0,valve1,4.csv
2020-03-09 11:39:47,0.0,valve1,4.csv
2020-03-09 11:39:48,0.0,valve1,4.csv
2020-03-09 11:39:49,0.0,valve1,4.csv
2020-03-09 11:39:50,0.0,valve1,4.csv
2020-03-09 11:39:51,0.0,valve1,4.csv
2020-03-09 11:39:52,0.0,valve1,4.csv
2020-03-09 11:39:53,0.0,valve1,4.csv
2020-03-09 11:39:54,0.0,valve1,4.csv
2020-03-09 11:39:55,0.0,valve1,4.csv
2020-03-09 11:39:56,0.0,valve1,4.csv
2020-03-09 11:39:57,0.0,valve1,4.csv
2020-03-09 11:39:58,0.0,valve1,4.csv
2020-03-09 11:39:59,0.0,valve1,4.csv
2020-03-09 11:40:00,0.0,valve1,4.csv
2020-03-09 11:40:01,0.0,valve1,4.csv
2020-03-09 11:40:02,0.0,valve1,4.csv
2020-03-09 11:40:03,0.0,valve1,4.csv
2020-03-09 11:40:04,0.0,valve1,4.csv
2020-03-09 11:40:05,0.0,valve1,4.csv
2020-03-09 11:40:06,0.0,valve1,4.csv
2020-03-09 11:40:08,0.0,valve1,4.csv
2020-03-09 11:40:09,0.0,valve1,4.csv
2020-03-09 11:40:10,0.0,valve1,4.csv
2020-03-09 11:40:11,0.0,valve1,4.csv
2020-03-09 11:40:12,0.0,valve1,4.csv
2020-03-09 11:40:13,0.0,valve1,4.csv
2020-03-09 11:40:14,0.0,valve1,4.csv
2020-03-09 11:40:15,0.0,valve1,4.csv
2020-03-09 11:40:16,0.0,valve1,4.csv
2020-03-09 11:40:17,0.0,valve1,4.csv
2020-03-09 11:40:18,0.0,valve1,4.csv
2020-03-09 11:40:19,0.0,valve1,4.csv
2020-03-09 11:40:20,0.0,valve1,4.csv
2020-03-09 11:40:21,0.0,valve1,4.csv
2020-03-09 11:40:22,0.0,valve1,4.csv
2020-03-09 11:40:23,0.0,valve1,4.csv
2020-03-09 11:40:24,0.0,valve1,4.csv
2020-03-09 11:40:25,0.0,valve1,4.csv
2020-03-09 11:40:26,0.0,valve1,4.csv
2020-03-09 11:40:27,0.0,valve1,4.csv
2020-03-09 11:40:28,0.0,valve1,4.csv
2020-03-09 11:40:29,0.0,valve1,4.csv
2020-03-09 11:40:31,0.0,valve1,4.csv
2020-03-09 11:40:32,0.0,valve1,4.csv
2020-03-09 11:40:33,0.0,valve1,4.csv
2020-03-09 11:40:34,0.0,valve1,4.csv
2020-03-09 11:40:35,0.0,valve1,4.csv
2020-03-09 11:40:36,0.0,valve1,4.csv
2020-03-09 11:40:37,0.0,valve1,4.csv
2020-03-09 11:40:38,0.0,valve1,4.csv
2020-03-09 11:40:39,0.0,valve1,4.csv
2020-03-09 11:40:40,0.0,valve1,4.csv
2020-03-09 11:40:41,0.0,valve1,4.csv
2020-03-09 11:40:42,0.0,valve1,4.csv
2020-03-09 11:40:43,0.0,valve1,4.csv
2020-03-09 11:40:44,0.0,valve1,4.csv
2020-03-09 11:40:45,0.0,valve1,4.csv
2020-03-09 11:40:46,0.0,valve1,4.csv
2020-03-09 11:40:47,0.0,valve1,4.csv
2020-03-09 11:40:48,0.0,valve1,4.csv
2020-03-09 11:40:49,0.0,valve1,4.csv
2020-03-09 11:40:50,0.0,valve1,4.csv
2020-03-09 11:40:51,0.0,valve1,4.csv
2020-03-09 11:40:52,0.0,valve1,4.csv
2020-03-09 11:40:54,0.0,valve1,4.csv
2020-03-09 11:40:55,0.0,valve1,4.csv
2020-03-09 11:40:56,0.0,valve1,4.csv
2020-03-09 11:40:57,0.0,valve1,4.csv
2020-03-09 11:40:58,0.0,valve1,4.csv
2020-03-09 11:40:59,0.0,valve1,4.csv
2020-03-09 11:41:00,0.0,valve1,4.csv
2020-03-09 11:41:01,0.0,valve1,4.csv
2020-03-09 11:41:02,0.0,valve1,4.csv
2020-03-09 11:41:03,0.0,valve1,4.csv
2020-03-09 11:41:04,0.0,valve1,4.csv
2020-03-09 11:41:05,0.0,valve1,4.csv
2020-03-09 11:41:06,0.0,valve1,4.csv
2020-03-09 11:41:07,0.0,valve1,4.csv
2020-03-09 11:41:08,0.0,valve1,4.csv
2020-03-09 11:41:09,0.0,valve1,4.csv
2020-03-09 11:41:10,0.0,valve1,4.csv
2020-03-09 11:41:11,0.0,valve1,4.csv
2020-03-09 11:41:12,0.0,valve1,4.csv
2020-03-09 11:41:13,0.0,valve1,4.csv
2020-03-09 11:41:14,0.0,valve1,4.csv
2020-03-09 11:41:16,0.0,valve1,4.csv
2020-03-09 11:41:17,0.0,valve1,4.csv
2020-03-09 11:41:18,0.0,valve1,4.csv
2020-03-09 11:41:19,0.0,valve1,4.csv
2020-03-09 11:41:20,0.0,valve1,4.csv
2020-03-09 11:41:21,0.0,valve1,4.csv
2020-03-09 11:41:22,0.0,valve1,4.csv
2020-03-09 11:41:23,0.0,valve1,4.csv
2020-03-09 11:41:24,0.0,valve1,4.csv
2020-03-09 11:41:25,0.0,valve1,4.csv
2020-03-09 11:41:26,0.0,valve1,4.csv
2020-03-09 11:41:27,0.0,valve1,4.csv
2020-03-09 11:41:28,0.0,valve1,4.csv
2020-03-09 11:41:29,0.0,valve1,4.csv
2020-03-09 11:41:30,0.0,valve1,4.csv
2020-03-09 11:41:31,0.0,valve1,4.csv
2020-03-09 11:41:32,0.0,valve1,4.csv
2020-03-09 11:41:33,0.0,valve1,4.csv
2020-03-09 11:41:34,0.0,valve1,4.csv
2020-03-09 11:41:35,0.0,valve1,4.csv
2020-03-09 11:41:36,0.0,valve1,4.csv
2020-03-09 11:41:38,0.0,valve1,4.csv
2020-03-09 11:41:39,0.0,valve1,4.csv
2020-03-09 11:41:40,0.0,valve1,4.csv
2020-03-09 11:41:41,0.0,valve1,4.csv
2020-03-09 11:41:42,0.0,valve1,4.csv
2020-03-09 11:41:43,0.0,valve1,4.csv
2020-03-09 11:41:44,0.0,valve1,4.csv
2020-03-09 11:41:45,0.0,valve1,4.csv
2020-03-09 11:41:46,0.0,valve1,4.csv
2020-03-09 11:41:47,0.0,valve1,4.csv
2020-03-09 11:41:48,0.0,valve1,4.csv
2020-03-09 11:41:49,0.0,valve1,4.csv
2020-03-09 11:41:50,0.0,valve1,4.csv
2020-03-09 11:41:51,0.0,valve1,4.csv
2020-03-09 11:41:52,0.0,valve1,4.csv
2020-03-09 11:41:53,0.0,valve1,4.csv
2020-03-09 11:41:54,0.0,valve1,4.csv
2020-03-09 11:41:55,0.0,valve1,4.csv
2020-03-09 11:41:56,0.0,valve1,4.csv
2020-03-09 11:41:57,0.0,valve1,4.csv
2020-03-09 11:41:59,0.0,valve1,4.csv
2020-03-09 11:42:00,0.0,valve1,4.csv
2020-03-09 11:42:01,0.0,valve1,4.csv
2020-03-09 11:42:02,0.0,valve1,4.csv
2020-03-09 11:42:03,0.0,valve1,4.csv
2020-03-09 11:42:04,0.0,valve1,4.csv
2020-03-09 11:42:05,0.0,valve1,4.csv
2020-03-09 11:42:06,0.0,valve1,4.csv
2020-03-09 11:42:07,0.0,valve1,4.csv
2020-03-09 11:42:08,0.0,valve1,4.csv
2020-03-09 11:42:09,0.0,valve1,4.csv
2020-03-09 11:42:10,0.0,valve1,4.csv
2020-03-09 11:42:11,0.0,valve1,4.csv
2020-03-09 11:42:12,0.0,valve1,4.csv
2020-03-09 11:42:13,0.0,valve1,4.csv
2020-03-09 11:42:14,0.0,valve1,4.csv
2020-03-09 11:42:15,0.0,valve1,4.csv
2020-03-09 11:42:16,0.0,valve1,4.csv
2020-03-09 11:42:17,0.0,valve1,4.csv
2020-03-09 11:42:18,0.0,valve1,4.csv
2020-03-09 11:42:19,0.0,valve1,4.csv
2020-03-09 11:42:21,0.0,valve1,4.csv
2020-03-09 11:42:22,0.0,valve1,4.csv
2020-03-09 11:42:23,0.0,valve1,4.csv
2020-03-09 11:42:24,0.0,valve1,4.csv
2020-03-09 11:42:25,0.0,valve1,4.csv
2020-03-09 11:42:26,0.0,valve1,4.csv
2020-03-09 11:42:27,0.0,valve1,4.csv
2020-03-09 11:42:28,0.0,valve1,4.csv
2020-03-09 11:42:29,0.0,valve1,4.csv
2020-03-09 11:42:30,0.0,valve1,4.csv
2020-03-09 11:42:31,0.0,valve1,4.csv
2020-03-09 11:42:32,0.0,valve1,4.csv
2020-03-09 11:42:33,0.0,valve1,4.csv
2020-03-09 11:42:34,0.0,valve1,4.csv
2020-03-09 11:42:35,0.0,valve1,4.csv
2020-03-09 11:42:36,0.0,valve1,4.csv
2020-03-09 11:42:37,0.0,valve1,4.csv
2020-03-09 11:42:38,0.0,valve1,4.csv
2020-03-09 11:42:39,0.0,valve1,4.csv
2020-03-09 11:42:40,0.0,valve1,4.csv
2020-03-09 11:42:41,0.0,valve1,4.csv
2020-03-09 11:42:43,0.0,valve1,4.csv
2020-03-09 11:42:44,0.0,valve1,4.csv
2020-03-09 11:42:45,0.0,valve1,4.csv
2020-03-09 11:42:46,0.0,valve1,4.csv
2020-03-09 11:42:47,0.0,valve1,4.csv
2020-03-09 11:42:48,0.0,valve1,4.csv
2020-03-09 11:42:49,0.0,valve1,4.csv
2020-03-09 11:42:50,0.0,valve1,4.csv
2020-03-09 11:42:51,0.0,valve1,4.csv
2020-03-09 11:42:52,0.0,valve1,4.csv
2020-03-09 11:42:53,0.0,valve1,4.csv
2020-03-09 11:42:54,0.0,valve1,4.csv
2020-03-09 11:42:55,0.0,valve1,4.csv
2020-03-09 11:42:56,0.0,valve1,4.csv
2020-03-09 11:42:57,0.0,valve1,4.csv
2020-03-09 11:42:58,0.0,valve1,4.csv
2020-03-09 11:42:59,0.0,valve1,4.csv
2020-03-09 11:43:00,0.0,valve1,4.csv
2020-03-09 11:43:01,0.0,valve1,4.csv
2020-03-09 11:43:02,0.0,valve1,4.csv
2020-03-09 11:43:03,0.0,valve1,4.csv
2020-03-09 11:43:04,0.0,valve1,4.csv
2020-03-09 11:43:06,0.0,valve1,4.csv
2020-03-09 11:43:07,0.0,valve1,4.csv
2020-03-09 11:43:08,0.0,valve1,4.csv
2020-03-09 11:43:09,0.0,valve1,4.csv
2020-03-09 11:43:10,0.0,valve1,4.csv
2020-03-09 11:43:11,0.0,valve1,4.csv
2020-03-09 11:43:12,0.0,valve1,4.csv
2020-03-09 11:43:13,0.0,valve1,4.csv
2020-03-09 11:43:14,0.0,valve1,4.csv
2020-03-09 11:43:15,0.0,valve1,4.csv
2020-03-09 11:43:16,0.0,valve1,4.csv
2020-03-09 11:43:17,0.0,valve1,4.csv
2020-03-09 11:43:18,0.0,valve1,4.csv
2020-03-09 11:43:19,0.0,valve1,4.csv
2020-03-09 11:43:20,0.0,valve1,4.csv
2020-03-09 11:43:21,0.0,valve1,4.csv
2020-03-09 11:43:22,0.0,valve1,4.csv
2020-03-09 11:43:23,0.0,valve1,4.csv
2020-03-09 11:43:24,0.0,valve1,4.csv
2020-03-09 11:43:25,0.0,valve1,4.csv
2020-03-09 11:43:26,0.0,valve1,4.csv
2020-03-09 11:43:27,0.0,valve1,4.csv
2020-03-09 11:43:28,0.0,valve1,4.csv
2020-03-09 11:43:30,0.0,valve1,4.csv
2020-03-09 11:43:31,0.0,valve1,4.csv
2020-03-09 11:43:32,0.0,valve1,4.csv
2020-03-09 11:43:33,0.0,valve1,4.csv
2020-03-09 11:43:34,0.0,valve1,4.csv
2020-03-09 11:43:35,0.0,valve1,4.csv
2020-03-09 11:43:36,0.0,valve1,4.csv
2020-03-09 11:43:37,0.0,valve1,4.csv
2020-03-09 11:43:38,0.0,valve1,4.csv
2020-03-09 11:43:39,0.0,valve1,4.csv
2020-03-09 11:43:40,0.0,valve1,4.csv
2020-03-09 11:43:41,0.0,valve1,4.csv
2020-03-09 11:43:42,0.0,valve1,4.csv
2020-03-09 11:43:43,0.0,valve1,4.csv
2020-03-09 11:43:44,0.0,valve1,4.csv
2020-03-09 11:43:45,0.0,valve1,4.csv
2020-03-09 11:43:46,0.0,valve1,4.csv
2020-03-09 11:43:47,0.0,valve1,4.csv
2020-03-09 11:43:48,0.0,valve1,4.csv
2020-03-09 11:43:49,0.0,valve1,4.csv
2020-03-09 11:43:51,0.0,valve1,4.csv
2020-03-09 11:43:52,0.0,valve1,4.csv
2020-03-09 11:43:53,0.0,valve1,4.csv
2020-03-09 11:43:54,0.0,valve1,4.csv
2020-03-09 11:43:55,0.0,valve1,4.csv
2020-03-09 11:43:56,0.0,valve1,4.csv
2020-03-09 11:43:57,0.0,valve1,4.csv
2020-03-09 11:43:58,0.0,valve1,4.csv
2020-03-09 11:43:59,0.0,valve1,4.csv
2020-03-09 11:44:00,0.0,valve1,4.csv
2020-03-09 11:44:01,0.0,valve1,4.csv
2020-03-09 11:44:02,0.0,valve1,4.csv
2020-03-09 11:44:03,0.0,valve1,4.csv
2020-03-09 11:44:04,0.0,valve1,4.csv
2020-03-09 11:44:05,0.0,valve1,4.csv
2020-03-09 11:44:06,0.0,valve1,4.csv
2020-03-09 11:44:07,0.0,valve1,4.csv
2020-03-09 11:44:08,0.0,valve1,4.csv
2020-03-09 11:44:09,0.0,valve1,4.csv
2020-03-09 11:44:10,0.0,valve1,4.csv
2020-03-09 11:44:12,0.0,valve1,4.csv
2020-03-09 11:44:13,0.0,valve1,4.csv
2020-03-09 11:44:14,0.0,valve1,4.csv
2020-03-09 11:44:15,0.0,valve1,4.csv
2020-03-09 11:44:16,0.0,valve1,4.csv
2020-03-09 11:44:17,0.0,valve1,4.csv
2020-03-09 11:44:18,0.0,valve1,4.csv
2020-03-09 11:44:19,0.0,valve1,4.csv
2020-03-09 11:44:20,0.0,valve1,4.csv
2020-03-09 11:44:21,0.0,valve1,4.csv
2020-03-09 11:44:22,0.0,valve1,4.csv
2020-03-09 11:44:23,0.0,valve1,4.csv
2020-03-09 11:44:24,0.0,valve1,4.csv
2020-03-09 11:44:25,0.0,valve1,4.csv
2020-03-09 11:44:26,0.0,valve1,4.csv
2020-03-09 11:44:27,0.0,valve1,4.csv
2020-03-09 11:44:28,0.0,valve1,4.csv
2020-03-09 11:44:29,0.0,valve1,4.csv
2020-03-09 11:44:30,0.0,valve1,4.csv
2020-03-09 11:44:31,0.0,valve1,4.csv
2020-03-09 11:44:32,0.0,valve1,4.csv
2020-03-09 11:44:33,0.0,valve1,4.csv
2020-03-09 11:44:35,0.0,valve1,4.csv
2020-03-09 11:44:36,1.0,valve1,4.csv
2020-03-09 11:44:37,0.0,valve1,4.csv
2020-03-09 11:44:38,0.0,valve1,4.csv
2020-03-09 11:44:39,0.0,valve1,4.csv
2020-03-09 11:44:40,0.0,valve1,4.csv
2020-03-09 11:44:41,0.0,valve1,4.csv
2020-03-09 11:44:42,0.0,valve1,4.csv
2020-03-09 11:44:43,0.0,valve1,4.csv
2020-03-09 11:44:44,0.0,valve1,4.csv
2020-03-09 11:44:45,0.0,valve1,4.csv
2020-03-09 11:44:46,0.0,valve1,4.csv
2020-03-09 11:44:47,0.0,valve1,4.csv
2020-03-09 11:44:48,0.0,valve1,4.csv
2020-03-09 11:44:49,0.0,valve1,4.csv
2020-03-09 11:44:50,0.0,valve1,4.csv
2020-03-09 11:44:51,0.0,valve1,4.csv
2020-03-09 11:44:52,0.0,valve1,4.csv
2020-03-09 11:44:53,0.0,valve1,4.csv
2020-03-09 11:44:54,0.0,valve1,4.csv
2020-03-09 11:44:55,0.0,valve1,4.csv
2020-03-09 11:44:56,0.0,valve1,4.csv
2020-03-09 11:44:57,0.0,valve1,4.csv
2020-03-09 11:44:59,0.0,valve1,4.csv
2020-03-09 11:45:00,0.0,valve1,4.csv
2020-03-09 11:45:01,0.0,valve1,4.csv
2020-03-09 11:45:02,0.0,valve1,4.csv
2020-03-09 11:45:03,0.0,valve1,4.csv
2020-03-09 11:45:04,0.0,valve1,4.csv
2020-03-09 11:45:05,0.0,valve1,4.csv
2020-03-09 11:45:06,0.0,valve1,4.csv
2020-03-09 11:45:07,0.0,valve1,4.csv
2020-03-09 11:45:08,0.0,valve1,4.csv
2020-03-09 11:45:09,0.0,valve1,4.csv
2020-03-09 11:45:10,0.0,valve1,4.csv
2020-03-09 11:45:11,0.0,valve1,4.csv
2020-03-09 11:45:12,0.0,valve1,4.csv
2020-03-09 11:45:13,0.0,valve1,4.csv
2020-03-09 11:45:14,0.0,valve1,4.csv
2020-03-09 11:45:15,0.0,valve1,4.csv
2020-03-09 11:45:16,0.0,valve1,4.csv
2020-03-09 11:45:17,0.0,valve1,4.csv
2020-03-09 11:45:18,0.0,valve1,4.csv
2020-03-09 11:45:19,0.0,valve1,4.csv
2020-03-09 11:45:20,0.0,valve1,4.csv
2020-03-09 11:45:21,0.0,valve1,4.csv
2020-03-09 11:45:22,0.0,valve1,4.csv
2020-03-09 11:45:24,0.0,valve1,4.csv
2020-03-09 11:45:25,0.0,valve1,4.csv
2020-03-09 11:45:26,0.0,valve1,4.csv
2020-03-09 11:45:27,0.0,valve1,4.csv
2020-03-09 11:45:28,0.0,valve1,4.csv
2020-03-09 11:45:29,0.0,valve1,4.csv
2020-03-09 11:45:30,0.0,valve1,4.csv
2020-03-09 11:45:31,0.0,valve1,4.csv
2020-03-09 11:45:32,0.0,valve1,4.csv
2020-03-09 11:45:33,0.0,valve1,4.csv
2020-03-09 11:45:34,0.0,valve1,4.csv
2020-03-09 11:45:35,0.0,valve1,4.csv
2020-03-09 11:45:36,1.0,valve1,4.csv
2020-03-09 11:45:38,0.0,valve1,4.csv
2020-03-09 11:45:39,0.0,valve1,4.csv
2020-03-09 11:45:40,0.0,valve1,4.csv
2020-03-09 11:45:41,0.0,valve1,4.csv
2020-03-09 11:45:42,0.0,valve1,4.csv
2020-03-09 11:45:43,0.0,valve1,4.csv
2020-03-09 11:46:37,0.0,valve1,4.csv
2020-03-09 11:46:38,0.0,valve1,4.csv
2020-03-09 11:46:39,0.0,valve1,4.csv
2020-03-09 11:46:40,0.0,valve1,4.csv
2020-03-09 11:46:42,0.0,valve1,4.csv
2020-03-09 11:46:43,0.0,valve1,4.csv
2020-03-09 11:46:44,0.0,valve1,4.csv
2020-03-09 11:46:45,0.0,valve1,4.csv
2020-03-09 11:46:46,0.0,valve1,4.csv
2020-03-09 11:46:47,0.0,valve1,4.csv
2020-03-09 11:46:48,0.0,valve1,4.csv
2020-03-09 11:46:49,0.0,valve1,4.csv
2020-03-09 11:46:50,0.0,valve1,4.csv
2020-03-09 11:46:51,0.0,valve1,4.csv
2020-03-09 11:46:52,0.0,valve1,4.csv
2020-03-09 11:46:53,0.0,valve1,4.csv
2020-03-09 11:46:54,0.0,valve1,4.csv
2020-03-09 11:46:55,0.0,valve1,4.csv
2020-03-09 11:46:56,0.0,valve1,4.csv
2020-03-09 11:46:57,0.0,valve1,4.csv
2020-03-09 11:46:58,0.0,valve1,4.csv
2020-03-09 11:46:59,0.0,valve1,4.csv
2020-03-09 11:47:00,0.0,valve1,4.csv
2020-03-09 11:47:01,0.0,valve1,4.csv
2020-03-09 11:47:03,0.0,valve1,4.csv
2020-03-09 11:47:04,0.0,valve1,4.csv
2020-03-09 11:47:05,0.0,valve1,4.csv
2020-03-09 11:47:06,0.0,valve1,4.csv
2020-03-09 11:47:07,0.0,valve1,4.csv
2020-03-09 11:47:08,0.0,valve1,4.csv
2020-03-09 11:47:09,0.0,valve1,4.csv
2020-03-09 11:47:10,0.0,valve1,4.csv
2020-03-09 11:47:11,0.0,valve1,4.csv
2020-03-09 11:47:12,0.0,valve1,4.csv
2020-03-09 11:47:13,0.0,valve1,4.csv
2020-03-09 11:47:14,0.0,valve1,4.csv
2020-03-09 11:47:15,0.0,valve1,4.csv
2020-03-09 11:47:16,0.0,valve1,4.csv
2020-03-09 11:47:17,0.0,valve1,4.csv
2020-03-09 11:47:18,0.0,valve1,4.csv
2020-03-09 11:47:19,0.0,valve1,4.csv
2020-03-09 11:47:20,0.0,valve1,4.csv
2020-03-09 11:47:21,0.0,valve1,4.csv
2020-03-09 11:47:22,0.0,valve1,4.csv
2020-03-09 11:47:24,0.0,valve1,4.csv
2020-03-09 11:47:25,0.0,valve1,4.csv
2020-03-09 11:47:26,0.0,valve1,4.csv
2020-03-09 11:47:27,0.0,valve1,4.csv
2020-03-09 11:47:28,0.0,valve1,4.csv
2020-03-09 11:47:29,0.0,valve1,4.csv
2020-03-09 11:47:30,0.0,valve1,4.csv
2020-03-09 11:47:31,0.0,valve1,4.csv
2020-03-09 11:47:32,0.0,valve1,4.csv
2020-03-09 11:47:33,0.0,valve1,4.csv
2020-03-09 11:47:34,0.0,valve1,4.csv
2020-03-09 11:47:35,0.0,valve1,4.csv
2020-03-09 11:47:36,0.0,valve1,4.csv
2020-03-09 11:47:37,0.0,valve1,4.csv
2020-03-09 11:47:38,0.0,valve1,4.csv
2020-03-09 11:47:39,0.0,valve1,4.csv
2020-03-09 11:47:40,0.0,valve1,4.csv
2020-03-09 11:47:41,0.0,valve1,4.csv
2020-03-09 11:47:42,0.0,valve1,4.csv
2020-03-09 11:47:43,0.0,valve1,4.csv
2020-03-09 11:47:44,0.0,valve1,4.csv
2020-03-09 11:47:45,0.0,valve1,4.csv
2020-03-09 11:47:47,0.0,valve1,4.csv
2020-03-09 11:47:48,0.0,valve1,4.csv
2020-03-09 11:47:49,0.0,valve1,4.csv
2020-03-09 11:47:50,0.0,valve1,4.csv
2020-03-09 11:47:51,0.0,valve1,4.csv
2020-03-09 11:47:52,0.0,valve1,4.csv
2020-03-09 11:47:53,0.0,valve1,4.csv
2020-03-09 11:47:54,0.0,valve1,4.csv
2020-03-09 11:47:55,0.0,valve1,4.csv
2020-03-09 11:47:56,0.0,valve1,4.csv
2020-03-09 11:47:57,0.0,valve1,4.csv
2020-03-09 11:47:58,0.0,valve1,4.csv
2020-03-09 11:47:59,0.0,valve1,4.csv
2020-03-09 11:48:00,0.0,valve1,4.csv
2020-03-09 11:48:01,0.0,valve1,4.csv
2020-03-09 11:48:02,0.0,valve1,4.csv
2020-03-09 11:48:03,0.0,valve1,4.csv
2020-03-09 11:48:04,0.0,valve1,4.csv
2020-03-09 11:48:05,0.0,valve1,4.csv
2020-03-09 11:48:07,0.0,valve1,4.csv
2020-03-09 11:48:08,0.0,valve1,4.csv
2020-03-09 11:48:09,0.0,valve1,4.csv
2020-03-09 11:48:10,0.0,valve1,4.csv
2020-03-09 11:48:11,0.0,valve1,4.csv
2020-03-09 11:48:12,0.0,valve1,4.csv
2020-03-09 11:48:13,0.0,valve1,4.csv
2020-03-09 11:48:14,0.0,valve1,4.csv
2020-03-09 11:48:15,0.0,valve1,4.csv
2020-03-09 11:48:17,0.0,valve1,4.csv
2020-03-09 11:48:18,0.0,valve1,4.csv
2020-03-09 11:48:19,0.0,valve1,4.csv
2020-03-09 11:48:20,0.0,valve1,4.csv
2020-03-09 11:48:21,0.0,valve1,4.csv
2020-03-09 11:48:22,0.0,valve1,4.csv
2020-03-09 11:48:23,0.0,valve1,4.csv
2020-03-09 11:48:24,0.0,valve1,4.csv
2020-03-09 11:48:25,0.0,valve1,4.csv
2020-03-09 11:48:26,0.0,valve1,4.csv
2020-03-09 11:48:27,0.0,valve1,4.csv
2020-03-09 11:48:28,0.0,valve1,4.csv
2020-03-09 11:48:29,0.0,valve1,4.csv
2020-03-09 11:48:30,0.0,valve1,4.csv
2020-03-09 11:48:31,0.0,valve1,4.csv
2020-03-09 11:48:32,0.0,valve1,4.csv
2020-03-09 11:48:33,0.0,valve1,4.csv
2020-03-09 11:48:34,0.0,valve1,4.csv
2020-03-09 11:48:36,0.0,valve1,4.csv
2020-03-09 11:48:37,0.0,valve1,4.csv
2020-03-09 11:48:38,0.0,valve1,4.csv
2020-03-09 11:48:39,0.0,valve1,4.csv
2020-03-09 11:48:40,0.0,valve1,4.csv
2020-03-09 11:48:41,0.0,valve1,4.csv
2020-03-09 11:48:42,0.0,valve1,4.csv
2020-03-09 11:48:43,0.0,valve1,4.csv
2020-03-09 11:48:44,0.0,valve1,4.csv
2020-03-09 11:48:45,0.0,valve1,4.csv
2020-03-09 11:48:46,0.0,valve1,4.csv
2020-03-09 11:48:47,0.0,valve1,4.csv
2020-03-09 11:48:48,0.0,valve1,4.csv
2020-03-09 11:48:49,0.0,valve1,4.csv
2020-03-09 11:48:50,0.0,valve1,4.csv
2020-03-09 11:48:51,0.0,valve1,4.csv
2020-03-09 11:48:52,0.0,valve1,4.csv
2020-03-09 11:48:53,0.0,valve1,4.csv
2020-03-09 11:48:54,0.0,valve1,4.csv
2020-03-09 11:48:56,0.0,valve1,4.csv
2020-03-09 11:48:57,0.0,valve1,4.csv
2020-03-09 11:48:58,0.0,valve1,4.csv
2020-03-09 11:48:59,0.0,valve1,4.csv
2020-03-09 11:49:00,0.0,valve1,4.csv
2020-03-09 11:49:01,0.0,valve1,4.csv
2020-03-09 11:49:02,0.0,valve1,4.csv
2020-03-09 11:49:03,0.0,valve1,4.csv
2020-03-09 11:49:04,0.0,valve1,4.csv
2020-03-09 11:49:05,0.0,valve1,4.csv
2020-03-09 11:49:06,0.0,valve1,4.csv
2020-03-09 11:49:07,0.0,valve1,4.csv
2020-03-09 11:49:08,0.0,valve1,4.csv
2020-03-09 11:49:09,0.0,valve1,4.csv
2020-03-09 11:49:10,0.0,valve1,4.csv
2020-03-09 11:49:12,0.0,valve1,4.csv
2020-03-09 11:49:13,0.0,valve1,4.csv
2020-03-09 11:49:14,0.0,valve1,4.csv
2020-03-09 11:49:15,0.0,valve1,4.csv
2020-03-09 11:49:16,0.0,valve1,4.csv
2020-03-09 11:49:17,0.0,valve1,4.csv
2020-03-09 11:49:18,0.0,valve1,4.csv
2020-03-09 11:49:19,0.0,valve1,4.csv
2020-03-09 11:49:20,0.0,valve1,4.csv
2020-03-09 11:49:21,0.0,valve1,4.csv
2020-03-09 11:49:22,0.0,valve1,4.csv
2020-03-09 11:49:23,0.0,valve1,4.csv
2020-03-09 11:49:24,0.0,valve1,4.csv
2020-03-09 11:49:25,0.0,valve1,4.csv
2020-03-09 11:49:26,0.0,valve1,4.csv
2020-03-09 11:49:27,0.0,valve1,4.csv
2020-03-09 11:49:28,0.0,valve1,4.csv
2020-03-09 11:49:29,0.0,valve1,4.csv
2020-03-09 11:49:30,0.0,valve1,4.csv
2020-03-09 11:49:31,0.0,valve1,4.csv
2020-03-09 11:49:32,0.0,valve1,4.csv
2020-03-09 11:49:33,0.0,valve1,4.csv
2020-03-09 11:49:34,0.0,valve1,4.csv
2020-03-09 11:49:35,0.0,valve1,4.csv
2020-03-09 11:49:37,0.0,valve1,4.csv
2020-03-09 11:49:38,0.0,valve1,4.csv
2020-03-09 11:49:39,0.0,valve1,4.csv
2020-03-09 11:49:40,0.0,valve1,4.csv
2020-03-09 11:49:41,0.0,valve1,4.csv
2020-03-09 11:49:42,0.0,valve1,4.csv
2020-03-09 11:49:43,0.0,valve1,4.csv
2020-03-09 11:49:44,0.0,valve1,4.csv
2020-03-09 11:49:45,0.0,valve1,4.csv
2020-03-09 11:49:46,0.0,valve1,4.csv
2020-03-09 11:49:47,0.0,valve1,4.csv
2020-03-09 11:49:48,0.0,valve1,4.csv
2020-03-09 11:49:49,0.0,valve1,4.csv
2020-03-09 11:49:50,0.0,valve1,4.csv
2020-03-09 11:49:51,0.0,valve1,4.csv
2020-03-09 11:49:52,0.0,valve1,4.csv
2020-03-09 11:49:53,0.0,valve1,4.csv
2020-03-09 11:49:54,0.0,valve1,4.csv
2020-03-09 11:49:55,0.0,valve1,4.csv
2020-03-09 11:49:56,0.0,valve1,4.csv
2020-03-09 11:49:57,0.0,valve1,4.csv
2020-03-09 11:49:58,0.0,valve1,4.csv
2020-03-09 11:50:00,0.0,valve1,4.csv
2020-03-09 11:50:01,0.0,valve1,4.csv
2020-03-09 11:50:02,0.0,valve1,4.csv
2020-03-09 11:50:03,0.0,valve1,4.csv
2020-03-09 11:50:04,0.0,valve1,4.csv
2020-03-09 11:50:05,0.0,valve1,4.csv
2020-03-09 11:50:06,0.0,valve1,4.csv
2020-03-09 11:50:07,0.0,valve1,4.csv
2020-03-09 11:50:08,0.0,valve1,4.csv
2020-03-09 11:50:09,0.0,valve1,4.csv
2020-03-09 11:50:10,0.0,valve1,4.csv
2020-03-09 11:50:11,0.0,valve1,4.csv
2020-03-09 11:50:12,0.0,valve1,4.csv
2020-03-09 11:50:13,0.0,valve1,4.csv
2020-03-09 11:50:14,0.0,valve1,4.csv
2020-03-09 11:50:15,0.0,valve1,4.csv
2020-03-09 11:50:16,0.0,valve1,4.csv
2020-03-09 11:50:17,0.0,valve1,4.csv
2020-03-09 11:50:18,0.0,valve1,4.csv
2020-03-09 11:50:19,0.0,valve1,4.csv
2020-03-09 11:50:20,0.0,valve1,4.csv
2020-03-09 11:50:21,0.0,valve1,4.csv
2020-03-09 11:50:22,0.0,valve1,4.csv
2020-03-09 11:50:23,0.0,valve1,4.csv
2020-03-09 11:50:25,0.0,valve1,4.csv
2020-03-09 11:50:26,0.0,valve1,4.csv
2020-03-09 11:50:27,0.0,valve1,4.csv
2020-03-09 11:50:28,0.0,valve1,4.csv
2020-03-09 11:50:29,0.0,valve1,4.csv
2020-03-09 11:50:30,0.0,valve1,4.csv
2020-03-09 11:50:31,0.0,valve1,4.csv
2020-03-09 11:50:32,0.0,valve1,4.csv
2020-03-09 11:50:33,0.0,valve1,4.csv
2020-03-09 11:50:34,0.0,valve1,4.csv
2020-03-09 11:50:35,0.0,valve1,4.csv
2020-03-09 11:50:36,1.0,valve1,4.csv
2020-03-09 11:50:37,0.0,valve1,4.csv
2020-03-09 11:50:38,0.0,valve1,4.csv
2020-03-09 11:50:39,0.0,valve1,4.csv
2020-03-09 11:50:40,0.0,valve1,4.csv
2020-03-09 11:50:41,0.0,valve1,4.csv
2020-03-09 11:50:42,0.0,valve1,4.csv
2020-03-09 11:50:43,0.0,valve1,4.csv
2020-03-09 11:50:44,0.0,valve1,4.csv
2020-03-09 11:50:45,0.0,valve1,4.csv
2020-03-09 11:50:46,0.0,valve1,4.csv
2020-03-09 11:50:47,0.0,valve1,4.csv
2020-03-09 11:50:49,0.0,valve1,4.csv
2020-03-09 11:50:50,0.0,valve1,4.csv
2020-03-09 11:50:51,0.0,valve1,4.csv
2020-03-09 11:50:52,0.0,valve1,4.csv
2020-03-09 11:50:53,0.0,valve1,4.csv
2020-03-09 11:50:54,0.0,valve1,4.csv
2020-03-09 11:50:55,0.0,valve1,4.csv
2020-03-09 11:50:56,0.0,valve1,4.csv
2020-03-09 11:50:57,0.0,valve1,4.csv
2020-03-09 11:50:58,0.0,valve1,4.csv
2020-03-09 11:50:59,0.0,valve1,4.csv
2020-03-09 11:51:00,0.0,valve1,4.csv
2020-03-09 11:51:01,0.0,valve1,4.csv
2020-03-09 11:51:02,0.0,valve1,4.csv
2020-03-09 11:51:03,0.0,valve1,4.csv
2020-03-09 11:51:04,0.0,valve1,4.csv
2020-03-09 11:51:05,0.0,valve1,4.csv
2020-03-09 11:51:06,0.0,valve1,4.csv
2020-03-09 11:51:07,0.0,valve1,4.csv
2020-03-09 11:51:08,0.0,valve1,4.csv
2020-03-09 11:51:09,0.0,valve1,4.csv
2020-03-09 11:51:10,0.0,valve1,4.csv
2020-03-09 11:51:12,0.0,valve1,4.csv
2020-03-09 11:51:13,0.0,valve1,4.csv
2020-03-09 11:51:14,0.0,valve1,4.csv
2020-03-09 11:51:15,0.0,valve1,4.csv
2020-03-09 11:51:16,0.0,valve1,4.csv
2020-03-09 11:51:17,0.0,valve1,4.csv
2020-03-09 11:51:18,0.0,valve1,4.csv
2020-03-09 11:51:19,0.0,valve1,4.csv
2020-03-09 11:51:20,0.0,valve1,4.csv
2020-03-09 11:51:21,0.0,valve1,4.csv
2020-03-09 11:51:22,0.0,valve1,4.csv
2020-03-09 11:51:23,0.0,valve1,4.csv
2020-03-09 11:51:24,0.0,valve1,4.csv
2020-03-09 11:51:25,0.0,valve1,4.csv
2020-03-09 11:51:26,0.0,valve1,4.csv
2020-03-09 11:51:27,0.0,valve1,4.csv
2020-03-09 11:51:28,0.0,valve1,4.csv
2020-03-09 11:51:29,0.0,valve1,4.csv
2020-03-09 11:51:30,0.0,valve1,4.csv
2020-03-09 11:51:31,0.0,valve1,4.csv
2020-03-09 11:51:32,0.0,valve1,4.csv
2020-03-09 11:51:33,0.0,valve1,4.csv
2020-03-09 11:51:34,0.0,valve1,4.csv
2020-03-09 11:51:36,1.0,valve1,4.csv
2020-03-09 11:51:37,0.0,valve1,4.csv
2020-03-09 11:51:38,0.0,valve1,4.csv
2020-03-09 11:51:39,0.0,valve1,4.csv
2020-03-09 11:51:40,0.0,valve1,4.csv
2020-03-09 11:51:41,0.0,valve1,4.csv
2020-03-09 11:51:42,0.0,valve1,4.csv
2020-03-09 11:51:43,0.0,valve1,4.csv
2020-03-09 11:51:44,0.0,valve1,4.csv
2020-03-09 11:51:45,0.0,valve1,4.csv
2020-03-09 11:51:46,0.0,valve1,4.csv
2020-03-09 11:51:47,0.0,valve1,4.csv
2020-03-09 11:51:48,0.0,valve1,4.csv
2020-03-09 11:51:49,0.0,valve1,4.csv
2020-03-09 11:51:50,0.0,valve1,4.csv
2020-03-09 11:51:51,0.0,valve1,4.csv
2020-03-09 11:51:52,0.0,valve1,4.csv
2020-03-09 11:51:53,0.0,valve1,4.csv
2020-03-09 11:51:54,0.0,valve1,4.csv
2020-03-09 11:51:55,0.0,valve1,4.csv
2020-03-09 11:51:56,0.0,valve1,4.csv
2020-03-09 11:51:57,0.0,valve1,4.csv
2020-03-09 11:51:59,0.0,valve1,4.csv
2020-03-09 11:52:00,0.0,valve1,4.csv
2020-03-09 11:52:01,0.0,valve1,4.csv
2020-03-09 11:52:02,0.0,valve1,4.csv
2020-03-09 11:52:03,0.0,valve1,4.csv
2020-03-09 11:52:04,0.0,valve1,4.csv
2020-03-09 11:52:05,0.0,valve1,4.csv
2020-03-09 11:52:06,0.0,valve1,4.csv
2020-03-09 11:52:07,0.0,valve1,4.csv
2020-03-09 11:52:08,0.0,valve1,4.csv
2020-03-09 11:52:09,0.0,valve1,4.csv
2020-03-09 11:52:10,0.0,valve1,4.csv
2020-03-09 11:52:11,0.0,valve1,4.csv
2020-03-09 11:52:12,0.0,valve1,4.csv
2020-03-09 11:52:13,0.0,valve1,4.csv
2020-03-09 11:52:14,0.0,valve1,4.csv
2020-03-09 11:52:15,0.0,valve1,4.csv
2020-03-09 11:52:16,0.0,valve1,4.csv
2020-03-09 11:52:17,0.0,valve1,4.csv
2020-03-09 11:52:18,0.0,valve1,4.csv
2020-03-09 11:52:19,0.0,valve1,4.csv
2020-03-09 11:52:20,0.0,valve1,4.csv
2020-03-09 11:52:21,0.0,valve1,4.csv
2020-03-09 11:52:22,0.0,valve1,4.csv
2020-03-09 11:52:23,0.0,valve1,4.csv
2020-03-09 11:52:25,0.0,valve1,4.csv
2020-03-09 11:52:26,0.0,valve1,4.csv
2020-03-09 11:52:27,0.0,valve1,4.csv
2020-03-09 11:52:28,0.0,valve1,4.csv
2020-03-09 11:52:29,0.0,valve1,4.csv
2020-03-09 11:52:30,0.0,valve1,4.csv
2020-03-09 11:52:31,0.0,valve1,4.csv
2020-03-09 11:52:32,0.0,valve1,4.csv
2020-03-09 11:52:33,0.0,valve1,4.csv
2020-03-09 11:52:34,0.0,valve1,4.csv
2020-03-09 11:52:35,0.0,valve1,4.csv
2020-03-09 11:52:36,0.0,valve1,4.csv
2020-03-09 11:52:37,0.0,valve1,4.csv
2020-03-09 11:52:38,0.0,valve1,4.csv
2020-03-09 11:52:39,0.0,valve1,4.csv
2020-03-09 11:52:40,0.0,valve1,4.csv
2020-03-09 11:52:41,0.0,valve1,4.csv
2020-03-09 11:52:42,0.0,valve1,4.csv
2020-03-09 11:52:43,0.0,valve1,4.csv
2020-03-09 11:52:44,0.0,valve1,4.csv
2020-03-09 11:52:45,0.0,valve1,4.csv
2020-03-09 11:52:46,0.0,valve1,4.csv
2020-03-09 11:52:47,0.0,valve1,4.csv
2020-03-09 11:52:48,0.0,valve1,4.csv
2020-03-09 11:52:50,0.0,valve1,4.csv
2020-03-09 11:52:51,0.0,valve1,4.csv
2020-03-09 11:52:52,0.0,valve1,4.csv
2020-03-09 11:52:53,0.0,valve1,4.csv
2020-03-09 11:52:54,0.0,valve1,4.csv
2020-03-09 11:52:55,0.0,valve1,4.csv
2020-03-09 11:52:56,0.0,valve1,4.csv
2020-03-09 11:52:57,0.0,valve1,4.csv
2020-03-09 11:52:58,0.0,valve1,4.csv
2020-03-09 11:52:59,0.0,valve1,4.csv
2020-03-09 11:53:00,0.0,valve1,4.csv
2020-03-09 11:53:01,0.0,valve1,4.csv
2020-03-09 11:53:02,0.0,valve1,4.csv
2020-03-09 11:53:03,0.0,valve1,4.csv
2020-03-09 11:53:04,0.0,valve1,4.csv
2020-03-09 11:53:05,0.0,valve1,4.csv
2020-03-09 11:53:06,0.0,valve1,4.csv
2020-03-09 11:53:07,0.0,valve1,4.csv
2020-03-09 11:53:08,0.0,valve1,4.csv
2020-03-09 11:53:09,0.0,valve1,4.csv
2020-03-09 11:53:10,0.0,valve1,4.csv
2020-03-09 11:53:11,0.0,valve1,4.csv
2020-03-09 11:53:12,0.0,valve1,4.csv
2020-03-09 11:53:13,0.0,valve1,4.csv
2020-03-09 11:53:15,0.0,valve1,4.csv
2020-03-09 11:53:16,0.0,valve1,4.csv
2020-03-09 11:53:17,0.0,valve1,4.csv
2020-03-09 11:53:18,0.0,valve1,4.csv
2020-03-09 11:53:19,0.0,valve1,4.csv
2020-03-09 11:53:20,0.0,valve1,4.csv
2020-03-09 11:53:21,0.0,valve1,4.csv
2020-03-09 11:53:22,0.0,valve1,4.csv
2020-03-09 11:53:23,0.0,valve1,4.csv
2020-03-09 11:53:24,0.0,valve1,4.csv
2020-03-09 11:53:25,0.0,valve1,4.csv
2020-03-09 11:53:26,0.0,valve1,4.csv
2020-03-09 11:53:27,0.0,valve1,4.csv
2020-03-09 11:53:28,0.0,valve1,4.csv
2020-03-09 11:53:29,0.0,valve1,4.csv
2020-03-09 11:53:30,0.0,valve1,4.csv
2020-03-09 11:53:31,0.0,valve1,4.csv
2020-03-09 11:53:32,0.0,valve1,4.csv
2020-03-09 11:53:33,0.0,valve1,4.csv
2020-03-09 11:53:34,0.0,valve1,4.csv
2020-03-09 11:53:35,0.0,valve1,4.csv
2020-03-09 11:53:36,0.0,valve1,4.csv
2020-03-09 11:53:37,0.0,valve1,4.csv
2020-03-09 11:53:38,0.0,valve1,4.csv
2020-03-09 11:53:39,0.0,valve1,4.csv
2020-03-09 11:53:41,0.0,valve1,4.csv
2020-03-09 11:53:42,0.0,valve1,4.csv
2020-03-09 11:53:43,0.0,valve1,4.csv
2020-03-09 11:53:44,0.0,valve1,4.csv
2020-03-09 11:53:45,0.0,valve1,4.csv
2020-03-09 11:53:46,0.0,valve1,4.csv
2020-03-09 11:53:47,0.0,valve1,4.csv
2020-03-09 11:53:48,0.0,valve1,4.csv
2020-03-09 11:53:49,0.0,valve1,4.csv
2020-03-09 11:53:50,0.0,valve1,4.csv
2020-03-09 11:53:51,0.0,valve1,4.csv
2020-03-09 11:53:52,0.0,valve1,4.csv
2020-03-09 11:53:53,0.0,valve1,4.csv
2020-03-09 11:53:54,0.0,valve1,4.csv
2020-03-09 11:53:55,0.0,valve1,4.csv
2020-03-09 11:53:56,0.0,valve1,4.csv
2020-03-09 11:53:57,0.0,valve1,4.csv
2020-03-09 11:53:58,0.0,valve1,4.csv
2020-03-09 11:53:59,0.0,valve1,4.csv
2020-03-09 11:54:00,0.0,valve1,4.csv
2020-03-09 11:54:01,0.0,valve1,4.csv
2020-03-09 11:54:02,0.0,valve1,4.csv
2020-03-09 11:54:03,0.0,valve1,4.csv
2020-03-09 11:54:04,0.0,valve1,4.csv
2020-03-09 11:54:06,0.0,valve1,4.csv
2020-03-09 11:54:07,0.0,valve1,4.csv
2020-03-09 11:54:08,0.0,valve1,4.csv
2020-03-09 11:54:09,0.0,valve1,4.csv
2020-03-09 11:54:10,0.0,valve1,4.csv
2020-03-09 11:54:11,0.0,valve1,4.csv
2020-03-09 11:54:12,0.0,valve1,4.csv
2020-03-09 11:54:13,0.0,valve1,4.csv
2020-03-09 11:54:14,0.0,valve1,4.csv
2020-03-09 11:54:15,0.0,valve1,4.csv
2020-03-09 11:54:16,0.0,valve1,4.csv
2020-03-09 11:54:17,0.0,valve1,4.csv
2020-03-09 11:54:18,0.0,valve1,4.csv
2020-03-09 11:54:19,0.0,valve1,4.csv
2020-03-09 11:54:20,0.0,valve1,4.csv
2020-03-09 11:54:21,0.0,valve1,4.csv
2020-03-09 11:54:22,0.0,valve1,4.csv
2020-03-09 11:54:23,0.0,valve1,4.csv
2020-03-09 11:54:24,0.0,valve1,4.csv
2020-03-09 11:54:25,0.0,valve1,4.csv
2020-03-09 11:54:26,0.0,valve1,4.csv
2020-03-09 11:54:27,0.0,valve1,4.csv
2020-03-09 11:54:28,0.0,valve1,4.csv
2020-03-09 11:54:29,0.0,valve1,4.csv
2020-03-09 11:54:30,0.0,valve1,4.csv
2020-03-09 11:54:32,0.0,valve1,4.csv
2020-03-09 11:54:33,0.0,valve1,4.csv
2020-03-09 11:54:34,0.0,valve1,4.csv
2020-03-09 11:54:35,0.0,valve1,4.csv
2020-03-09 11:54:36,0.0,valve1,5.csv
2020-03-09 11:54:37,0.0,valve1,5.csv
2020-03-09 11:54:38,0.0,valve1,5.csv
2020-03-09 11:54:39,0.0,valve1,5.csv
2020-03-09 11:54:40,0.0,valve1,5.csv
2020-03-09 11:54:41,0.0,valve1,5.csv
2020-03-09 11:54:42,0.0,valve1,5.csv
2020-03-09 11:54:43,0.0,valve1,5.csv
2020-03-09 11:54:44,0.0,valve1,5.csv
2020-03-09 11:54:45,0.0,valve1,5.csv
2020-03-09 11:54:46,0.0,valve1,5.csv
2020-03-09 11:54:47,0.0,valve1,5.csv
2020-03-09 11:54:48,0.0,valve1,5.csv
2020-03-09 11:54:49,0.0,valve1,5.csv
2020-03-09 11:54:50,0.0,valve1,5.csv
2020-03-09 11:54:51,0.0,valve1,5.csv
2020-03-09 11:54:52,0.0,valve1,5.csv
2020-03-09 11:54:53,0.0,valve1,5.csv
2020-03-09 11:54:54,0.0,valve1,5.csv
2020-03-09 11:54:56,0.0,valve1,5.csv
2020-03-09 11:54:57,0.0,valve1,5.csv
2020-03-09 11:54:58,0.0,valve1,5.csv
2020-03-09 11:54:59,0.0,valve1,5.csv
2020-03-09 11:55:00,0.0,valve1,5.csv
2020-03-09 11:55:01,0.0,valve1,5.csv
2020-03-09 11:55:02,0.0,valve1,5.csv
2020-03-09 11:55:03,0.0,valve1,5.csv
2020-03-09 11:55:04,0.0,valve1,5.csv
2020-03-09 11:55:05,0.0,valve1,5.csv
2020-03-09 11:55:06,0.0,valve1,5.csv
2020-03-09 11:55:07,0.0,valve1,5.csv
2020-03-09 11:55:08,0.0,valve1,5.csv
2020-03-09 11:55:09,0.0,valve1,5.csv
2020-03-09 11:55:10,0.0,valve1,5.csv
2020-03-09 11:55:11,0.0,valve1,5.csv
2020-03-09 11:55:12,0.0,valve1,5.csv
2020-03-09 11:55:13,0.0,valve1,5.csv
2020-03-09 11:55:14,0.0,valve1,5.csv
2020-03-09 11:55:15,0.0,valve1,5.csv
2020-03-09 11:55:16,0.0,valve1,5.csv
2020-03-09 11:55:17,0.0,valve1,5.csv
2020-03-09 11:55:18,0.0,valve1,5.csv
2020-03-09 11:55:19,0.0,valve1,5.csv
2020-03-09 11:55:20,0.0,valve1,5.csv
2020-03-09 11:55:22,0.0,valve1,5.csv
2020-03-09 11:55:23,0.0,valve1,5.csv
2020-03-09 11:55:24,0.0,valve1,5.csv
2020-03-09 11:55:25,0.0,valve1,5.csv
2020-03-09 11:55:26,0.0,valve1,5.csv
2020-03-09 11:55:27,0.0,valve1,5.csv
2020-03-09 11:55:28,0.0,valve1,5.csv
2020-03-09 11:55:29,0.0,valve1,5.csv
2020-03-09 11:55:30,0.0,valve1,5.csv
2020-03-09 11:55:31,0.0,valve1,5.csv
2020-03-09 11:55:32,0.0,valve1,5.csv
2020-03-09 11:55:33,0.0,valve1,5.csv
2020-03-09 11:55:34,0.0,valve1,5.csv
2020-03-09 11:55:35,0.0,valve1,5.csv
2020-03-09 11:55:36,0.0,valve1,5.csv
2020-03-09 11:55:37,0.0,valve1,5.csv
2020-03-09 11:55:38,0.0,valve1,5.csv
2020-03-09 11:55:39,0.0,valve1,5.csv
2020-03-09 11:55:40,0.0,valve1,5.csv
2020-03-09 11:55:41,0.0,valve1,5.csv
2020-03-09 11:55:42,0.0,valve1,5.csv
2020-03-09 11:55:43,0.0,valve1,5.csv
2020-03-09 11:55:44,0.0,valve1,5.csv
2020-03-09 11:55:45,0.0,valve1,5.csv
2020-03-09 11:55:46,0.0,valve1,5.csv
2020-03-09 11:55:48,0.0,valve1,5.csv
2020-03-09 11:55:49,0.0,valve1,5.csv
2020-03-09 11:55:50,0.0,valve1,5.csv
2020-03-09 11:55:51,0.0,valve1,5.csv
2020-03-09 11:55:52,0.0,valve1,5.csv
2020-03-09 11:55:53,0.0,valve1,5.csv
2020-03-09 11:55:54,0.0,valve1,5.csv
2020-03-09 11:55:55,0.0,valve1,5.csv
2020-03-09 11:55:56,0.0,valve1,5.csv
2020-03-09 11:55:57,0.0,valve1,5.csv
2020-03-09 11:55:58,0.0,valve1,5.csv
2020-03-09 11:55:59,0.0,valve1,5.csv
2020-03-09 11:56:00,0.0,valve1,5.csv
2020-03-09 11:56:01,0.0,valve1,5.csv
2020-03-09 11:56:02,0.0,valve1,5.csv
2020-03-09 11:56:03,0.0,valve1,5.csv
2020-03-09 11:56:04,0.0,valve1,5.csv
2020-03-09 11:56:05,0.0,valve1,5.csv
2020-03-09 11:56:06,0.0,valve1,5.csv
2020-03-09 11:56:07,0.0,valve1,5.csv
2020-03-09 11:56:08,0.0,valve1,5.csv
2020-03-09 11:56:09,0.0,valve1,5.csv
2020-03-09 11:56:11,0.0,valve1,5.csv
2020-03-09 11:56:12,0.0,valve1,5.csv
2020-03-09 11:56:13,0.0,valve1,5.csv
2020-03-09 11:56:14,0.0,valve1,5.csv
2020-03-09 11:56:15,0.0,valve1,5.csv
2020-03-09 11:56:16,0.0,valve1,5.csv
2020-03-09 11:56:17,0.0,valve1,5.csv
2020-03-09 11:56:18,0.0,valve1,5.csv
2020-03-09 11:56:19,0.0,valve1,5.csv
2020-03-09 11:56:20,0.0,valve1,5.csv
2020-03-09 11:56:21,0.0,valve1,5.csv
2020-03-09 11:56:22,0.0,valve1,5.csv
2020-03-09 11:56:23,0.0,valve1,5.csv
2020-03-09 11:56:24,0.0,valve1,5.csv
2020-03-09 11:56:25,0.0,valve1,5.csv
2020-03-09 11:56:26,0.0,valve1,5.csv
2020-03-09 11:56:27,0.0,valve1,5.csv
2020-03-09 11:56:28,0.0,valve1,5.csv
2020-03-09 11:56:29,0.0,valve1,5.csv
2020-03-09 11:56:30,0.0,valve1,5.csv
2020-03-09 11:56:31,0.0,valve1,5.csv
2020-03-09 11:56:32,0.0,valve1,5.csv
2020-03-09 11:56:34,0.0,valve1,5.csv
2020-03-09 11:56:35,0.0,valve1,5.csv
2020-03-09 11:56:36,0.0,valve1,5.csv
2020-03-09 11:56:37,0.0,valve1,5.csv
2020-03-09 11:56:38,0.0,valve1,5.csv
2020-03-09 11:56:39,0.0,valve1,5.csv
2020-03-09 11:56:40,0.0,valve1,5.csv
2020-03-09 11:56:41,0.0,valve1,5.csv
2020-03-09 11:56:42,0.0,valve1,5.csv
2020-03-09 11:56:43,0.0,valve1,5.csv
2020-03-09 11:56:44,0.0,valve1,5.csv
2020-03-09 11:56:45,0.0,valve1,5.csv
2020-03-09 11:56:46,0.0,valve1,5.csv
2020-03-09 11:56:47,0.0,valve1,5.csv
2020-03-09 11:56:48,0.0,valve1,5.csv
2020-03-09 11:56:49,0.0,valve1,5.csv
2020-03-09 11:56:50,0.0,valve1,5.csv
2020-03-09 11:56:51,0.0,valve1,5.csv
2020-03-09 11:56:52,0.0,valve1,5.csv
2020-03-09 11:56:53,0.0,valve1,5.csv
2020-03-09 11:56:54,0.0,valve1,5.csv
2020-03-09 11:56:55,0.0,valve1,5.csv
2020-03-09 11:56:56,0.0,valve1,5.csv
2020-03-09 11:56:57,0.0,valve1,5.csv
2020-03-09 11:56:58,0.0,valve1,5.csv
2020-03-09 11:56:59,0.0,valve1,5.csv
2020-03-09 11:57:01,0.0,valve1,5.csv
2020-03-09 11:57:02,0.0,valve1,5.csv
2020-03-09 11:57:03,0.0,valve1,5.csv
2020-03-09 11:57:04,0.0,valve1,5.csv
2020-03-09 11:57:05,0.0,valve1,5.csv
2020-03-09 11:57:06,0.0,valve1,5.csv
2020-03-09 11:57:07,0.0,valve1,5.csv
2020-03-09 11:57:08,0.0,valve1,5.csv
2020-03-09 11:57:09,0.0,valve1,5.csv
2020-03-09 11:57:10,0.0,valve1,5.csv
2020-03-09 11:57:11,0.0,valve1,5.csv
2020-03-09 11:57:12,0.0,valve1,5.csv
2020-03-09 11:57:13,0.0,valve1,5.csv
2020-03-09 11:57:14,0.0,valve1,5.csv
2020-03-09 11:57:15,0.0,valve1,5.csv
2020-03-09 11:57:16,0.0,valve1,5.csv
2020-03-09 11:57:17,0.0,valve1,5.csv
2020-03-09 11:57:18,0.0,valve1,5.csv
2020-03-09 11:57:19,0.0,valve1,5.csv
2020-03-09 11:57:20,0.0,valve1,5.csv
2020-03-09 11:57:21,0.0,valve1,5.csv
2020-03-09 11:57:22,0.0,valve1,5.csv
2020-03-09 11:57:23,0.0,valve1,5.csv
2020-03-09 11:57:24,0.0,valve1,5.csv
2020-03-09 11:57:26,0.0,valve1,5.csv
2020-03-09 11:57:27,0.0,valve1,5.csv
2020-03-09 11:57:28,0.0,valve1,5.csv
2020-03-09 11:57:29,0.0,valve1,5.csv
2020-03-09 11:57:30,0.0,valve1,5.csv
2020-03-09 11:57:31,0.0,valve1,5.csv
2020-03-09 11:57:32,0.0,valve1,5.csv
2020-03-09 11:57:33,0.0,valve1,5.csv
2020-03-09 11:57:34,0.0,valve1,5.csv
2020-03-09 11:57:35,0.0,valve1,5.csv
2020-03-09 11:57:36,0.0,valve1,5.csv
2020-03-09 11:57:37,0.0,valve1,5.csv
2020-03-09 11:57:38,0.0,valve1,5.csv
2020-03-09 11:57:39,0.0,valve1,5.csv
2020-03-09 11:57:40,0.0,valve1,5.csv
2020-03-09 11:57:41,0.0,valve1,5.csv
2020-03-09 11:57:42,0.0,valve1,5.csv
2020-03-09 11:57:43,0.0,valve1,5.csv
2020-03-09 11:57:44,0.0,valve1,5.csv
2020-03-09 11:57:45,0.0,valve1,5.csv
2020-03-09 11:57:46,0.0,valve1,5.csv
2020-03-09 11:57:47,0.0,valve1,5.csv
2020-03-09 11:57:48,0.0,valve1,5.csv
2020-03-09 11:57:49,0.0,valve1,5.csv
2020-03-09 11:57:50,0.0,valve1,5.csv
2020-03-09 11:57:52,0.0,valve1,5.csv
2020-03-09 11:57:53,0.0,valve1,5.csv
2020-03-09 11:57:54,0.0,valve1,5.csv
2020-03-09 11:57:55,0.0,valve1,5.csv
2020-03-09 11:57:56,0.0,valve1,5.csv
2020-03-09 11:57:57,0.0,valve1,5.csv
2020-03-09 11:57:58,0.0,valve1,5.csv
2020-03-09 11:57:59,0.0,valve1,5.csv
2020-03-09 11:58:00,0.0,valve1,5.csv
2020-03-09 11:58:01,0.0,valve1,5.csv
2020-03-09 11:58:02,0.0,valve1,5.csv
2020-03-09 11:58:03,0.0,valve1,5.csv
2020-03-09 11:58:04,0.0,valve1,5.csv
2020-03-09 11:58:05,0.0,valve1,5.csv
2020-03-09 11:58:06,0.0,valve1,5.csv
2020-03-09 11:58:07,0.0,valve1,5.csv
2020-03-09 11:58:08,0.0,valve1,5.csv
2020-03-09 11:58:09,0.0,valve1,5.csv
2020-03-09 11:58:10,0.0,valve1,5.csv
2020-03-09 11:58:11,0.0,valve1,5.csv
2020-03-09 11:58:12,0.0,valve1,5.csv
2020-03-09 11:58:13,0.0,valve1,5.csv
2020-03-09 11:58:14,0.0,valve1,5.csv
2020-03-09 11:58:15,0.0,valve1,5.csv
2020-03-09 11:58:16,0.0,valve1,5.csv
2020-03-09 11:58:18,0.0,valve1,5.csv
2020-03-09 11:58:19,0.0,valve1,5.csv
2020-03-09 11:58:20,0.0,valve1,5.csv
2020-03-09 11:58:21,0.0,valve1,5.csv
2020-03-09 11:58:22,0.0,valve1,5.csv
2020-03-09 11:58:23,0.0,valve1,5.csv
2020-03-09 11:58:24,0.0,valve1,5.csv
2020-03-09 11:58:25,0.0,valve1,5.csv
2020-03-09 11:58:26,0.0,valve1,5.csv
2020-03-09 11:58:27,0.0,valve1,5.csv
2020-03-09 11:58:28,0.0,valve1,5.csv
2020-03-09 11:58:29,0.0,valve1,5.csv
2020-03-09 11:58:30,0.0,valve1,5.csv
2020-03-09 11:58:31,0.0,valve1,5.csv
2020-03-09 11:58:32,0.0,valve1,5.csv
2020-03-09 11:58:33,0.0,valve1,5.csv
2020-03-09 11:58:34,0.0,valve1,5.csv
2020-03-09 11:58:35,0.0,valve1,5.csv
2020-03-09 11:58:36,0.0,valve1,5.csv
2020-03-09 11:58:37,0.0,valve1,5.csv
2020-03-09 11:58:38,0.0,valve1,5.csv
2020-03-09 11:58:39,0.0,valve1,5.csv
2020-03-09 11:58:40,0.0,valve1,5.csv
2020-03-09 11:58:41,0.0,valve1,5.csv
2020-03-09 11:58:42,0.0,valve1,5.csv
2020-03-09 11:58:44,0.0,valve1,5.csv
2020-03-09 11:58:45,0.0,valve1,5.csv
2020-03-09 11:58:46,0.0,valve1,5.csv
2020-03-09 11:58:47,0.0,valve1,5.csv
2020-03-09 11:58:48,0.0,valve1,5.csv
2020-03-09 11:58:49,0.0,valve1,5.csv
2020-03-09 11:58:50,0.0,valve1,5.csv
2020-03-09 11:58:51,0.0,valve1,5.csv
2020-03-09 11:58:52,0.0,valve1,5.csv
2020-03-09 11:58:53,0.0,valve1,5.csv
2020-03-09 11:58:54,0.0,valve1,5.csv
2020-03-09 11:58:55,0.0,valve1,5.csv
2020-03-09 11:58:56,0.0,valve1,5.csv
2020-03-09 11:58:57,0.0,valve1,5.csv
2020-03-09 11:58:58,0.0,valve1,5.csv
2020-03-09 11:58:59,0.0,valve1,5.csv
2020-03-09 11:59:00,0.0,valve1,5.csv
2020-03-09 11:59:01,0.0,valve1,5.csv
2020-03-09 11:59:02,0.0,valve1,5.csv
2020-03-09 11:59:03,0.0,valve1,5.csv
2020-03-09 11:59:04,0.0,valve1,5.csv
2020-03-09 11:59:06,0.0,valve1,5.csv
2020-03-09 11:59:07,0.0,valve1,5.csv
2020-03-09 11:59:08,0.0,valve1,5.csv
2020-03-09 11:59:09,0.0,valve1,5.csv
2020-03-09 11:59:10,0.0,valve1,5.csv
2020-03-09 11:59:11,0.0,valve1,5.csv
2020-03-09 11:59:12,0.0,valve1,5.csv
2020-03-09 11:59:13,0.0,valve1,5.csv
2020-03-09 11:59:14,0.0,valve1,5.csv
2020-03-09 11:59:15,0.0,valve1,5.csv
2020-03-09 11:59:16,0.0,valve1,5.csv
2020-03-09 11:59:17,0.0,valve1,5.csv
2020-03-09 11:59:18,0.0,valve1,5.csv
2020-03-09 11:59:19,0.0,valve1,5.csv
2020-03-09 11:59:20,0.0,valve1,5.csv
2020-03-09 11:59:21,0.0,valve1,5.csv
2020-03-09 11:59:22,0.0,valve1,5.csv
2020-03-09 11:59:23,0.0,valve1,5.csv
2020-03-09 11:59:24,0.0,valve1,5.csv
2020-03-09 11:59:25,0.0,valve1,5.csv
2020-03-09 11:59:26,0.0,valve1,5.csv
2020-03-09 11:59:27,0.0,valve1,5.csv
2020-03-09 11:59:28,0.0,valve1,5.csv
2020-03-09 11:59:29,0.0,valve1,5.csv
2020-03-09 11:59:30,0.0,valve1,5.csv
2020-03-09 11:59:31,0.0,valve1,5.csv
2020-03-09 11:59:33,0.0,valve1,5.csv
2020-03-09 11:59:34,0.0,valve1,5.csv
2020-03-09 11:59:35,0.0,valve1,5.csv
2020-03-09 11:59:36,0.0,valve1,5.csv
2020-03-09 11:59:37,0.0,valve1,5.csv
2020-03-09 11:59:38,0.0,valve1,5.csv
2020-03-09 11:59:39,0.0,valve1,5.csv
2020-03-09 11:59:40,0.0,valve1,5.csv
2020-03-09 11:59:41,0.0,valve1,5.csv
2020-03-09 11:59:42,0.0,valve1,5.csv
2020-03-09 11:59:43,0.0,valve1,5.csv
2020-03-09 11:59:44,0.0,valve1,5.csv
2020-03-09 11:59:45,0.0,valve1,5.csv
2020-03-09 11:59:46,0.0,valve1,5.csv
2020-03-09 11:59:47,0.0,valve1,5.csv
2020-03-09 11:59:48,0.0,valve1,5.csv
2020-03-09 11:59:49,0.0,valve1,5.csv
2020-03-09 11:59:50,0.0,valve1,5.csv
2020-03-09 11:59:51,0.0,valve1,5.csv
2020-03-09 11:59:52,0.0,valve1,5.csv
2020-03-09 11:59:53,0.0,valve1,5.csv
2020-03-09 11:59:54,0.0,valve1,5.csv
2020-03-09 11:59:55,0.0,valve1,5.csv
2020-03-09 11:59:56,0.0,valve1,5.csv
2020-03-09 11:59:57,0.0,valve1,5.csv
2020-03-09 11:59:59,0.0,valve1,5.csv
2020-03-09 12:00:00,0.0,valve1,5.csv
2020-03-09 12:00:01,0.0,valve1,5.csv
2020-03-09 12:00:02,0.0,valve1,5.csv
2020-03-09 12:00:03,0.0,valve1,5.csv
2020-03-09 12:00:04,0.0,valve1,5.csv
2020-03-09 12:00:05,0.0,valve1,5.csv
2020-03-09 12:00:06,0.0,valve1,5.csv
2020-03-09 12:00:07,0.0,valve1,5.csv
2020-03-09 12:00:08,0.0,valve1,5.csv
2020-03-09 12:00:09,0.0,valve1,5.csv
2020-03-09 12:00:10,0.0,valve1,5.csv
2020-03-09 12:00:11,0.0,valve1,5.csv
2020-03-09 12:00:12,0.0,valve1,5.csv
2020-03-09 12:00:13,0.0,valve1,5.csv
2020-03-09 12:00:14,0.0,valve1,5.csv
2020-03-09 12:00:15,0.0,valve1,5.csv
2020-03-09 12:00:16,0.0,valve1,5.csv
2020-03-09 12:00:17,0.0,valve1,5.csv
2020-03-09 12:00:18,0.0,valve1,5.csv
2020-03-09 12:00:19,0.0,valve1,5.csv
2020-03-09 12:00:20,0.0,valve1,5.csv
2020-03-09 12:00:21,0.0,valve1,5.csv
2020-03-09 12:00:22,0.0,valve1,5.csv
2020-03-09 12:00:24,0.0,valve1,5.csv
2020-03-09 12:00:25,0.0,valve1,5.csv
2020-03-09 12:00:26,0.0,valve1,5.csv
2020-03-09 12:00:27,0.0,valve1,5.csv
2020-03-09 12:00:28,0.0,valve1,5.csv
2020-03-09 12:00:29,0.0,valve1,5.csv
2020-03-09 12:00:30,0.0,valve1,5.csv
2020-03-09 12:00:31,0.0,valve1,5.csv
2020-03-09 12:00:32,0.0,valve1,5.csv
2020-03-09 12:00:33,0.0,valve1,5.csv
2020-03-09 12:00:34,0.0,valve1,5.csv
2020-03-09 12:00:35,0.0,valve1,5.csv
2020-03-09 12:00:36,0.0,valve1,5.csv
2020-03-09 12:00:37,0.0,valve1,5.csv
2020-03-09 12:00:38,0.0,valve1,5.csv
2020-03-09 12:00:39,0.0,valve1,5.csv
2020-03-09 12:00:40,0.0,valve1,5.csv
2020-03-09 12:00:41,0.0,valve1,5.csv
2020-03-09 12:00:42,0.0,valve1,5.csv
2020-03-09 12:00:43,0.0,valve1,5.csv
2020-03-09 12:00:44,0.0,valve1,5.csv
2020-03-09 12:00:45,0.0,valve1,5.csv
2020-03-09 12:00:46,0.0,valve1,5.csv
2020-03-09 12:00:47,0.0,valve1,5.csv
2020-03-09 12:00:48,0.0,valve1,5.csv
2020-03-09 12:00:49,0.0,valve1,5.csv
2020-03-09 12:00:50,0.0,valve1,5.csv
2020-03-09 12:00:52,0.0,valve1,5.csv
2020-03-09 12:00:53,0.0,valve1,5.csv
2020-03-09 12:00:54,0.0,valve1,5.csv
2020-03-09 12:00:55,0.0,valve1,5.csv
2020-03-09 12:00:56,0.0,valve1,5.csv
2020-03-09 12:00:57,0.0,valve1,5.csv
2020-03-09 12:00:58,0.0,valve1,5.csv
2020-03-09 12:00:59,0.0,valve1,5.csv
2020-03-09 12:01:00,0.0,valve1,5.csv
2020-03-09 12:01:01,0.0,valve1,5.csv
2020-03-09 12:01:02,0.0,valve1,5.csv
2020-03-09 12:01:03,0.0,valve1,5.csv
2020-03-09 12:01:04,0.0,valve1,5.csv
2020-03-09 12:01:05,0.0,valve1,5.csv
2020-03-09 12:01:06,0.0,valve1,5.csv
2020-03-09 12:01:07,0.0,valve1,5.csv
2020-03-09 12:01:08,0.0,valve1,5.csv
2020-03-09 12:01:09,0.0,valve1,5.csv
2020-03-09 12:01:10,0.0,valve1,5.csv
2020-03-09 12:01:11,0.0,valve1,5.csv
2020-03-09 12:01:12,0.0,valve1,5.csv
2020-03-09 12:01:13,0.0,valve1,5.csv
2020-03-09 12:01:14,0.0,valve1,5.csv
2020-03-09 12:01:15,0.0,valve1,5.csv
2020-03-09 12:01:16,0.0,valve1,5.csv
2020-03-09 12:01:17,0.0,valve1,5.csv
2020-03-09 12:01:19,0.0,valve1,5.csv
2020-03-09 12:01:20,0.0,valve1,5.csv
2020-03-09 12:01:21,0.0,valve1,5.csv
2020-03-09 12:01:22,0.0,valve1,5.csv
2020-03-09 12:01:23,0.0,valve1,5.csv
2020-03-09 12:01:24,0.0,valve1,5.csv
2020-03-09 12:01:25,0.0,valve1,5.csv
2020-03-09 12:01:26,0.0,valve1,5.csv
2020-03-09 12:01:27,0.0,valve1,5.csv
2020-03-09 12:01:28,0.0,valve1,5.csv
2020-03-09 12:01:29,0.0,valve1,5.csv
2020-03-09 12:01:30,0.0,valve1,5.csv
2020-03-09 12:01:31,0.0,valve1,5.csv
2020-03-09 12:01:32,0.0,valve1,5.csv
2020-03-09 12:01:33,0.0,valve1,5.csv
2020-03-09 12:01:34,0.0,valve1,5.csv
2020-03-09 12:01:35,0.0,valve1,5.csv
2020-03-09 12:01:36,0.0,valve1,5.csv
2020-03-09 12:01:37,0.0,valve1,5.csv
2020-03-09 12:01:38,0.0,valve1,5.csv
2020-03-09 12:01:39,0.0,valve1,5.csv
2020-03-09 12:01:40,0.0,valve1,5.csv
2020-03-09 12:01:41,0.0,valve1,5.csv
2020-03-09 12:01:42,0.0,valve1,5.csv
2020-03-09 12:01:43,0.0,valve1,5.csv
2020-03-09 12:01:45,0.0,valve1,5.csv
2020-03-09 12:01:46,0.0,valve1,5.csv
2020-03-09 12:01:47,0.0,valve1,5.csv
2020-03-09 12:01:48,0.0,valve1,5.csv
2020-03-09 12:01:49,0.0,valve1,5.csv
2020-03-09 12:01:50,0.0,valve1,5.csv
2020-03-09 12:01:51,0.0,valve1,5.csv
2020-03-09 12:01:52,0.0,valve1,5.csv
2020-03-09 12:01:53,0.0,valve1,5.csv
2020-03-09 12:01:54,0.0,valve1,5.csv
2020-03-09 12:01:55,0.0,valve1,5.csv
2020-03-09 12:01:56,0.0,valve1,5.csv
2020-03-09 12:01:57,0.0,valve1,5.csv
2020-03-09 12:01:58,0.0,valve1,5.csv
2020-03-09 12:01:59,0.0,valve1,5.csv
2020-03-09 12:02:00,0.0,valve1,5.csv
2020-03-09 12:02:01,0.0,valve1,5.csv
2020-03-09 12:02:02,0.0,valve1,5.csv
2020-03-09 12:02:03,0.0,valve1,5.csv
2020-03-09 12:02:04,0.0,valve1,5.csv
2020-03-09 12:02:05,0.0,valve1,5.csv
2020-03-09 12:02:06,0.0,valve1,5.csv
2020-03-09 12:02:07,0.0,valve1,5.csv
2020-03-09 12:02:08,0.0,valve1,5.csv
2020-03-09 12:02:10,0.0,valve1,5.csv
2020-03-09 12:02:11,0.0,valve1,5.csv
2020-03-09 12:02:12,0.0,valve1,5.csv
2020-03-09 12:02:13,0.0,valve1,5.csv
2020-03-09 12:02:14,0.0,valve1,5.csv
2020-03-09 12:02:15,0.0,valve1,5.csv
2020-03-09 12:02:16,0.0,valve1,5.csv
2020-03-09 12:02:17,0.0,valve1,5.csv
2020-03-09 12:02:18,0.0,valve1,5.csv
2020-03-09 12:02:19,0.0,valve1,5.csv
2020-03-09 12:02:20,0.0,valve1,5.csv
2020-03-09 12:02:21,0.0,valve1,5.csv
2020-03-09 12:02:22,0.0,valve1,5.csv
2020-03-09 12:02:23,0.0,valve1,5.csv
2020-03-09 12:02:24,0.0,valve1,5.csv
2020-03-09 12:02:25,0.0,valve1,5.csv
2020-03-09 12:02:26,0.0,valve1,5.csv
2020-03-09 12:02:27,0.0,valve1,5.csv
2020-03-09 12:02:28,0.0,valve1,5.csv
2020-03-09 12:02:29,0.0,valve1,5.csv
2020-03-09 12:02:30,0.0,valve1,5.csv
2020-03-09 12:02:31,0.0,valve1,5.csv
2020-03-09 12:02:32,0.0,valve1,5.csv
2020-03-09 12:02:33,0.0,valve1,5.csv
2020-03-09 12:02:34,0.0,valve1,5.csv
2020-03-09 12:02:36,0.0,valve1,5.csv
2020-03-09 12:02:37,0.0,valve1,5.csv
2020-03-09 12:02:38,0.0,valve1,5.csv
2020-03-09 12:02:39,0.0,valve1,5.csv
2020-03-09 12:02:40,0.0,valve1,5.csv
2020-03-09 12:02:41,0.0,valve1,5.csv
2020-03-09 12:02:42,0.0,valve1,5.csv
2020-03-09 12:02:43,0.0,valve1,5.csv
2020-03-09 12:02:44,0.0,valve1,5.csv
2020-03-09 12:02:45,0.0,valve1,5.csv
2020-03-09 12:02:46,0.0,valve1,5.csv
2020-03-09 12:02:47,0.0,valve1,5.csv
2020-03-09 12:02:48,0.0,valve1,5.csv
2020-03-09 12:02:49,0.0,valve1,5.csv
2020-03-09 12:02:50,0.0,valve1,5.csv
2020-03-09 12:02:51,0.0,valve1,5.csv
2020-03-09 12:02:52,0.0,valve1,5.csv
2020-03-09 12:02:53,0.0,valve1,5.csv
2020-03-09 12:02:54,0.0,valve1,5.csv
2020-03-09 12:02:55,0.0,valve1,5.csv
2020-03-09 12:02:56,0.0,valve1,5.csv
2020-03-09 12:02:57,0.0,valve1,5.csv
2020-03-09 12:02:58,0.0,valve1,5.csv
2020-03-09 12:02:59,0.0,valve1,5.csv
2020-03-09 12:03:00,0.0,valve1,5.csv
2020-03-09 12:03:01,0.0,valve1,5.csv
2020-03-09 12:03:03,0.0,valve1,5.csv
2020-03-09 12:03:04,0.0,valve1,5.csv
2020-03-09 12:03:05,0.0,valve1,5.csv
2020-03-09 12:03:06,0.0,valve1,5.csv
2020-03-09 12:03:07,0.0,valve1,5.csv
2020-03-09 12:03:08,0.0,valve1,5.csv
2020-03-09 12:03:09,0.0,valve1,5.csv
2020-03-09 12:03:10,0.0,valve1,5.csv
2020-03-09 12:03:11,0.0,valve1,5.csv
2020-03-09 12:03:12,0.0,valve1,5.csv
2020-03-09 12:03:13,0.0,valve1,5.csv
2020-03-09 12:03:14,0.0,valve1,5.csv
2020-03-09 12:03:15,0.0,valve1,5.csv
2020-03-09 12:03:16,0.0,valve1,5.csv
2020-03-09 12:03:17,0.0,valve1,5.csv
2020-03-09 12:03:18,0.0,valve1,5.csv
2020-03-09 12:03:19,0.0,valve1,5.csv
2020-03-09 12:03:20,0.0,valve1,5.csv
2020-03-09 12:03:21,0.0,valve1,5.csv
2020-03-09 12:03:22,0.0,valve1,5.csv
2020-03-09 12:03:23,0.0,valve1,5.csv
2020-03-09 12:03:24,0.0,valve1,5.csv
2020-03-09 12:03:25,0.0,valve1,5.csv
2020-03-09 12:03:26,0.0,valve1,5.csv
2020-03-09 12:03:27,0.0,valve1,5.csv
2020-03-09 12:03:28,0.0,valve1,5.csv
2020-03-09 12:03:29,0.0,valve1,5.csv
2020-03-09 12:03:31,0.0,valve1,5.csv
2020-03-09 12:03:32,0.0,valve1,5.csv
2020-03-09 12:03:33,0.0,valve1,5.csv
2020-03-09 12:03:34,0.0,valve1,5.csv
2020-03-09 12:03:35,0.0,valve1,5.csv
2020-03-09 12:03:36,0.0,valve1,5.csv
2020-03-09 12:03:37,0.0,valve1,5.csv
2020-03-09 12:03:38,0.0,valve1,5.csv
2020-03-09 12:03:39,0.0,valve1,5.csv
2020-03-09 12:03:40,0.0,valve1,5.csv
2020-03-09 12:03:41,0.0,valve1,5.csv
2020-03-09 12:03:42,0.0,valve1,5.csv
2020-03-09 12:03:43,0.0,valve1,5.csv
2020-03-09 12:03:44,0.0,valve1,5.csv
2020-03-09 12:03:45,0.0,valve1,5.csv
2020-03-09 12:03:46,0.0,valve1,5.csv
2020-03-09 12:03:47,0.0,valve1,5.csv
2020-03-09 12:03:48,0.0,valve1,5.csv
2020-03-09 12:03:49,0.0,valve1,5.csv
2020-03-09 12:03:50,0.0,valve1,5.csv
2020-03-09 12:03:51,0.0,valve1,5.csv
2020-03-09 12:03:52,0.0,valve1,5.csv
2020-03-09 12:03:53,0.0,valve1,5.csv
2020-03-09 12:03:54,0.0,valve1,5.csv
2020-03-09 12:03:55,0.0,valve1,5.csv
2020-03-09 12:03:57,0.0,valve1,5.csv
2020-03-09 12:03:58,0.0,valve1,5.csv
2020-03-09 12:03:59,0.0,valve1,5.csv
2020-03-09 12:04:00,0.0,valve1,5.csv
2020-03-09 12:04:01,0.0,valve1,5.csv
2020-03-09 12:04:02,0.0,valve1,5.csv
2020-03-09 12:04:03,0.0,valve1,5.csv
2020-03-09 12:04:04,0.0,valve1,5.csv
2020-03-09 12:04:05,0.0,valve1,5.csv
2020-03-09 12:04:06,0.0,valve1,5.csv
2020-03-09 12:04:07,0.0,valve1,5.csv
2020-03-09 12:04:08,0.0,valve1,5.csv
2020-03-09 12:04:09,0.0,valve1,5.csv
2020-03-09 12:04:10,0.0,valve1,5.csv
2020-03-09 12:04:11,0.0,valve1,5.csv
2020-03-09 12:04:12,0.0,valve1,5.csv
2020-03-09 12:04:13,0.0,valve1,5.csv
2020-03-09 12:04:14,0.0,valve1,5.csv
2020-03-09 12:04:15,0.0,valve1,5.csv
2020-03-09 12:04:16,0.0,valve1,5.csv
2020-03-09 12:04:17,0.0,valve1,5.csv
2020-03-09 12:04:18,0.0,valve1,5.csv
2020-03-09 12:04:19,0.0,valve1,5.csv
2020-03-09 12:04:20,0.0,valve1,5.csv
2020-03-09 12:04:21,0.0,valve1,5.csv
2020-03-09 12:04:23,0.0,valve1,5.csv
2020-03-09 12:04:24,0.0,valve1,5.csv
2020-03-09 12:04:25,0.0,valve1,5.csv
2020-03-09 12:04:26,0.0,valve1,5.csv
2020-03-09 12:04:27,0.0,valve1,5.csv
2020-03-09 12:04:28,0.0,valve1,5.csv
2020-03-09 12:04:29,0.0,valve1,5.csv
2020-03-09 12:04:30,0.0,valve1,5.csv
2020-03-09 12:04:31,0.0,valve1,5.csv
2020-03-09 12:04:32,0.0,valve1,5.csv
2020-03-09 12:04:33,0.0,valve1,5.csv
2020-03-09 12:04:34,0.0,valve1,5.csv
2020-03-09 12:04:35,0.0,valve1,5.csv
2020-03-09 12:04:36,1.0,valve1,5.csv
2020-03-09 12:04:37,0.0,valve1,5.csv
2020-03-09 12:04:38,0.0,valve1,5.csv
2020-03-09 12:04:39,0.0,valve1,5.csv
2020-03-09 12:04:40,0.0,valve1,5.csv
2020-03-09 12:04:41,0.0,valve1,5.csv
2020-03-09 12:04:42,0.0,valve1,5.csv
2020-03-09 12:04:43,0.0,valve1,5.csv
2020-03-09 12:04:44,0.0,valve1,5.csv
2020-03-09 12:04:45,0.0,valve1,5.csv
2020-03-09 12:04:46,0.0,valve1,5.csv
2020-03-09 12:04:47,0.0,valve1,5.csv
2020-03-09 12:04:48,0.0,valve1,5.csv
2020-03-09 12:04:50,0.0,valve1,5.csv
2020-03-09 12:04:51,0.0,valve1,5.csv
2020-03-09 12:04:52,0.0,valve1,5.csv
2020-03-09 12:04:53,0.0,valve1,5.csv
2020-03-09 12:04:54,0.0,valve1,5.csv
2020-03-09 12:04:55,0.0,valve1,5.csv
2020-03-09 12:04:56,0.0,valve1,5.csv
2020-03-09 12:04:57,0.0,valve1,5.csv
2020-03-09 12:04:58,0.0,valve1,5.csv
2020-03-09 12:04:59,0.0,valve1,5.csv
2020-03-09 12:05:00,0.0,valve1,5.csv
2020-03-09 12:05:01,0.0,valve1,5.csv
2020-03-09 12:05:02,0.0,valve1,5.csv
2020-03-09 12:05:03,0.0,valve1,5.csv
2020-03-09 12:05:04,0.0,valve1,5.csv
2020-03-09 12:05:05,0.0,valve1,5.csv
2020-03-09 12:05:06,0.0,valve1,5.csv
2020-03-09 12:05:07,0.0,valve1,5.csv
2020-03-09 12:05:08,0.0,valve1,5.csv
2020-03-09 12:05:09,0.0,valve1,5.csv
2020-03-09 12:05:10,0.0,valve1,5.csv
2020-03-09 12:05:11,0.0,valve1,5.csv
2020-03-09 12:05:12,0.0,valve1,5.csv
2020-03-09 12:05:13,0.0,valve1,5.csv
2020-03-09 12:05:14,0.0,valve1,5.csv
2020-03-09 12:05:16,0.0,valve1,5.csv
2020-03-09 12:05:17,0.0,valve1,5.csv
2020-03-09 12:05:18,0.0,valve1,5.csv
2020-03-09 12:05:19,0.0,valve1,5.csv
2020-03-09 12:05:20,0.0,valve1,5.csv
2020-03-09 12:05:21,0.0,valve1,5.csv
2020-03-09 12:05:22,0.0,valve1,5.csv
2020-03-09 12:05:23,0.0,valve1,5.csv
2020-03-09 12:05:24,0.0,valve1,5.csv
2020-03-09 12:05:25,0.0,valve1,5.csv
2020-03-09 12:05:26,0.0,valve1,5.csv
2020-03-09 12:05:27,0.0,valve1,5.csv
2020-03-09 12:05:28,0.0,valve1,5.csv
2020-03-09 12:05:29,0.0,valve1,5.csv
2020-03-09 12:05:30,0.0,valve1,5.csv
2020-03-09 12:05:31,0.0,valve1,5.csv
2020-03-09 12:05:32,0.0,valve1,5.csv
2020-03-09 12:05:33,0.0,valve1,5.csv
2020-03-09 12:05:34,0.0,valve1,5.csv
2020-03-09 12:05:35,0.0,valve1,5.csv
2020-03-09 12:05:36,1.0,valve1,5.csv
2020-03-09 12:05:37,0.0,valve1,5.csv
2020-03-09 12:05:38,0.0,valve1,5.csv
2020-03-09 12:05:39,0.0,valve1,5.csv
2020-03-09 12:05:40,0.0,valve1,5.csv
2020-03-09 12:05:42,0.0,valve1,5.csv
2020-03-09 12:05:43,0.0,valve1,5.csv
2020-03-09 12:05:44,0.0,valve1,5.csv
2020-03-09 12:05:45,0.0,valve1,5.csv
2020-03-09 12:05:46,0.0,valve1,5.csv
2020-03-09 12:05:47,0.0,valve1,5.csv
2020-03-09 12:05:48,0.0,valve1,5.csv
2020-03-09 12:05:49,0.0,valve1,5.csv
2020-03-09 12:05:50,0.0,valve1,5.csv
2020-03-09 12:05:51,0.0,valve1,5.csv
2020-03-09 12:05:52,0.0,valve1,5.csv
2020-03-09 12:05:53,0.0,valve1,5.csv
2020-03-09 12:05:54,0.0,valve1,5.csv
2020-03-09 12:05:55,0.0,valve1,5.csv
2020-03-09 12:05:56,0.0,valve1,5.csv
2020-03-09 12:05:57,0.0,valve1,5.csv
2020-03-09 12:05:58,0.0,valve1,5.csv
2020-03-09 12:05:59,0.0,valve1,5.csv
2020-03-09 12:06:00,0.0,valve1,5.csv
2020-03-09 12:06:01,0.0,valve1,5.csv
2020-03-09 12:06:02,0.0,valve1,5.csv
2020-03-09 12:06:03,0.0,valve1,5.csv
2020-03-09 12:06:04,0.0,valve1,5.csv
2020-03-09 12:06:05,0.0,valve1,5.csv
2020-03-09 12:06:07,0.0,valve1,5.csv
2020-03-09 12:06:08,0.0,valve1,5.csv
2020-03-09 12:06:09,0.0,valve1,5.csv
2020-03-09 12:06:10,0.0,valve1,5.csv
2020-03-09 12:06:11,0.0,valve1,5.csv
2020-03-09 12:06:12,0.0,valve1,5.csv
2020-03-09 12:06:13,0.0,valve1,5.csv
2020-03-09 12:06:14,0.0,valve1,5.csv
2020-03-09 12:06:15,0.0,valve1,5.csv
2020-03-09 12:06:16,0.0,valve1,5.csv
2020-03-09 12:06:17,0.0,valve1,5.csv
2020-03-09 12:06:18,0.0,valve1,5.csv
2020-03-09 12:06:19,0.0,valve1,5.csv
2020-03-09 12:06:20,0.0,valve1,5.csv
2020-03-09 12:06:21,0.0,valve1,5.csv
2020-03-09 12:06:22,0.0,valve1,5.csv
2020-03-09 12:06:23,0.0,valve1,5.csv
2020-03-09 12:06:24,0.0,valve1,5.csv
2020-03-09 12:06:25,0.0,valve1,5.csv
2020-03-09 12:06:26,0.0,valve1,5.csv
2020-03-09 12:06:27,0.0,valve1,5.csv
2020-03-09 12:06:28,0.0,valve1,5.csv
2020-03-09 12:06:29,0.0,valve1,5.csv
2020-03-09 12:06:30,0.0,valve1,5.csv
2020-03-09 12:06:32,0.0,valve1,5.csv
2020-03-09 12:06:33,0.0,valve1,5.csv
2020-03-09 12:06:34,0.0,valve1,5.csv
2020-03-09 12:06:35,0.0,valve1,5.csv
2020-03-09 12:06:36,0.0,valve1,5.csv
2020-03-09 12:06:37,0.0,valve1,5.csv
2020-03-09 12:06:38,0.0,valve1,5.csv
2020-03-09 12:06:39,0.0,valve1,5.csv
2020-03-09 12:06:40,0.0,valve1,5.csv
2020-03-09 12:06:41,0.0,valve1,5.csv
2020-03-09 12:06:42,0.0,valve1,5.csv
2020-03-09 12:06:43,0.0,valve1,5.csv
2020-03-09 12:06:44,0.0,valve1,5.csv
2020-03-09 12:06:45,0.0,valve1,5.csv
2020-03-09 12:06:46,0.0,valve1,5.csv
2020-03-09 12:06:47,0.0,valve1,5.csv
2020-03-09 12:06:48,0.0,valve1,5.csv
2020-03-09 12:06:49,0.0,valve1,5.csv
2020-03-09 12:06:50,0.0,valve1,5.csv
2020-03-09 12:06:51,0.0,valve1,5.csv
2020-03-09 12:06:52,0.0,valve1,5.csv
2020-03-09 12:06:53,0.0,valve1,5.csv
2020-03-09 12:06:54,0.0,valve1,5.csv
2020-03-09 12:06:55,0.0,valve1,5.csv
2020-03-09 12:06:56,0.0,valve1,5.csv
2020-03-09 12:06:58,0.0,valve1,5.csv
2020-03-09 12:06:59,0.0,valve1,5.csv
2020-03-09 12:07:00,0.0,valve1,5.csv
2020-03-09 12:07:01,0.0,valve1,5.csv
2020-03-09 12:07:02,0.0,valve1,5.csv
2020-03-09 12:07:03,0.0,valve1,5.csv
2020-03-09 12:07:04,0.0,valve1,5.csv
2020-03-09 12:07:05,0.0,valve1,5.csv
2020-03-09 12:07:06,0.0,valve1,5.csv
2020-03-09 12:07:07,0.0,valve1,5.csv
2020-03-09 12:07:08,0.0,valve1,5.csv
2020-03-09 12:07:09,0.0,valve1,5.csv
2020-03-09 12:07:10,0.0,valve1,5.csv
2020-03-09 12:07:11,0.0,valve1,5.csv
2020-03-09 12:07:12,0.0,valve1,5.csv
2020-03-09 12:07:13,0.0,valve1,5.csv
2020-03-09 12:07:14,0.0,valve1,5.csv
2020-03-09 12:07:15,0.0,valve1,5.csv
2020-03-09 12:07:16,0.0,valve1,5.csv
2020-03-09 12:07:17,0.0,valve1,5.csv
2020-03-09 12:07:18,0.0,valve1,5.csv
2020-03-09 12:07:19,0.0,valve1,5.csv
2020-03-09 12:07:20,0.0,valve1,5.csv
2020-03-09 12:07:21,0.0,valve1,5.csv
2020-03-09 12:07:22,0.0,valve1,5.csv
2020-03-09 12:07:23,0.0,valve1,5.csv
2020-03-09 12:07:25,0.0,valve1,5.csv
2020-03-09 12:07:26,0.0,valve1,5.csv
2020-03-09 12:07:27,0.0,valve1,5.csv
2020-03-09 12:07:28,0.0,valve1,5.csv
2020-03-09 12:07:29,0.0,valve1,5.csv
2020-03-09 12:07:30,0.0,valve1,5.csv
2020-03-09 12:07:31,0.0,valve1,5.csv
2020-03-09 12:07:32,0.0,valve1,5.csv
2020-03-09 12:07:33,0.0,valve1,5.csv
2020-03-09 12:07:34,0.0,valve1,5.csv
2020-03-09 12:07:35,0.0,valve1,5.csv
2020-03-09 12:07:36,0.0,valve1,5.csv
2020-03-09 12:07:37,0.0,valve1,5.csv
2020-03-09 12:07:38,0.0,valve1,5.csv
2020-03-09 12:07:39,0.0,valve1,5.csv
2020-03-09 12:07:40,0.0,valve1,5.csv
2020-03-09 12:07:41,0.0,valve1,5.csv
2020-03-09 12:07:42,0.0,valve1,5.csv
2020-03-09 12:07:43,0.0,valve1,5.csv
2020-03-09 12:07:44,0.0,valve1,5.csv
2020-03-09 12:07:45,0.0,valve1,5.csv
2020-03-09 12:07:46,0.0,valve1,5.csv
2020-03-09 12:07:48,0.0,valve1,5.csv
2020-03-09 12:07:49,0.0,valve1,5.csv
2020-03-09 12:07:50,0.0,valve1,5.csv
2020-03-09 12:07:51,0.0,valve1,5.csv
2020-03-09 12:07:52,0.0,valve1,5.csv
2020-03-09 12:07:53,0.0,valve1,5.csv
2020-03-09 12:07:54,0.0,valve1,5.csv
2020-03-09 12:07:55,0.0,valve1,5.csv
2020-03-09 12:07:56,0.0,valve1,5.csv
2020-03-09 12:07:57,0.0,valve1,5.csv
2020-03-09 12:07:58,0.0,valve1,5.csv
2020-03-09 12:07:59,0.0,valve1,5.csv
2020-03-09 12:08:00,0.0,valve1,5.csv
2020-03-09 12:08:01,0.0,valve1,5.csv
2020-03-09 12:08:02,0.0,valve1,5.csv
2020-03-09 12:08:03,0.0,valve1,5.csv
2020-03-09 12:08:04,0.0,valve1,5.csv
2020-03-09 12:08:05,0.0,valve1,5.csv
2020-03-09 12:08:06,0.0,valve1,5.csv
2020-03-09 12:08:07,0.0,valve1,5.csv
2020-03-09 12:08:08,0.0,valve1,5.csv
2020-03-09 12:08:09,0.0,valve1,5.csv
2020-03-09 12:08:10,0.0,valve1,5.csv
2020-03-09 12:08:11,0.0,valve1,5.csv
2020-03-09 12:08:13,0.0,valve1,5.csv
2020-03-09 12:08:14,0.0,valve1,5.csv
2020-03-09 12:08:15,0.0,valve1,5.csv
2020-03-09 12:08:16,0.0,valve1,5.csv
2020-03-09 12:08:17,0.0,valve1,5.csv
2020-03-09 12:08:18,0.0,valve1,5.csv
2020-03-09 12:08:19,0.0,valve1,5.csv
2020-03-09 12:08:20,0.0,valve1,5.csv
2020-03-09 12:08:21,0.0,valve1,5.csv
2020-03-09 12:08:22,0.0,valve1,5.csv
2020-03-09 12:08:23,0.0,valve1,5.csv
2020-03-09 12:08:24,0.0,valve1,5.csv
2020-03-09 12:08:25,0.0,valve1,5.csv
2020-03-09 12:08:26,0.0,valve1,5.csv
2020-03-09 12:08:27,0.0,valve1,5.csv
2020-03-09 12:08:28,0.0,valve1,5.csv
2020-03-09 12:08:29,0.0,valve1,5.csv
2020-03-09 12:08:30,0.0,valve1,5.csv
2020-03-09 12:08:31,0.0,valve1,5.csv
2020-03-09 12:08:32,0.0,valve1,5.csv
2020-03-09 12:08:33,0.0,valve1,5.csv
2020-03-09 12:08:34,0.0,valve1,5.csv
2020-03-09 12:08:35,0.0,valve1,5.csv
2020-03-09 12:08:36,0.0,valve1,5.csv
2020-03-09 12:08:38,0.0,valve1,5.csv
2020-03-09 12:08:39,0.0,valve1,5.csv
2020-03-09 12:08:40,0.0,valve1,5.csv
2020-03-09 12:08:41,0.0,valve1,5.csv
2020-03-09 12:08:42,0.0,valve1,5.csv
2020-03-09 12:08:43,0.0,valve1,5.csv
2020-03-09 12:08:44,0.0,valve1,5.csv
2020-03-09 12:08:45,0.0,valve1,5.csv
2020-03-09 12:08:46,0.0,valve1,5.csv
2020-03-09 12:08:47,0.0,valve1,5.csv
2020-03-09 12:08:48,0.0,valve1,5.csv
2020-03-09 12:08:49,0.0,valve1,5.csv
2020-03-09 12:08:50,0.0,valve1,5.csv
2020-03-09 12:08:51,0.0,valve1,5.csv
2020-03-09 12:08:52,0.0,valve1,5.csv
2020-03-09 12:08:53,0.0,valve1,5.csv
2020-03-09 12:08:54,0.0,valve1,5.csv
2020-03-09 12:08:55,0.0,valve1,5.csv
2020-03-09 12:08:56,0.0,valve1,5.csv
2020-03-09 12:08:57,0.0,valve1,5.csv
2020-03-09 12:08:58,0.0,valve1,5.csv
2020-03-09 12:08:59,0.0,valve1,5.csv
2020-03-09 12:09:01,0.0,valve1,5.csv
2020-03-09 12:09:02,0.0,valve1,5.csv
2020-03-09 12:09:03,0.0,valve1,5.csv
2020-03-09 12:09:04,0.0,valve1,5.csv
2020-03-09 12:09:05,0.0,valve1,5.csv
2020-03-09 12:09:06,0.0,valve1,5.csv
2020-03-09 12:09:07,0.0,valve1,5.csv
2020-03-09 12:09:08,0.0,valve1,5.csv
2020-03-09 12:09:09,0.0,valve1,5.csv
2020-03-09 12:09:10,0.0,valve1,5.csv
2020-03-09 12:09:11,0.0,valve1,5.csv
2020-03-09 12:09:12,0.0,valve1,5.csv
2020-03-09 12:09:13,0.0,valve1,5.csv
2020-03-09 12:09:14,0.0,valve1,5.csv
2020-03-09 12:09:15,0.0,valve1,5.csv
2020-03-09 12:09:17,0.0,valve1,5.csv
2020-03-09 12:09:18,0.0,valve1,5.csv
2020-03-09 12:09:19,0.0,valve1,5.csv
2020-03-09 12:09:20,0.0,valve1,5.csv
2020-03-09 12:09:21,0.0,valve1,5.csv
2020-03-09 12:09:22,0.0,valve1,5.csv
2020-03-09 12:09:23,0.0,valve1,5.csv
2020-03-09 12:09:24,0.0,valve1,5.csv
2020-03-09 12:09:25,0.0,valve1,5.csv
2020-03-09 12:09:26,0.0,valve1,5.csv
2020-03-09 12:09:27,0.0,valve1,5.csv
2020-03-09 12:09:28,0.0,valve1,5.csv
2020-03-09 12:09:29,0.0,valve1,5.csv
2020-03-09 12:09:30,0.0,valve1,5.csv
2020-03-09 12:09:31,0.0,valve1,5.csv
2020-03-09 12:09:32,0.0,valve1,5.csv
2020-03-09 12:09:33,0.0,valve1,5.csv
2020-03-09 12:09:34,0.0,valve1,5.csv
2020-03-09 12:09:35,0.0,valve1,5.csv
2020-03-09 12:09:36,0.0,valve1,5.csv
2020-03-09 12:09:37,0.0,valve1,5.csv
2020-03-09 12:09:38,0.0,valve1,5.csv
2020-03-09 12:09:39,0.0,valve1,5.csv
2020-03-09 12:09:40,0.0,valve1,5.csv
2020-03-09 12:09:41,0.0,valve1,5.csv
2020-03-09 12:09:43,0.0,valve1,5.csv
2020-03-09 12:09:44,0.0,valve1,5.csv
2020-03-09 12:09:45,0.0,valve1,5.csv
2020-03-09 12:09:46,0.0,valve1,5.csv
2020-03-09 12:09:47,0.0,valve1,5.csv
2020-03-09 12:09:48,0.0,valve1,5.csv
2020-03-09 12:09:49,0.0,valve1,5.csv
2020-03-09 12:09:50,0.0,valve1,5.csv
2020-03-09 12:09:51,0.0,valve1,5.csv
2020-03-09 12:09:52,0.0,valve1,5.csv
2020-03-09 12:09:53,0.0,valve1,5.csv
2020-03-09 12:09:54,0.0,valve1,5.csv
2020-03-09 12:09:55,0.0,valve1,5.csv
2020-03-09 12:09:56,0.0,valve1,5.csv
2020-03-09 12:09:57,0.0,valve1,5.csv
2020-03-09 12:09:58,0.0,valve1,5.csv
2020-03-09 12:09:59,0.0,valve1,5.csv
2020-03-09 12:10:00,0.0,valve1,5.csv
2020-03-09 12:10:01,0.0,valve1,5.csv
2020-03-09 12:10:02,0.0,valve1,5.csv
2020-03-09 12:10:03,0.0,valve1,5.csv
2020-03-09 12:10:04,0.0,valve1,5.csv
2020-03-09 12:10:05,0.0,valve1,5.csv
2020-03-09 12:10:06,0.0,valve1,5.csv
2020-03-09 12:10:07,0.0,valve1,5.csv
2020-03-09 12:10:08,0.0,valve1,5.csv
2020-03-09 12:10:10,0.0,valve1,5.csv
2020-03-09 12:10:11,0.0,valve1,5.csv
2020-03-09 12:10:12,0.0,valve1,5.csv
2020-03-09 12:10:13,0.0,valve1,5.csv
2020-03-09 12:10:14,0.0,valve1,5.csv
2020-03-09 12:10:15,0.0,valve1,5.csv
2020-03-09 12:10:16,0.0,valve1,5.csv
2020-03-09 12:10:17,0.0,valve1,5.csv
2020-03-09 12:10:18,0.0,valve1,5.csv
2020-03-09 12:10:19,0.0,valve1,5.csv
2020-03-09 12:10:20,0.0,valve1,5.csv
2020-03-09 12:10:21,0.0,valve1,5.csv
2020-03-09 12:10:22,0.0,valve1,5.csv
2020-03-09 12:10:23,0.0,valve1,5.csv
2020-03-09 12:10:24,0.0,valve1,5.csv
2020-03-09 12:10:25,0.0,valve1,5.csv
2020-03-09 12:10:26,0.0,valve1,5.csv
2020-03-09 12:10:27,0.0,valve1,5.csv
2020-03-09 12:10:28,0.0,valve1,5.csv
2020-03-09 12:10:29,0.0,valve1,5.csv
2020-03-09 12:10:30,0.0,valve1,5.csv
2020-03-09 12:10:31,0.0,valve1,5.csv
2020-03-09 12:10:32,0.0,valve1,5.csv
2020-03-09 12:10:33,0.0,valve1,5.csv
2020-03-09 12:10:34,0.0,valve1,5.csv
2020-03-09 12:10:35,0.0,valve1,5.csv
2020-03-09 12:10:37,1.0,valve1,5.csv
2020-03-09 12:10:38,0.0,valve1,5.csv
2020-03-09 12:10:39,0.0,valve1,5.csv
2020-03-09 12:10:40,0.0,valve1,5.csv
2020-03-09 12:10:41,0.0,valve1,5.csv
2020-03-09 12:10:42,0.0,valve1,5.csv
2020-03-09 12:10:43,0.0,valve1,5.csv
2020-03-09 12:10:44,0.0,valve1,5.csv
2020-03-09 12:10:45,0.0,valve1,5.csv
2020-03-09 12:10:46,0.0,valve1,5.csv
2020-03-09 12:10:47,0.0,valve1,5.csv
2020-03-09 12:10:48,0.0,valve1,5.csv
2020-03-09 12:10:49,0.0,valve1,5.csv
2020-03-09 12:10:50,0.0,valve1,5.csv
2020-03-09 12:10:51,0.0,valve1,5.csv
2020-03-09 12:10:52,0.0,valve1,5.csv
2020-03-09 12:10:53,0.0,valve1,5.csv
2020-03-09 12:10:54,0.0,valve1,5.csv
2020-03-09 12:10:55,0.0,valve1,5.csv
2020-03-09 12:10:56,0.0,valve1,5.csv
2020-03-09 12:10:57,0.0,valve1,5.csv
2020-03-09 12:10:58,0.0,valve1,5.csv
2020-03-09 12:10:59,0.0,valve1,5.csv
2020-03-09 12:11:00,0.0,valve1,5.csv
2020-03-09 12:11:01,0.0,valve1,5.csv
2020-03-09 12:11:02,0.0,valve1,5.csv
2020-03-09 12:11:04,0.0,valve1,5.csv
2020-03-09 12:11:05,0.0,valve1,5.csv
2020-03-09 12:11:06,0.0,valve1,5.csv
2020-03-09 12:11:07,0.0,valve1,5.csv
2020-03-09 12:11:08,0.0,valve1,5.csv
2020-03-09 12:11:09,0.0,valve1,5.csv
2020-03-09 12:11:10,0.0,valve1,5.csv
2020-03-09 12:11:11,0.0,valve1,5.csv
2020-03-09 12:11:12,0.0,valve1,5.csv
2020-03-09 12:11:13,0.0,valve1,5.csv
2020-03-09 12:11:14,0.0,valve1,5.csv
2020-03-09 12:11:15,0.0,valve1,5.csv
2020-03-09 12:11:16,0.0,valve1,5.csv
2020-03-09 12:11:17,0.0,valve1,5.csv
2020-03-09 12:11:18,0.0,valve1,5.csv
2020-03-09 12:11:19,0.0,valve1,5.csv
2020-03-09 12:11:20,0.0,valve1,5.csv
2020-03-09 12:11:21,0.0,valve1,5.csv
2020-03-09 12:11:22,0.0,valve1,5.csv
2020-03-09 12:11:23,0.0,valve1,5.csv
2020-03-09 12:11:24,0.0,valve1,5.csv
2020-03-09 12:11:25,0.0,valve1,5.csv
2020-03-09 12:11:26,0.0,valve1,5.csv
2020-03-09 12:11:27,0.0,valve1,5.csv
2020-03-09 12:11:28,0.0,valve1,5.csv
2020-03-09 12:11:29,0.0,valve1,5.csv
2020-03-09 12:11:31,0.0,valve1,5.csv
2020-03-09 12:11:32,0.0,valve1,5.csv
2020-03-09 12:11:33,0.0,valve1,5.csv
2020-03-09 12:11:34,0.0,valve1,5.csv
2020-03-09 12:11:35,0.0,valve1,5.csv
2020-03-09 12:11:36,1.0,valve1,5.csv
2020-03-09 12:11:37,0.0,valve1,5.csv
2020-03-09 12:11:38,0.0,valve1,5.csv
2020-03-09 12:11:39,0.0,valve1,5.csv
2020-03-09 12:11:40,0.0,valve1,5.csv
2020-03-09 12:11:41,0.0,valve1,5.csv
2020-03-09 12:11:42,0.0,valve1,5.csv
2020-03-09 12:11:43,0.0,valve1,5.csv
2020-03-09 12:11:44,0.0,valve1,5.csv
2020-03-09 12:11:45,0.0,valve1,5.csv
2020-03-09 12:11:46,0.0,valve1,5.csv
2020-03-09 12:11:47,0.0,valve1,5.csv
2020-03-09 12:11:48,0.0,valve1,5.csv
2020-03-09 12:11:49,0.0,valve1,5.csv
2020-03-09 12:11:50,0.0,valve1,5.csv
2020-03-09 12:11:51,0.0,valve1,5.csv
2020-03-09 12:11:52,0.0,valve1,5.csv
2020-03-09 12:11:53,0.0,valve1,5.csv
2020-03-09 12:11:54,0.0,valve1,5.csv
2020-03-09 12:11:55,0.0,valve1,5.csv
2020-03-09 12:11:56,0.0,valve1,5.csv
2020-03-09 12:11:58,0.0,valve1,5.csv
2020-03-09 12:11:59,0.0,valve1,5.csv
2020-03-09 12:12:00,0.0,valve1,5.csv
2020-03-09 12:12:01,0.0,valve1,5.csv
2020-03-09 12:12:02,0.0,valve1,5.csv
2020-03-09 12:12:03,0.0,valve1,5.csv
2020-03-09 12:12:04,0.0,valve1,5.csv
2020-03-09 12:12:05,0.0,valve1,5.csv
2020-03-09 12:12:06,0.0,valve1,5.csv
2020-03-09 12:12:07,0.0,valve1,5.csv
2020-03-09 12:12:08,0.0,valve1,5.csv
2020-03-09 12:12:09,0.0,valve1,5.csv
2020-03-09 12:12:10,0.0,valve1,5.csv
2020-03-09 12:12:11,0.0,valve1,5.csv
2020-03-09 12:12:12,0.0,valve1,5.csv
2020-03-09 12:12:13,0.0,valve1,5.csv
2020-03-09 12:12:14,0.0,valve1,5.csv
2020-03-09 12:12:15,0.0,valve1,5.csv
2020-03-09 12:12:16,0.0,valve1,5.csv
2020-03-09 12:12:17,0.0,valve1,5.csv
2020-03-09 12:12:18,0.0,valve1,5.csv
2020-03-09 12:12:19,0.0,valve1,5.csv
2020-03-09 12:12:20,0.0,valve1,5.csv
2020-03-09 12:12:21,0.0,valve1,5.csv
2020-03-09 12:12:22,0.0,valve1,5.csv
2020-03-09 12:12:23,0.0,valve1,5.csv
2020-03-09 12:12:24,0.0,valve1,5.csv
2020-03-09 12:12:26,0.0,valve1,5.csv
2020-03-09 12:12:27,0.0,valve1,5.csv
2020-03-09 12:12:28,0.0,valve1,5.csv
2020-03-09 12:12:29,0.0,valve1,5.csv
2020-03-09 12:12:30,0.0,valve1,5.csv
2020-03-09 12:12:31,0.0,valve1,5.csv
2020-03-09 12:12:32,0.0,valve1,5.csv
2020-03-09 12:12:33,0.0,valve1,5.csv
2020-03-09 12:12:34,0.0,valve1,5.csv
2020-03-09 12:12:35,0.0,valve1,5.csv
2020-03-09 12:12:36,0.0,valve1,5.csv
2020-03-09 12:12:37,0.0,valve1,5.csv
2020-03-09 12:12:38,0.0,valve1,5.csv
2020-03-09 12:12:39,0.0,valve1,5.csv
2020-03-09 12:12:40,0.0,valve1,5.csv
2020-03-09 12:12:41,0.0,valve1,5.csv
2020-03-09 12:12:42,0.0,valve1,5.csv
2020-03-09 12:12:43,0.0,valve1,5.csv
2020-03-09 12:12:44,0.0,valve1,5.csv
2020-03-09 12:12:45,0.0,valve1,5.csv
2020-03-09 12:12:46,0.0,valve1,5.csv
2020-03-09 12:12:47,0.0,valve1,5.csv
2020-03-09 12:12:48,0.0,valve1,5.csv
2020-03-09 12:12:49,0.0,valve1,5.csv
2020-03-09 12:12:50,0.0,valve1,5.csv
2020-03-09 12:12:51,0.0,valve1,5.csv
2020-03-09 12:12:53,0.0,valve1,5.csv
2020-03-09 12:12:54,0.0,valve1,5.csv
2020-03-09 12:12:55,0.0,valve1,5.csv
2020-03-09 12:12:56,0.0,valve1,5.csv
2020-03-09 12:12:57,0.0,valve1,5.csv
2020-03-09 12:12:58,0.0,valve1,5.csv
2020-03-09 12:12:59,0.0,valve1,5.csv
2020-03-09 12:13:00,0.0,valve1,5.csv
2020-03-09 12:13:01,0.0,valve1,5.csv
2020-03-09 12:13:02,0.0,valve1,5.csv
2020-03-09 12:13:03,0.0,valve1,5.csv
2020-03-09 12:13:04,0.0,valve1,5.csv
2020-03-09 12:13:05,0.0,valve1,5.csv
2020-03-09 12:13:06,0.0,valve1,5.csv
2020-03-09 12:13:07,0.0,valve1,5.csv
2020-03-09 12:13:08,0.0,valve1,5.csv
2020-03-09 12:13:09,0.0,valve1,5.csv
2020-03-09 12:13:10,0.0,valve1,5.csv
2020-03-09 12:13:11,0.0,valve1,5.csv
2020-03-09 12:13:12,0.0,valve1,5.csv
2020-03-09 12:13:13,0.0,valve1,5.csv
2020-03-09 12:13:14,0.0,valve1,5.csv
2020-03-09 12:13:15,0.0,valve1,5.csv
2020-03-09 12:13:16,0.0,valve1,5.csv
2020-03-09 12:13:17,0.0,valve1,5.csv
2020-03-09 12:13:19,0.0,valve1,5.csv
2020-03-09 12:13:20,0.0,valve1,5.csv
2020-03-09 12:13:21,0.0,valve1,5.csv
2020-03-09 12:13:22,0.0,valve1,5.csv
2020-03-09 12:13:23,0.0,valve1,5.csv
2020-03-09 12:13:24,0.0,valve1,5.csv
2020-03-09 12:13:25,0.0,valve1,5.csv
2020-03-09 12:13:26,0.0,valve1,5.csv
2020-03-09 12:13:27,0.0,valve1,5.csv
2020-03-09 12:13:28,0.0,valve1,5.csv
2020-03-09 12:13:29,0.0,valve1,5.csv
2020-03-09 12:13:30,0.0,valve1,5.csv
2020-03-09 12:13:31,0.0,valve1,5.csv
2020-03-09 12:13:32,0.0,valve1,5.csv
2020-03-09 12:13:33,0.0,valve1,5.csv
2020-03-09 12:13:34,0.0,valve1,5.csv
2020-03-09 12:13:35,0.0,valve1,5.csv
2020-03-09 12:13:36,0.0,valve1,5.csv
2020-03-09 12:13:37,0.0,valve1,5.csv
2020-03-09 12:13:38,0.0,valve1,5.csv
2020-03-09 12:13:39,0.0,valve1,5.csv
2020-03-09 12:13:40,0.0,valve1,5.csv
2020-03-09 12:13:41,0.0,valve1,5.csv
2020-03-09 12:13:42,0.0,valve1,5.csv
2020-03-09 12:13:43,0.0,valve1,5.csv
2020-03-09 12:13:44,0.0,valve1,5.csv
2020-03-09 12:13:45,0.0,valve1,5.csv
2020-03-09 12:13:47,0.0,valve1,5.csv
2020-03-09 12:13:48,0.0,valve1,5.csv
2020-03-09 12:13:49,0.0,valve1,5.csv
2020-03-09 12:13:50,0.0,valve1,5.csv
2020-03-09 12:13:51,0.0,valve1,5.csv
2020-03-09 12:13:52,0.0,valve1,5.csv
2020-03-09 12:13:53,0.0,valve1,5.csv
2020-03-09 12:13:54,0.0,valve1,5.csv
2020-03-09 12:13:55,0.0,valve1,5.csv
2020-03-09 12:13:56,0.0,valve1,5.csv
2020-03-09 12:13:57,0.0,valve1,5.csv
2020-03-09 12:13:58,0.0,valve1,5.csv
2020-03-09 12:13:59,0.0,valve1,5.csv
2020-03-09 12:14:00,0.0,valve1,5.csv
2020-03-09 12:14:01,0.0,valve1,5.csv
2020-03-09 12:14:02,0.0,valve1,5.csv
2020-03-09 12:14:03,0.0,valve1,5.csv
2020-03-09 12:14:04,0.0,valve1,5.csv
2020-03-09 12:14:05,0.0,valve1,5.csv
2020-03-09 12:14:06,0.0,valve1,5.csv
2020-03-09 12:14:07,0.0,valve1,5.csv
2020-03-09 12:14:08,0.0,valve1,5.csv
2020-03-09 12:14:09,0.0,valve1,5.csv
2020-03-09 12:14:10,0.0,valve1,5.csv
2020-03-09 12:14:11,0.0,valve1,5.csv
2020-03-09 12:14:12,0.0,valve1,5.csv
2020-03-09 12:14:14,0.0,valve1,5.csv
2020-03-09 12:14:15,0.0,valve1,5.csv
2020-03-09 12:14:16,0.0,valve1,5.csv
2020-03-09 12:14:17,0.0,valve1,5.csv
2020-03-09 12:14:18,0.0,valve1,5.csv
2020-03-09 12:14:19,0.0,valve1,5.csv
2020-03-09 12:14:20,0.0,valve1,5.csv
2020-03-09 12:14:21,0.0,valve1,5.csv
2020-03-09 12:14:22,0.0,valve1,5.csv
2020-03-09 12:14:23,0.0,valve1,5.csv
2020-03-09 12:14:24,0.0,valve1,5.csv
2020-03-09 12:14:25,0.0,valve1,5.csv
2020-03-09 12:14:26,0.0,valve1,5.csv
2020-03-09 12:14:27,0.0,valve1,5.csv
2020-03-09 12:14:28,0.0,valve1,5.csv
2020-03-09 12:14:29,0.0,valve1,5.csv
2020-03-09 12:14:30,0.0,valve1,5.csv
2020-03-09 12:14:31,0.0,valve1,5.csv
2020-03-09 12:14:32,0.0,valve1,5.csv
2020-03-09 12:14:33,0.0,valve1,5.csv
2020-03-09 12:14:34,0.0,valve1,5.csv
2020-03-09 12:14:35,0.0,valve1,5.csv
2020-03-09 12:14:36,0.0,valve1,6.csv
2020-03-09 12:14:37,0.0,valve1,6.csv
2020-03-09 12:14:38,0.0,valve1,6.csv
2020-03-09 12:14:39,0.0,valve1,6.csv
2020-03-09 12:14:41,0.0,valve1,6.csv
2020-03-09 12:14:42,0.0,valve1,6.csv
2020-03-09 12:14:43,0.0,valve1,6.csv
2020-03-09 12:14:44,0.0,valve1,6.csv
2020-03-09 12:14:45,0.0,valve1,6.csv
2020-03-09 12:14:46,0.0,valve1,6.csv
2020-03-09 12:14:47,0.0,valve1,6.csv
2020-03-09 12:14:48,0.0,valve1,6.csv
2020-03-09 12:14:49,0.0,valve1,6.csv
2020-03-09 12:14:50,0.0,valve1,6.csv
2020-03-09 12:14:51,0.0,valve1,6.csv
2020-03-09 12:14:52,0.0,valve1,6.csv
2020-03-09 12:14:53,0.0,valve1,6.csv
2020-03-09 12:14:54,0.0,valve1,6.csv
2020-03-09 12:14:55,0.0,valve1,6.csv
2020-03-09 12:14:56,0.0,valve1,6.csv
2020-03-09 12:14:57,0.0,valve1,6.csv
2020-03-09 12:14:58,0.0,valve1,6.csv
2020-03-09 12:14:59,0.0,valve1,6.csv
2020-03-09 12:15:00,0.0,valve1,6.csv
2020-03-09 12:15:01,0.0,valve1,6.csv
2020-03-09 12:15:02,0.0,valve1,6.csv
2020-03-09 12:15:03,0.0,valve1,6.csv
2020-03-09 12:15:04,0.0,valve1,6.csv
2020-03-09 12:15:05,0.0,valve1,6.csv
2020-03-09 12:15:07,0.0,valve1,6.csv
2020-03-09 12:15:08,0.0,valve1,6.csv
2020-03-09 12:15:09,0.0,valve1,6.csv
2020-03-09 12:15:10,0.0,valve1,6.csv
2020-03-09 12:15:11,0.0,valve1,6.csv
2020-03-09 12:15:12,0.0,valve1,6.csv
2020-03-09 12:15:13,0.0,valve1,6.csv
2020-03-09 12:15:14,0.0,valve1,6.csv
2020-03-09 12:15:15,0.0,valve1,6.csv
2020-03-09 12:15:16,0.0,valve1,6.csv
2020-03-09 12:15:17,0.0,valve1,6.csv
2020-03-09 12:15:18,0.0,valve1,6.csv
2020-03-09 12:15:19,0.0,valve1,6.csv
2020-03-09 12:15:20,0.0,valve1,6.csv
2020-03-09 12:15:21,0.0,valve1,6.csv
2020-03-09 12:15:22,0.0,valve1,6.csv
2020-03-09 12:15:23,0.0,valve1,6.csv
2020-03-09 12:15:24,0.0,valve1,6.csv
2020-03-09 12:15:25,0.0,valve1,6.csv
2020-03-09 12:15:26,0.0,valve1,6.csv
2020-03-09 12:15:27,0.0,valve1,6.csv
2020-03-09 12:15:28,0.0,valve1,6.csv
2020-03-09 12:15:29,0.0,valve1,6.csv
2020-03-09 12:15:30,0.0,valve1,6.csv
2020-03-09 12:15:31,0.0,valve1,6.csv
2020-03-09 12:15:32,0.0,valve1,6.csv
2020-03-09 12:15:34,0.0,valve1,6.csv
2020-03-09 12:15:35,0.0,valve1,6.csv
2020-03-09 12:15:36,0.0,valve1,6.csv
2020-03-09 12:15:37,0.0,valve1,6.csv
2020-03-09 12:15:38,0.0,valve1,6.csv
2020-03-09 12:15:39,0.0,valve1,6.csv
2020-03-09 12:15:40,0.0,valve1,6.csv
2020-03-09 12:15:41,0.0,valve1,6.csv
2020-03-09 12:15:42,0.0,valve1,6.csv
2020-03-09 12:15:43,0.0,valve1,6.csv
2020-03-09 12:15:44,0.0,valve1,6.csv
2020-03-09 12:15:45,0.0,valve1,6.csv
2020-03-09 12:15:46,0.0,valve1,6.csv
2020-03-09 12:15:47,0.0,valve1,6.csv
2020-03-09 12:15:48,0.0,valve1,6.csv
2020-03-09 12:15:49,0.0,valve1,6.csv
2020-03-09 12:15:50,0.0,valve1,6.csv
2020-03-09 12:15:51,0.0,valve1,6.csv
2020-03-09 12:15:52,0.0,valve1,6.csv
2020-03-09 12:15:53,0.0,valve1,6.csv
2020-03-09 12:15:54,0.0,valve1,6.csv
2020-03-09 12:15:55,0.0,valve1,6.csv
2020-03-09 12:15:56,0.0,valve1,6.csv
2020-03-09 12:15:58,0.0,valve1,6.csv
2020-03-09 12:15:59,0.0,valve1,6.csv
2020-03-09 12:16:00,0.0,valve1,6.csv
2020-03-09 12:16:01,0.0,valve1,6.csv
2020-03-09 12:16:02,0.0,valve1,6.csv
2020-03-09 12:16:03,0.0,valve1,6.csv
2020-03-09 12:16:04,0.0,valve1,6.csv
2020-03-09 12:16:05,0.0,valve1,6.csv
2020-03-09 12:16:06,0.0,valve1,6.csv
2020-03-09 12:16:07,0.0,valve1,6.csv
2020-03-09 12:16:08,0.0,valve1,6.csv
2020-03-09 12:16:09,0.0,valve1,6.csv
2020-03-09 12:16:10,0.0,valve1,6.csv
2020-03-09 12:16:11,0.0,valve1,6.csv
2020-03-09 12:16:12,0.0,valve1,6.csv
2020-03-09 12:16:13,0.0,valve1,6.csv
2020-03-09 12:16:14,0.0,valve1,6.csv
2020-03-09 12:16:15,0.0,valve1,6.csv
2020-03-09 12:16:16,0.0,valve1,6.csv
2020-03-09 12:16:17,0.0,valve1,6.csv
2020-03-09 12:16:18,0.0,valve1,6.csv
2020-03-09 12:16:19,0.0,valve1,6.csv
2020-03-09 12:16:20,0.0,valve1,6.csv
2020-03-09 12:16:21,0.0,valve1,6.csv
2020-03-09 12:16:22,0.0,valve1,6.csv
2020-03-09 12:16:23,0.0,valve1,6.csv
2020-03-09 12:16:25,0.0,valve1,6.csv
2020-03-09 12:16:26,0.0,valve1,6.csv
2020-03-09 12:16:27,0.0,valve1,6.csv
2020-03-09 12:16:28,0.0,valve1,6.csv
2020-03-09 12:16:29,0.0,valve1,6.csv
2020-03-09 12:16:30,0.0,valve1,6.csv
2020-03-09 12:16:31,0.0,valve1,6.csv
2020-03-09 12:16:32,0.0,valve1,6.csv
2020-03-09 12:16:33,0.0,valve1,6.csv
2020-03-09 12:16:34,0.0,valve1,6.csv
2020-03-09 12:16:35,0.0,valve1,6.csv
2020-03-09 12:16:36,0.0,valve1,6.csv
2020-03-09 12:16:37,0.0,valve1,6.csv
2020-03-09 12:16:38,0.0,valve1,6.csv
2020-03-09 12:16:39,0.0,valve1,6.csv
2020-03-09 12:16:40,0.0,valve1,6.csv
2020-03-09 12:16:41,0.0,valve1,6.csv
2020-03-09 12:16:42,0.0,valve1,6.csv
2020-03-09 12:16:43,0.0,valve1,6.csv
2020-03-09 12:16:44,0.0,valve1,6.csv
2020-03-09 12:16:45,0.0,valve1,6.csv
2020-03-09 12:16:46,0.0,valve1,6.csv
2020-03-09 12:16:47,0.0,valve1,6.csv
2020-03-09 12:16:48,0.0,valve1,6.csv
2020-03-09 12:16:49,0.0,valve1,6.csv
2020-03-09 12:16:51,0.0,valve1,6.csv
2020-03-09 12:16:52,0.0,valve1,6.csv
2020-03-09 12:16:53,0.0,valve1,6.csv
2020-03-09 12:16:54,0.0,valve1,6.csv
2020-03-09 12:16:55,0.0,valve1,6.csv
2020-03-09 12:16:56,0.0,valve1,6.csv
2020-03-09 12:16:57,0.0,valve1,6.csv
2020-03-09 12:16:58,0.0,valve1,6.csv
2020-03-09 12:16:59,0.0,valve1,6.csv
2020-03-09 12:17:00,0.0,valve1,6.csv
2020-03-09 12:17:01,0.0,valve1,6.csv
2020-03-09 12:17:02,0.0,valve1,6.csv
2020-03-09 12:17:03,0.0,valve1,6.csv
2020-03-09 12:17:04,0.0,valve1,6.csv
2020-03-09 12:17:05,0.0,valve1,6.csv
2020-03-09 12:17:06,0.0,valve1,6.csv
2020-03-09 12:17:07,0.0,valve1,6.csv
2020-03-09 12:17:08,0.0,valve1,6.csv
2020-03-09 12:17:09,0.0,valve1,6.csv
2020-03-09 12:17:10,0.0,valve1,6.csv
2020-03-09 12:17:11,0.0,valve1,6.csv
2020-03-09 12:17:12,0.0,valve1,6.csv
2020-03-09 12:17:13,0.0,valve1,6.csv
2020-03-09 12:17:14,0.0,valve1,6.csv
2020-03-09 12:17:15,0.0,valve1,6.csv
2020-03-09 12:17:16,0.0,valve1,6.csv
2020-03-09 12:17:18,0.0,valve1,6.csv
2020-03-09 12:17:19,0.0,valve1,6.csv
2020-03-09 12:17:20,0.0,valve1,6.csv
2020-03-09 12:17:21,0.0,valve1,6.csv
2020-03-09 12:17:22,0.0,valve1,6.csv
2020-03-09 12:17:23,0.0,valve1,6.csv
2020-03-09 12:17:24,0.0,valve1,6.csv
2020-03-09 12:17:25,0.0,valve1,6.csv
2020-03-09 12:17:26,0.0,valve1,6.csv
2020-03-09 12:17:27,0.0,valve1,6.csv
2020-03-09 12:17:28,0.0,valve1,6.csv
2020-03-09 12:17:29,0.0,valve1,6.csv
2020-03-09 12:17:30,0.0,valve1,6.csv
2020-03-09 12:17:31,0.0,valve1,6.csv
2020-03-09 12:17:32,0.0,valve1,6.csv
2020-03-09 12:17:33,0.0,valve1,6.csv
2020-03-09 12:17:34,0.0,valve1,6.csv
2020-03-09 12:17:35,0.0,valve1,6.csv
2020-03-09 12:17:36,0.0,valve1,6.csv
2020-03-09 12:17:37,0.0,valve1,6.csv
2020-03-09 12:17:38,0.0,valve1,6.csv
2020-03-09 12:17:39,0.0,valve1,6.csv
2020-03-09 12:17:40,0.0,valve1,6.csv
2020-03-09 12:17:41,0.0,valve1,6.csv
2020-03-09 12:17:43,0.0,valve1,6.csv
2020-03-09 12:17:44,0.0,valve1,6.csv
2020-03-09 12:17:45,0.0,valve1,6.csv
2020-03-09 12:17:46,0.0,valve1,6.csv
2020-03-09 12:17:47,0.0,valve1,6.csv
2020-03-09 12:17:48,0.0,valve1,6.csv
2020-03-09 12:17:49,0.0,valve1,6.csv
2020-03-09 12:17:50,0.0,valve1,6.csv
2020-03-09 12:17:51,0.0,valve1,6.csv
2020-03-09 12:17:52,0.0,valve1,6.csv
2020-03-09 12:17:53,0.0,valve1,6.csv
2020-03-09 12:17:54,0.0,valve1,6.csv
2020-03-09 12:17:55,0.0,valve1,6.csv
2020-03-09 12:17:56,0.0,valve1,6.csv
2020-03-09 12:17:57,0.0,valve1,6.csv
2020-03-09 12:17:58,0.0,valve1,6.csv
2020-03-09 12:17:59,0.0,valve1,6.csv
2020-03-09 12:18:00,0.0,valve1,6.csv
2020-03-09 12:18:01,0.0,valve1,6.csv
2020-03-09 12:18:02,0.0,valve1,6.csv
2020-03-09 12:18:03,0.0,valve1,6.csv
2020-03-09 12:18:04,0.0,valve1,6.csv
2020-03-09 12:18:05,0.0,valve1,6.csv
2020-03-09 12:18:07,0.0,valve1,6.csv
2020-03-09 12:18:08,0.0,valve1,6.csv
2020-03-09 12:18:09,0.0,valve1,6.csv
2020-03-09 12:18:10,0.0,valve1,6.csv
2020-03-09 12:18:11,0.0,valve1,6.csv
2020-03-09 12:18:12,0.0,valve1,6.csv
2020-03-09 12:18:13,0.0,valve1,6.csv
2020-03-09 12:18:14,0.0,valve1,6.csv
2020-03-09 12:18:15,0.0,valve1,6.csv
2020-03-09 12:18:16,0.0,valve1,6.csv
2020-03-09 12:18:17,0.0,valve1,6.csv
2020-03-09 12:18:18,0.0,valve1,6.csv
2020-03-09 12:18:19,0.0,valve1,6.csv
2020-03-09 12:18:20,0.0,valve1,6.csv
2020-03-09 12:18:21,0.0,valve1,6.csv
2020-03-09 12:18:22,0.0,valve1,6.csv
2020-03-09 12:18:23,0.0,valve1,6.csv
2020-03-09 12:18:24,0.0,valve1,6.csv
2020-03-09 12:18:25,0.0,valve1,6.csv
2020-03-09 12:18:26,0.0,valve1,6.csv
2020-03-09 12:18:27,0.0,valve1,6.csv
2020-03-09 12:18:28,0.0,valve1,6.csv
2020-03-09 12:18:29,0.0,valve1,6.csv
2020-03-09 12:18:31,0.0,valve1,6.csv
2020-03-09 12:18:32,0.0,valve1,6.csv
2020-03-09 12:18:33,0.0,valve1,6.csv
2020-03-09 12:18:34,0.0,valve1,6.csv
2020-03-09 12:18:35,0.0,valve1,6.csv
2020-03-09 12:18:36,0.0,valve1,6.csv
2020-03-09 12:18:37,0.0,valve1,6.csv
2020-03-09 12:18:38,0.0,valve1,6.csv
2020-03-09 12:18:39,0.0,valve1,6.csv
2020-03-09 12:18:40,0.0,valve1,6.csv
2020-03-09 12:18:41,0.0,valve1,6.csv
2020-03-09 12:18:42,0.0,valve1,6.csv
2020-03-09 12:18:43,0.0,valve1,6.csv
2020-03-09 12:18:44,0.0,valve1,6.csv
2020-03-09 12:18:45,0.0,valve1,6.csv
2020-03-09 12:18:46,0.0,valve1,6.csv
2020-03-09 12:18:47,0.0,valve1,6.csv
2020-03-09 12:18:48,0.0,valve1,6.csv
2020-03-09 12:18:49,0.0,valve1,6.csv
2020-03-09 12:18:50,0.0,valve1,6.csv
2020-03-09 12:18:51,0.0,valve1,6.csv
2020-03-09 12:18:52,0.0,valve1,6.csv
2020-03-09 12:18:53,0.0,valve1,6.csv
2020-03-09 12:18:54,0.0,valve1,6.csv
2020-03-09 12:18:55,0.0,valve1,6.csv
2020-03-09 12:18:57,0.0,valve1,6.csv
2020-03-09 12:18:58,0.0,valve1,6.csv
2020-03-09 12:18:59,0.0,valve1,6.csv
2020-03-09 12:19:00,0.0,valve1,6.csv
2020-03-09 12:19:01,0.0,valve1,6.csv
2020-03-09 12:19:02,0.0,valve1,6.csv
2020-03-09 12:19:03,0.0,valve1,6.csv
2020-03-09 12:19:04,0.0,valve1,6.csv
2020-03-09 12:19:05,0.0,valve1,6.csv
2020-03-09 12:19:06,0.0,valve1,6.csv
2020-03-09 12:19:07,0.0,valve1,6.csv
2020-03-09 12:19:08,0.0,valve1,6.csv
2020-03-09 12:19:09,0.0,valve1,6.csv
2020-03-09 12:19:10,0.0,valve1,6.csv
2020-03-09 12:19:11,0.0,valve1,6.csv
2020-03-09 12:19:12,0.0,valve1,6.csv
2020-03-09 12:19:13,0.0,valve1,6.csv
2020-03-09 12:19:14,0.0,valve1,6.csv
2020-03-09 12:19:16,0.0,valve1,6.csv
2020-03-09 12:19:17,0.0,valve1,6.csv
2020-03-09 12:19:18,0.0,valve1,6.csv
2020-03-09 12:19:19,0.0,valve1,6.csv
2020-03-09 12:19:20,0.0,valve1,6.csv
2020-03-09 12:19:21,0.0,valve1,6.csv
2020-03-09 12:19:22,0.0,valve1,6.csv
2020-03-09 12:19:23,0.0,valve1,6.csv
2020-03-09 12:19:24,0.0,valve1,6.csv
2020-03-09 12:19:25,0.0,valve1,6.csv
2020-03-09 12:19:26,0.0,valve1,6.csv
2020-03-09 12:19:27,0.0,valve1,6.csv
2020-03-09 12:19:28,0.0,valve1,6.csv
2020-03-09 12:19:29,0.0,valve1,6.csv
2020-03-09 12:19:30,0.0,valve1,6.csv
2020-03-09 12:19:31,0.0,valve1,6.csv
2020-03-09 12:19:32,0.0,valve1,6.csv
2020-03-09 12:19:33,0.0,valve1,6.csv
2020-03-09 12:19:34,0.0,valve1,6.csv
2020-03-09 12:19:35,0.0,valve1,6.csv
2020-03-09 12:19:36,0.0,valve1,6.csv
2020-03-09 12:19:37,0.0,valve1,6.csv
2020-03-09 12:19:38,0.0,valve1,6.csv
2020-03-09 12:19:39,0.0,valve1,6.csv
2020-03-09 12:19:40,0.0,valve1,6.csv
2020-03-09 12:19:42,0.0,valve1,6.csv
2020-03-09 12:19:43,0.0,valve1,6.csv
2020-03-09 12:19:44,0.0,valve1,6.csv
2020-03-09 12:19:45,0.0,valve1,6.csv
2020-03-09 12:19:46,0.0,valve1,6.csv
2020-03-09 12:19:47,0.0,valve1,6.csv
2020-03-09 12:19:48,0.0,valve1,6.csv
2020-03-09 12:19:49,0.0,valve1,6.csv
2020-03-09 12:19:50,0.0,valve1,6.csv
2020-03-09 12:19:51,0.0,valve1,6.csv
2020-03-09 12:19:52,0.0,valve1,6.csv
2020-03-09 12:19:53,0.0,valve1,6.csv
2020-03-09 12:19:54,0.0,valve1,6.csv
2020-03-09 12:19:55,0.0,valve1,6.csv
2020-03-09 12:19:56,0.0,valve1,6.csv
2020-03-09 12:19:57,0.0,valve1,6.csv
2020-03-09 12:19:58,0.0,valve1,6.csv
2020-03-09 12:19:59,0.0,valve1,6.csv
2020-03-09 12:20:00,0.0,valve1,6.csv
2020-03-09 12:20:01,0.0,valve1,6.csv
2020-03-09 12:20:02,0.0,valve1,6.csv
2020-03-09 12:20:03,0.0,valve1,6.csv
2020-03-09 12:20:04,0.0,valve1,6.csv
2020-03-09 12:20:05,0.0,valve1,6.csv
2020-03-09 12:20:07,0.0,valve1,6.csv
2020-03-09 12:20:08,0.0,valve1,6.csv
2020-03-09 12:20:09,0.0,valve1,6.csv
2020-03-09 12:20:10,0.0,valve1,6.csv
2020-03-09 12:20:11,0.0,valve1,6.csv
2020-03-09 12:20:12,0.0,valve1,6.csv
2020-03-09 12:20:13,0.0,valve1,6.csv
2020-03-09 12:20:14,0.0,valve1,6.csv
2020-03-09 12:20:15,0.0,valve1,6.csv
2020-03-09 12:20:16,0.0,valve1,6.csv
2020-03-09 12:20:17,0.0,valve1,6.csv
2020-03-09 12:20:18,0.0,valve1,6.csv
2020-03-09 12:20:19,0.0,valve1,6.csv
2020-03-09 12:20:20,0.0,valve1,6.csv
2020-03-09 12:20:21,0.0,valve1,6.csv
2020-03-09 12:20:22,0.0,valve1,6.csv
2020-03-09 12:20:23,0.0,valve1,6.csv
2020-03-09 12:20:24,0.0,valve1,6.csv
2020-03-09 12:20:25,0.0,valve1,6.csv
2020-03-09 12:20:26,0.0,valve1,6.csv
2020-03-09 12:20:27,0.0,valve1,6.csv
2020-03-09 12:20:28,0.0,valve1,6.csv
2020-03-09 12:20:29,0.0,valve1,6.csv
2020-03-09 12:20:30,0.0,valve1,6.csv
2020-03-09 12:20:31,0.0,valve1,6.csv
2020-03-09 12:20:33,0.0,valve1,6.csv
2020-03-09 12:20:34,0.0,valve1,6.csv
2020-03-09 12:20:35,0.0,valve1,6.csv
2020-03-09 12:20:36,0.0,valve1,6.csv
2020-03-09 12:20:37,0.0,valve1,6.csv
2020-03-09 12:20:38,0.0,valve1,6.csv
2020-03-09 12:20:39,0.0,valve1,6.csv
2020-03-09 12:20:40,0.0,valve1,6.csv
2020-03-09 12:20:41,0.0,valve1,6.csv
2020-03-09 12:20:42,0.0,valve1,6.csv
2020-03-09 12:20:43,0.0,valve1,6.csv
2020-03-09 12:20:44,0.0,valve1,6.csv
2020-03-09 12:20:45,0.0,valve1,6.csv
2020-03-09 12:20:46,0.0,valve1,6.csv
2020-03-09 12:20:47,0.0,valve1,6.csv
2020-03-09 12:20:48,0.0,valve1,6.csv
2020-03-09 12:20:49,0.0,valve1,6.csv
2020-03-09 12:20:50,0.0,valve1,6.csv
2020-03-09 12:20:51,0.0,valve1,6.csv
2020-03-09 12:20:52,0.0,valve1,6.csv
2020-03-09 12:20:53,0.0,valve1,6.csv
2020-03-09 12:20:54,0.0,valve1,6.csv
2020-03-09 12:20:55,0.0,valve1,6.csv
2020-03-09 12:20:56,0.0,valve1,6.csv
2020-03-09 12:20:57,0.0,valve1,6.csv
2020-03-09 12:20:58,0.0,valve1,6.csv
2020-03-09 12:21:00,0.0,valve1,6.csv
2020-03-09 12:21:01,0.0,valve1,6.csv
2020-03-09 12:21:02,0.0,valve1,6.csv
2020-03-09 12:21:03,0.0,valve1,6.csv
2020-03-09 12:21:04,0.0,valve1,6.csv
2020-03-09 12:21:05,0.0,valve1,6.csv
2020-03-09 12:21:06,0.0,valve1,6.csv
2020-03-09 12:21:07,0.0,valve1,6.csv
2020-03-09 12:21:08,0.0,valve1,6.csv
2020-03-09 12:21:09,0.0,valve1,6.csv
2020-03-09 12:21:10,0.0,valve1,6.csv
2020-03-09 12:21:11,0.0,valve1,6.csv
2020-03-09 12:21:12,0.0,valve1,6.csv
2020-03-09 12:21:13,0.0,valve1,6.csv
2020-03-09 12:21:14,0.0,valve1,6.csv
2020-03-09 12:21:15,0.0,valve1,6.csv
2020-03-09 12:21:16,0.0,valve1,6.csv
2020-03-09 12:21:17,0.0,valve1,6.csv
2020-03-09 12:21:18,0.0,valve1,6.csv
2020-03-09 12:21:19,0.0,valve1,6.csv
2020-03-09 12:21:20,0.0,valve1,6.csv
2020-03-09 12:21:21,0.0,valve1,6.csv
2020-03-09 12:21:22,0.0,valve1,6.csv
2020-03-09 12:21:23,0.0,valve1,6.csv
2020-03-09 12:21:24,0.0,valve1,6.csv
2020-03-09 12:21:26,0.0,valve1,6.csv
2020-03-09 12:21:27,0.0,valve1,6.csv
2020-03-09 12:21:28,0.0,valve1,6.csv
2020-03-09 12:21:29,0.0,valve1,6.csv
2020-03-09 12:21:30,0.0,valve1,6.csv
2020-03-09 12:21:31,0.0,valve1,6.csv
2020-03-09 12:21:32,0.0,valve1,6.csv
2020-03-09 12:21:33,0.0,valve1,6.csv
2020-03-09 12:21:34,0.0,valve1,6.csv
2020-03-09 12:21:35,0.0,valve1,6.csv
2020-03-09 12:21:36,0.0,valve1,6.csv
2020-03-09 12:21:37,0.0,valve1,6.csv
2020-03-09 12:21:38,0.0,valve1,6.csv
2020-03-09 12:21:39,0.0,valve1,6.csv
2020-03-09 12:21:40,0.0,valve1,6.csv
2020-03-09 12:21:41,0.0,valve1,6.csv
2020-03-09 12:21:42,0.0,valve1,6.csv
2020-03-09 12:21:43,0.0,valve1,6.csv
2020-03-09 12:21:44,0.0,valve1,6.csv
2020-03-09 12:21:45,0.0,valve1,6.csv
2020-03-09 12:21:46,0.0,valve1,6.csv
2020-03-09 12:21:47,0.0,valve1,6.csv
2020-03-09 12:21:48,0.0,valve1,6.csv
2020-03-09 12:21:49,0.0,valve1,6.csv
2020-03-09 12:21:51,0.0,valve1,6.csv
2020-03-09 12:21:52,0.0,valve1,6.csv
2020-03-09 12:21:53,0.0,valve1,6.csv
2020-03-09 12:21:54,0.0,valve1,6.csv
2020-03-09 12:21:55,0.0,valve1,6.csv
2020-03-09 12:21:56,0.0,valve1,6.csv
2020-03-09 12:21:57,0.0,valve1,6.csv
2020-03-09 12:21:58,0.0,valve1,6.csv
2020-03-09 12:21:59,0.0,valve1,6.csv
2020-03-09 12:22:00,0.0,valve1,6.csv
2020-03-09 12:22:01,0.0,valve1,6.csv
2020-03-09 12:22:02,0.0,valve1,6.csv
2020-03-09 12:22:03,0.0,valve1,6.csv
2020-03-09 12:22:04,0.0,valve1,6.csv
2020-03-09 12:22:05,0.0,valve1,6.csv
2020-03-09 12:22:06,0.0,valve1,6.csv
2020-03-09 12:22:07,0.0,valve1,6.csv
2020-03-09 12:22:08,0.0,valve1,6.csv
2020-03-09 12:22:09,0.0,valve1,6.csv
2020-03-09 12:22:10,0.0,valve1,6.csv
2020-03-09 12:22:11,0.0,valve1,6.csv
2020-03-09 12:22:12,0.0,valve1,6.csv
2020-03-09 12:22:13,0.0,valve1,6.csv
2020-03-09 12:22:14,0.0,valve1,6.csv
2020-03-09 12:22:16,0.0,valve1,6.csv
2020-03-09 12:22:17,0.0,valve1,6.csv
2020-03-09 12:22:18,0.0,valve1,6.csv
2020-03-09 12:22:19,0.0,valve1,6.csv
2020-03-09 12:22:20,0.0,valve1,6.csv
2020-03-09 12:22:21,0.0,valve1,6.csv
2020-03-09 12:22:22,0.0,valve1,6.csv
2020-03-09 12:22:23,0.0,valve1,6.csv
2020-03-09 12:22:24,0.0,valve1,6.csv
2020-03-09 12:22:25,0.0,valve1,6.csv
2020-03-09 12:22:26,0.0,valve1,6.csv
2020-03-09 12:22:27,0.0,valve1,6.csv
2020-03-09 12:22:28,0.0,valve1,6.csv
2020-03-09 12:22:29,0.0,valve1,6.csv
2020-03-09 12:22:30,0.0,valve1,6.csv
2020-03-09 12:22:31,0.0,valve1,6.csv
2020-03-09 12:22:32,0.0,valve1,6.csv
2020-03-09 12:22:33,0.0,valve1,6.csv
2020-03-09 12:22:34,0.0,valve1,6.csv
2020-03-09 12:22:35,0.0,valve1,6.csv
2020-03-09 12:22:36,0.0,valve1,6.csv
2020-03-09 12:22:37,0.0,valve1,6.csv
2020-03-09 12:22:38,0.0,valve1,6.csv
2020-03-09 12:22:39,0.0,valve1,6.csv
2020-03-09 12:22:40,0.0,valve1,6.csv
2020-03-09 12:22:42,0.0,valve1,6.csv
2020-03-09 12:22:43,0.0,valve1,6.csv
2020-03-09 12:22:44,0.0,valve1,6.csv
2020-03-09 12:22:45,0.0,valve1,6.csv
2020-03-09 12:22:46,0.0,valve1,6.csv
2020-03-09 12:22:47,0.0,valve1,6.csv
2020-03-09 12:22:48,0.0,valve1,6.csv
2020-03-09 12:22:49,0.0,valve1,6.csv
2020-03-09 12:22:50,0.0,valve1,6.csv
2020-03-09 12:22:51,0.0,valve1,6.csv
2020-03-09 12:22:52,0.0,valve1,6.csv
2020-03-09 12:22:53,0.0,valve1,6.csv
2020-03-09 12:22:54,0.0,valve1,6.csv
2020-03-09 12:22:55,0.0,valve1,6.csv
2020-03-09 12:22:56,0.0,valve1,6.csv
2020-03-09 12:22:57,0.0,valve1,6.csv
2020-03-09 12:22:58,0.0,valve1,6.csv
2020-03-09 12:22:59,0.0,valve1,6.csv
2020-03-09 12:23:00,0.0,valve1,6.csv
2020-03-09 12:23:01,0.0,valve1,6.csv
2020-03-09 12:23:02,0.0,valve1,6.csv
2020-03-09 12:23:03,0.0,valve1,6.csv
2020-03-09 12:23:04,0.0,valve1,6.csv
2020-03-09 12:23:05,0.0,valve1,6.csv
2020-03-09 12:23:06,0.0,valve1,6.csv
2020-03-09 12:23:08,0.0,valve1,6.csv
2020-03-09 12:23:09,0.0,valve1,6.csv
2020-03-09 12:23:10,0.0,valve1,6.csv
2020-03-09 12:23:11,0.0,valve1,6.csv
2020-03-09 12:23:12,0.0,valve1,6.csv
2020-03-09 12:23:13,0.0,valve1,6.csv
2020-03-09 12:23:14,0.0,valve1,6.csv
2020-03-09 12:23:15,0.0,valve1,6.csv
2020-03-09 12:23:16,0.0,valve1,6.csv
2020-03-09 12:23:17,0.0,valve1,6.csv
2020-03-09 12:23:18,0.0,valve1,6.csv
2020-03-09 12:23:19,0.0,valve1,6.csv
2020-03-09 12:23:20,0.0,valve1,6.csv
2020-03-09 12:23:21,0.0,valve1,6.csv
2020-03-09 12:23:22,0.0,valve1,6.csv
2020-03-09 12:23:23,0.0,valve1,6.csv
2020-03-09 12:23:24,0.0,valve1,6.csv
2020-03-09 12:23:25,0.0,valve1,6.csv
2020-03-09 12:23:26,0.0,valve1,6.csv
2020-03-09 12:23:27,0.0,valve1,6.csv
2020-03-09 12:23:28,0.0,valve1,6.csv
2020-03-09 12:23:29,0.0,valve1,6.csv
2020-03-09 12:23:30,0.0,valve1,6.csv
2020-03-09 12:23:31,0.0,valve1,6.csv
2020-03-09 12:23:32,0.0,valve1,6.csv
2020-03-09 12:23:34,0.0,valve1,6.csv
2020-03-09 12:23:35,0.0,valve1,6.csv
2020-03-09 12:23:36,0.0,valve1,6.csv
2020-03-09 12:23:37,0.0,valve1,6.csv
2020-03-09 12:23:38,0.0,valve1,6.csv
2020-03-09 12:23:39,0.0,valve1,6.csv
2020-03-09 12:23:40,0.0,valve1,6.csv
2020-03-09 12:23:41,0.0,valve1,6.csv
2020-03-09 12:23:42,0.0,valve1,6.csv
2020-03-09 12:23:43,0.0,valve1,6.csv
2020-03-09 12:23:44,0.0,valve1,6.csv
2020-03-09 12:23:45,0.0,valve1,6.csv
2020-03-09 12:23:46,0.0,valve1,6.csv
2020-03-09 12:23:47,0.0,valve1,6.csv
2020-03-09 12:23:48,0.0,valve1,6.csv
2020-03-09 12:23:49,0.0,valve1,6.csv
2020-03-09 12:23:50,0.0,valve1,6.csv
2020-03-09 12:23:51,0.0,valve1,6.csv
2020-03-09 12:23:52,0.0,valve1,6.csv
2020-03-09 12:23:53,0.0,valve1,6.csv
2020-03-09 12:23:54,0.0,valve1,6.csv
2020-03-09 12:23:55,0.0,valve1,6.csv
2020-03-09 12:23:56,0.0,valve1,6.csv
2020-03-09 12:23:58,0.0,valve1,6.csv
2020-03-09 12:23:59,0.0,valve1,6.csv
2020-03-09 12:24:00,0.0,valve1,6.csv
2020-03-09 12:24:01,0.0,valve1,6.csv
2020-03-09 12:24:02,0.0,valve1,6.csv
2020-03-09 12:24:03,0.0,valve1,6.csv
2020-03-09 12:24:04,0.0,valve1,6.csv
2020-03-09 12:24:05,0.0,valve1,6.csv
2020-03-09 12:24:06,0.0,valve1,6.csv
2020-03-09 12:24:07,0.0,valve1,6.csv
2020-03-09 12:24:08,0.0,valve1,6.csv
2020-03-09 12:24:09,0.0,valve1,6.csv
2020-03-09 12:24:10,0.0,valve1,6.csv
2020-03-09 12:24:11,0.0,valve1,6.csv
2020-03-09 12:24:12,0.0,valve1,6.csv
2020-03-09 12:24:13,0.0,valve1,6.csv
2020-03-09 12:24:14,0.0,valve1,6.csv
2020-03-09 12:24:15,0.0,valve1,6.csv
2020-03-09 12:24:16,0.0,valve1,6.csv
2020-03-09 12:24:17,0.0,valve1,6.csv
2020-03-09 12:24:18,0.0,valve1,6.csv
2020-03-09 12:24:19,0.0,valve1,6.csv
2020-03-09 12:24:20,0.0,valve1,6.csv
2020-03-09 12:24:21,0.0,valve1,6.csv
2020-03-09 12:24:22,0.0,valve1,6.csv
2020-03-09 12:24:24,0.0,valve1,6.csv
2020-03-09 12:24:25,0.0,valve1,6.csv
2020-03-09 12:24:26,0.0,valve1,6.csv
2020-03-09 12:24:27,0.0,valve1,6.csv
2020-03-09 12:24:28,0.0,valve1,6.csv
2020-03-09 12:24:29,0.0,valve1,6.csv
2020-03-09 12:24:30,0.0,valve1,6.csv
2020-03-09 12:24:31,0.0,valve1,6.csv
2020-03-09 12:24:32,0.0,valve1,6.csv
2020-03-09 12:24:33,0.0,valve1,6.csv
2020-03-09 12:24:34,0.0,valve1,6.csv
2020-03-09 12:24:35,0.0,valve1,6.csv
2020-03-09 12:24:36,1.0,valve1,6.csv
2020-03-09 12:24:37,0.0,valve1,6.csv
2020-03-09 12:24:38,0.0,valve1,6.csv
2020-03-09 12:24:39,0.0,valve1,6.csv
2020-03-09 12:24:40,0.0,valve1,6.csv
2020-03-09 12:24:41,0.0,valve1,6.csv
2020-03-09 12:24:42,0.0,valve1,6.csv
2020-03-09 12:24:43,0.0,valve1,6.csv
2020-03-09 12:24:44,0.0,valve1,6.csv
2020-03-09 12:24:45,0.0,valve1,6.csv
2020-03-09 12:24:46,0.0,valve1,6.csv
2020-03-09 12:24:47,0.0,valve1,6.csv
2020-03-09 12:24:48,0.0,valve1,6.csv
2020-03-09 12:24:50,0.0,valve1,6.csv
2020-03-09 12:24:51,0.0,valve1,6.csv
2020-03-09 12:24:52,0.0,valve1,6.csv
2020-03-09 12:24:53,0.0,valve1,6.csv
2020-03-09 12:24:54,0.0,valve1,6.csv
2020-03-09 12:24:55,0.0,valve1,6.csv
2020-03-09 12:24:56,0.0,valve1,6.csv
2020-03-09 12:24:57,0.0,valve1,6.csv
2020-03-09 12:24:58,0.0,valve1,6.csv
2020-03-09 12:24:59,0.0,valve1,6.csv
2020-03-09 12:25:00,0.0,valve1,6.csv
2020-03-09 12:25:01,0.0,valve1,6.csv
2020-03-09 12:25:02,0.0,valve1,6.csv
2020-03-09 12:25:03,0.0,valve1,6.csv
2020-03-09 12:25:04,0.0,valve1,6.csv
2020-03-09 12:25:05,0.0,valve1,6.csv
2020-03-09 12:25:06,0.0,valve1,6.csv
2020-03-09 12:25:07,0.0,valve1,6.csv
2020-03-09 12:25:08,0.0,valve1,6.csv
2020-03-09 12:25:09,0.0,valve1,6.csv
2020-03-09 12:25:10,0.0,valve1,6.csv
2020-03-09 12:25:11,0.0,valve1,6.csv
2020-03-09 12:25:12,0.0,valve1,6.csv
2020-03-09 12:25:13,0.0,valve1,6.csv
2020-03-09 12:25:14,0.0,valve1,6.csv
2020-03-09 12:25:15,0.0,valve1,6.csv
2020-03-09 12:25:16,0.0,valve1,6.csv
2020-03-09 12:25:18,0.0,valve1,6.csv
2020-03-09 12:25:19,0.0,valve1,6.csv
2020-03-09 12:25:20,0.0,valve1,6.csv
2020-03-09 12:25:21,0.0,valve1,6.csv
2020-03-09 12:25:22,0.0,valve1,6.csv
2020-03-09 12:25:23,0.0,valve1,6.csv
2020-03-09 12:25:24,0.0,valve1,6.csv
2020-03-09 12:25:25,0.0,valve1,6.csv
2020-03-09 12:25:26,0.0,valve1,6.csv
2020-03-09 12:25:27,0.0,valve1,6.csv
2020-03-09 12:25:28,0.0,valve1,6.csv
2020-03-09 12:25:29,0.0,valve1,6.csv
2020-03-09 12:25:30,0.0,valve1,6.csv
2020-03-09 12:25:31,0.0,valve1,6.csv
2020-03-09 12:25:32,0.0,valve1,6.csv
2020-03-09 12:25:33,0.0,valve1,6.csv
2020-03-09 12:25:34,0.0,valve1,6.csv
2020-03-09 12:25:35,0.0,valve1,6.csv
2020-03-09 12:25:36,1.0,valve1,6.csv
2020-03-09 12:25:37,0.0,valve1,6.csv
2020-03-09 12:25:38,0.0,valve1,6.csv
2020-03-09 12:25:39,0.0,valve1,6.csv
2020-03-09 12:25:40,0.0,valve1,6.csv
2020-03-09 12:25:41,0.0,valve1,6.csv
2020-03-09 12:25:42,0.0,valve1,6.csv
2020-03-09 12:25:43,0.0,valve1,6.csv
2020-03-09 12:25:45,0.0,valve1,6.csv
2020-03-09 12:25:46,0.0,valve1,6.csv
2020-03-09 12:25:47,0.0,valve1,6.csv
2020-03-09 12:25:48,0.0,valve1,6.csv
2020-03-09 12:25:49,0.0,valve1,6.csv
2020-03-09 12:25:50,0.0,valve1,6.csv
2020-03-09 12:25:51,0.0,valve1,6.csv
2020-03-09 12:25:52,0.0,valve1,6.csv
2020-03-09 12:25:53,0.0,valve1,6.csv
2020-03-09 12:25:54,0.0,valve1,6.csv
2020-03-09 12:25:55,0.0,valve1,6.csv
2020-03-09 12:25:56,0.0,valve1,6.csv
2020-03-09 12:25:57,0.0,valve1,6.csv
2020-03-09 12:25:58,0.0,valve1,6.csv
2020-03-09 12:25:59,0.0,valve1,6.csv
2020-03-09 12:26:00,0.0,valve1,6.csv
2020-03-09 12:26:01,0.0,valve1,6.csv
2020-03-09 12:26:02,0.0,valve1,6.csv
2020-03-09 12:26:03,0.0,valve1,6.csv
2020-03-09 12:26:04,0.0,valve1,6.csv
2020-03-09 12:26:05,0.0,valve1,6.csv
2020-03-09 12:26:06,0.0,valve1,6.csv
2020-03-09 12:26:07,0.0,valve1,6.csv
2020-03-09 12:26:08,0.0,valve1,6.csv
2020-03-09 12:26:10,0.0,valve1,6.csv
2020-03-09 12:26:11,0.0,valve1,6.csv
2020-03-09 12:26:12,0.0,valve1,6.csv
2020-03-09 12:26:13,0.0,valve1,6.csv
2020-03-09 12:26:14,0.0,valve1,6.csv
2020-03-09 12:26:15,0.0,valve1,6.csv
2020-03-09 12:26:16,0.0,valve1,6.csv
2020-03-09 12:26:17,0.0,valve1,6.csv
2020-03-09 12:26:18,0.0,valve1,6.csv
2020-03-09 12:26:19,0.0,valve1,6.csv
2020-03-09 12:26:20,0.0,valve1,6.csv
2020-03-09 12:26:21,0.0,valve1,6.csv
2020-03-09 12:26:22,0.0,valve1,6.csv
2020-03-09 12:26:23,0.0,valve1,6.csv
2020-03-09 12:26:24,0.0,valve1,6.csv
2020-03-09 12:26:25,0.0,valve1,6.csv
2020-03-09 12:26:26,0.0,valve1,6.csv
2020-03-09 12:26:27,0.0,valve1,6.csv
2020-03-09 12:26:28,0.0,valve1,6.csv
2020-03-09 12:26:29,0.0,valve1,6.csv
2020-03-09 12:26:30,0.0,valve1,6.csv
2020-03-09 12:26:31,0.0,valve1,6.csv
2020-03-09 12:26:32,0.0,valve1,6.csv
2020-03-09 12:26:33,0.0,valve1,6.csv
2020-03-09 12:26:34,0.0,valve1,6.csv
2020-03-09 12:26:35,0.0,valve1,6.csv
2020-03-09 12:26:36,0.0,valve1,6.csv
2020-03-09 12:26:38,0.0,valve1,6.csv
2020-03-09 12:26:39,0.0,valve1,6.csv
2020-03-09 12:26:40,0.0,valve1,6.csv
2020-03-09 12:26:41,0.0,valve1,6.csv
2020-03-09 12:26:42,0.0,valve1,6.csv
2020-03-09 12:26:43,0.0,valve1,6.csv
2020-03-09 12:26:44,0.0,valve1,6.csv
2020-03-09 12:26:45,0.0,valve1,6.csv
2020-03-09 12:26:46,0.0,valve1,6.csv
2020-03-09 12:26:47,0.0,valve1,6.csv
2020-03-09 12:26:48,0.0,valve1,6.csv
2020-03-09 12:26:49,0.0,valve1,6.csv
2020-03-09 12:26:50,0.0,valve1,6.csv
2020-03-09 12:26:51,0.0,valve1,6.csv
2020-03-09 12:26:52,0.0,valve1,6.csv
2020-03-09 12:26:53,0.0,valve1,6.csv
2020-03-09 12:26:54,0.0,valve1,6.csv
2020-03-09 12:26:55,0.0,valve1,6.csv
2020-03-09 12:26:56,0.0,valve1,6.csv
2020-03-09 12:26:57,0.0,valve1,6.csv
2020-03-09 12:26:58,0.0,valve1,6.csv
2020-03-09 12:26:59,0.0,valve1,6.csv
2020-03-09 12:27:00,0.0,valve1,6.csv
2020-03-09 12:27:01,0.0,valve1,6.csv
2020-03-09 12:27:02,0.0,valve1,6.csv
2020-03-09 12:27:03,0.0,valve1,6.csv
2020-03-09 12:27:05,0.0,valve1,6.csv
2020-03-09 12:27:06,0.0,valve1,6.csv
2020-03-09 12:27:07,0.0,valve1,6.csv
2020-03-09 12:27:08,0.0,valve1,6.csv
2020-03-09 12:27:09,0.0,valve1,6.csv
2020-03-09 12:27:10,0.0,valve1,6.csv
2020-03-09 12:27:11,0.0,valve1,6.csv
2020-03-09 12:27:12,0.0,valve1,6.csv
2020-03-09 12:27:13,0.0,valve1,6.csv
2020-03-09 12:27:14,0.0,valve1,6.csv
2020-03-09 12:27:15,0.0,valve1,6.csv
2020-03-09 12:27:16,0.0,valve1,6.csv
2020-03-09 12:27:17,0.0,valve1,6.csv
2020-03-09 12:27:18,0.0,valve1,6.csv
2020-03-09 12:27:19,0.0,valve1,6.csv
2020-03-09 12:27:20,0.0,valve1,6.csv
2020-03-09 12:27:21,0.0,valve1,6.csv
2020-03-09 12:27:22,0.0,valve1,6.csv
2020-03-09 12:27:23,0.0,valve1,6.csv
2020-03-09 12:27:24,0.0,valve1,6.csv
2020-03-09 12:27:25,0.0,valve1,6.csv
2020-03-09 12:27:26,0.0,valve1,6.csv
2020-03-09 12:27:27,0.0,valve1,6.csv
2020-03-09 12:27:28,0.0,valve1,6.csv
2020-03-09 12:27:29,0.0,valve1,6.csv
2020-03-09 12:27:30,0.0,valve1,6.csv
2020-03-09 12:27:31,0.0,valve1,6.csv
2020-03-09 12:27:33,0.0,valve1,6.csv
2020-03-09 12:27:34,0.0,valve1,6.csv
2020-03-09 12:27:35,0.0,valve1,6.csv
2020-03-09 12:27:36,0.0,valve1,6.csv
2020-03-09 12:27:37,0.0,valve1,6.csv
2020-03-09 12:27:38,0.0,valve1,6.csv
2020-03-09 12:27:39,0.0,valve1,6.csv
2020-03-09 12:27:40,0.0,valve1,6.csv
2020-03-09 12:27:41,0.0,valve1,6.csv
2020-03-09 12:27:42,0.0,valve1,6.csv
2020-03-09 12:27:43,0.0,valve1,6.csv
2020-03-09 12:27:44,0.0,valve1,6.csv
2020-03-09 12:27:45,0.0,valve1,6.csv
2020-03-09 12:27:46,0.0,valve1,6.csv
2020-03-09 12:27:47,0.0,valve1,6.csv
2020-03-09 12:27:48,0.0,valve1,6.csv
2020-03-09 12:27:49,0.0,valve1,6.csv
2020-03-09 12:27:50,0.0,valve1,6.csv
2020-03-09 12:27:51,0.0,valve1,6.csv
2020-03-09 12:27:52,0.0,valve1,6.csv
2020-03-09 12:27:53,0.0,valve1,6.csv
2020-03-09 12:27:54,0.0,valve1,6.csv
2020-03-09 12:27:55,0.0,valve1,6.csv
2020-03-09 12:27:56,0.0,valve1,6.csv
2020-03-09 12:27:57,0.0,valve1,6.csv
2020-03-09 12:27:59,0.0,valve1,6.csv
2020-03-09 12:28:00,0.0,valve1,6.csv
2020-03-09 12:28:01,0.0,valve1,6.csv
2020-03-09 12:28:02,0.0,valve1,6.csv
2020-03-09 12:28:03,0.0,valve1,6.csv
2020-03-09 12:28:04,0.0,valve1,6.csv
2020-03-09 12:28:05,0.0,valve1,6.csv
2020-03-09 12:28:06,0.0,valve1,6.csv
2020-03-09 12:28:07,0.0,valve1,6.csv
2020-03-09 12:28:08,0.0,valve1,6.csv
2020-03-09 12:28:09,0.0,valve1,6.csv
2020-03-09 12:28:10,0.0,valve1,6.csv
2020-03-09 12:28:11,0.0,valve1,6.csv
2020-03-09 12:28:12,0.0,valve1,6.csv
2020-03-09 12:28:13,0.0,valve1,6.csv
2020-03-09 12:28:14,0.0,valve1,6.csv
2020-03-09 12:28:15,0.0,valve1,6.csv
2020-03-09 12:28:16,0.0,valve1,6.csv
2020-03-09 12:28:17,0.0,valve1,6.csv
2020-03-09 12:28:18,0.0,valve1,6.csv
2020-03-09 12:28:19,0.0,valve1,6.csv
2020-03-09 12:28:20,0.0,valve1,6.csv
2020-03-09 12:28:21,0.0,valve1,6.csv
2020-03-09 12:28:22,0.0,valve1,6.csv
2020-03-09 12:28:23,0.0,valve1,6.csv
2020-03-09 12:28:25,0.0,valve1,6.csv
2020-03-09 12:28:26,0.0,valve1,6.csv
2020-03-09 12:28:27,0.0,valve1,6.csv
2020-03-09 12:28:28,0.0,valve1,6.csv
2020-03-09 12:28:29,0.0,valve1,6.csv
2020-03-09 12:28:30,0.0,valve1,6.csv
2020-03-09 12:28:31,0.0,valve1,6.csv
2020-03-09 12:28:32,0.0,valve1,6.csv
2020-03-09 12:28:33,0.0,valve1,6.csv
2020-03-09 12:28:34,0.0,valve1,6.csv
2020-03-09 12:28:35,0.0,valve1,6.csv
2020-03-09 12:28:36,0.0,valve1,6.csv
2020-03-09 12:28:37,0.0,valve1,6.csv
2020-03-09 12:28:38,0.0,valve1,6.csv
2020-03-09 12:28:39,0.0,valve1,6.csv
2020-03-09 12:28:40,0.0,valve1,6.csv
2020-03-09 12:28:41,0.0,valve1,6.csv
2020-03-09 12:28:42,0.0,valve1,6.csv
2020-03-09 12:28:43,0.0,valve1,6.csv
2020-03-09 12:28:44,0.0,valve1,6.csv
2020-03-09 12:28:45,0.0,valve1,6.csv
2020-03-09 12:28:46,0.0,valve1,6.csv
2020-03-09 12:28:47,0.0,valve1,6.csv
2020-03-09 12:28:48,0.0,valve1,6.csv
2020-03-09 12:28:49,0.0,valve1,6.csv
2020-03-09 12:28:51,0.0,valve1,6.csv
2020-03-09 12:28:52,0.0,valve1,6.csv
2020-03-09 12:28:53,0.0,valve1,6.csv
2020-03-09 12:28:54,0.0,valve1,6.csv
2020-03-09 12:28:55,0.0,valve1,6.csv
2020-03-09 12:28:56,0.0,valve1,6.csv
2020-03-09 12:28:57,0.0,valve1,6.csv
2020-03-09 12:28:58,0.0,valve1,6.csv
2020-03-09 12:28:59,0.0,valve1,6.csv
2020-03-09 12:29:00,0.0,valve1,6.csv
2020-03-09 12:29:01,0.0,valve1,6.csv
2020-03-09 12:29:02,0.0,valve1,6.csv
2020-03-09 12:29:03,0.0,valve1,6.csv
2020-03-09 12:29:04,0.0,valve1,6.csv
2020-03-09 12:29:05,0.0,valve1,6.csv
2020-03-09 12:29:06,0.0,valve1,6.csv
2020-03-09 12:29:07,0.0,valve1,6.csv
2020-03-09 12:29:08,0.0,valve1,6.csv
2020-03-09 12:29:09,0.0,valve1,6.csv
2020-03-09 12:29:10,0.0,valve1,6.csv
2020-03-09 12:29:12,0.0,valve1,6.csv
2020-03-09 12:29:13,0.0,valve1,6.csv
2020-03-09 12:29:14,0.0,valve1,6.csv
2020-03-09 12:29:15,0.0,valve1,6.csv
2020-03-09 12:29:16,0.0,valve1,6.csv
2020-03-09 12:29:17,0.0,valve1,6.csv
2020-03-09 12:29:18,0.0,valve1,6.csv
2020-03-09 12:29:19,0.0,valve1,6.csv
2020-03-09 12:29:20,0.0,valve1,6.csv
2020-03-09 12:29:21,0.0,valve1,6.csv
2020-03-09 12:29:22,0.0,valve1,6.csv
2020-03-09 12:29:23,0.0,valve1,6.csv
2020-03-09 12:29:24,0.0,valve1,6.csv
2020-03-09 12:29:25,0.0,valve1,6.csv
2020-03-09 12:29:26,0.0,valve1,6.csv
2020-03-09 12:29:27,0.0,valve1,6.csv
2020-03-09 12:29:28,0.0,valve1,6.csv
2020-03-09 12:29:29,0.0,valve1,6.csv
2020-03-09 12:29:30,0.0,valve1,6.csv
2020-03-09 12:29:31,0.0,valve1,6.csv
2020-03-09 12:29:32,0.0,valve1,6.csv
2020-03-09 12:29:33,0.0,valve1,6.csv
2020-03-09 12:29:34,0.0,valve1,6.csv
2020-03-09 12:29:35,0.0,valve1,6.csv
2020-03-09 12:29:36,0.0,valve1,6.csv
2020-03-09 12:29:37,0.0,valve1,6.csv
2020-03-09 12:29:39,0.0,valve1,6.csv
2020-03-09 12:29:40,0.0,valve1,6.csv
2020-03-09 12:29:41,0.0,valve1,6.csv
2020-03-09 12:29:42,0.0,valve1,6.csv
2020-03-09 12:29:43,0.0,valve1,6.csv
2020-03-09 12:29:44,0.0,valve1,6.csv
2020-03-09 12:29:45,0.0,valve1,6.csv
2020-03-09 12:29:46,0.0,valve1,6.csv
2020-03-09 12:29:47,0.0,valve1,6.csv
2020-03-09 12:29:48,0.0,valve1,6.csv
2020-03-09 12:29:49,0.0,valve1,6.csv
2020-03-09 12:29:50,0.0,valve1,6.csv
2020-03-09 12:29:51,0.0,valve1,6.csv
2020-03-09 12:29:52,0.0,valve1,6.csv
2020-03-09 12:29:53,0.0,valve1,6.csv
2020-03-09 12:29:54,0.0,valve1,6.csv
2020-03-09 12:29:55,0.0,valve1,6.csv
2020-03-09 12:29:56,0.0,valve1,6.csv
2020-03-09 12:29:57,0.0,valve1,6.csv
2020-03-09 12:29:58,0.0,valve1,6.csv
2020-03-09 12:29:59,0.0,valve1,6.csv
2020-03-09 12:30:00,0.0,valve1,6.csv
2020-03-09 12:30:01,0.0,valve1,6.csv
2020-03-09 12:30:02,0.0,valve1,6.csv
2020-03-09 12:30:03,0.0,valve1,6.csv
2020-03-09 12:30:05,0.0,valve1,6.csv
2020-03-09 12:30:06,0.0,valve1,6.csv
2020-03-09 12:30:07,0.0,valve1,6.csv
2020-03-09 12:30:08,0.0,valve1,6.csv
2020-03-09 12:30:09,0.0,valve1,6.csv
2020-03-09 12:30:10,0.0,valve1,6.csv
2020-03-09 12:30:11,0.0,valve1,6.csv
2020-03-09 12:30:12,0.0,valve1,6.csv
2020-03-09 12:30:13,0.0,valve1,6.csv
2020-03-09 12:30:14,0.0,valve1,6.csv
2020-03-09 12:30:15,0.0,valve1,6.csv
2020-03-09 12:30:16,0.0,valve1,6.csv
2020-03-09 12:30:17,0.0,valve1,6.csv
2020-03-09 12:30:18,0.0,valve1,6.csv
2020-03-09 12:30:19,0.0,valve1,6.csv
2020-03-09 12:30:20,0.0,valve1,6.csv
2020-03-09 12:30:21,0.0,valve1,6.csv
2020-03-09 12:30:22,0.0,valve1,6.csv
2020-03-09 12:30:23,0.0,valve1,6.csv
2020-03-09 12:30:24,0.0,valve1,6.csv
2020-03-09 12:30:25,0.0,valve1,6.csv
2020-03-09 12:30:26,0.0,valve1,6.csv
2020-03-09 12:30:27,0.0,valve1,6.csv
2020-03-09 12:30:28,0.0,valve1,6.csv
2020-03-09 12:30:29,0.0,valve1,6.csv
2020-03-09 12:30:30,0.0,valve1,6.csv
2020-03-09 12:30:31,0.0,valve1,6.csv
2020-03-09 12:30:32,0.0,valve1,6.csv
2020-03-09 12:30:34,0.0,valve1,6.csv
2020-03-09 12:30:35,0.0,valve1,6.csv
2020-03-09 12:30:36,1.0,valve1,6.csv
2020-03-09 12:30:37,0.0,valve1,6.csv
2020-03-09 12:30:38,0.0,valve1,6.csv
2020-03-09 12:30:39,0.0,valve1,6.csv
2020-03-09 12:30:40,0.0,valve1,6.csv
2020-03-09 12:30:41,0.0,valve1,6.csv
2020-03-09 12:30:42,0.0,valve1,6.csv
2020-03-09 12:30:43,0.0,valve1,6.csv
2020-03-09 12:30:44,0.0,valve1,6.csv
2020-03-09 12:30:45,0.0,valve1,6.csv
2020-03-09 12:30:46,0.0,valve1,6.csv
2020-03-09 12:30:47,0.0,valve1,6.csv
2020-03-09 12:30:48,0.0,valve1,6.csv
2020-03-09 12:30:49,0.0,valve1,6.csv
2020-03-09 12:30:50,0.0,valve1,6.csv
2020-03-09 12:30:51,0.0,valve1,6.csv
2020-03-09 12:30:52,0.0,valve1,6.csv
2020-03-09 12:30:53,0.0,valve1,6.csv
2020-03-09 12:30:54,0.0,valve1,6.csv
2020-03-09 12:30:55,0.0,valve1,6.csv
2020-03-09 12:30:56,0.0,valve1,6.csv
2020-03-09 12:30:57,0.0,valve1,6.csv
2020-03-09 12:30:58,0.0,valve1,6.csv
2020-03-09 12:30:59,0.0,valve1,6.csv
2020-03-09 12:31:00,0.0,valve1,6.csv
2020-03-09 12:31:02,0.0,valve1,6.csv
2020-03-09 12:31:03,0.0,valve1,6.csv
2020-03-09 12:31:04,0.0,valve1,6.csv
2020-03-09 12:31:05,0.0,valve1,6.csv
2020-03-09 12:31:06,0.0,valve1,6.csv
2020-03-09 12:31:07,0.0,valve1,6.csv
2020-03-09 12:31:08,0.0,valve1,6.csv
2020-03-09 12:31:09,0.0,valve1,6.csv
2020-03-09 12:31:10,0.0,valve1,6.csv
2020-03-09 12:31:11,0.0,valve1,6.csv
2020-03-09 12:31:12,0.0,valve1,6.csv
2020-03-09 12:31:13,0.0,valve1,6.csv
2020-03-09 12:31:14,0.0,valve1,6.csv
2020-03-09 12:31:15,0.0,valve1,6.csv
2020-03-09 12:31:16,0.0,valve1,6.csv
2020-03-09 12:31:17,0.0,valve1,6.csv
2020-03-09 12:31:18,0.0,valve1,6.csv
2020-03-09 12:31:19,0.0,valve1,6.csv
2020-03-09 12:31:20,0.0,valve1,6.csv
2020-03-09 12:31:21,0.0,valve1,6.csv
2020-03-09 12:31:22,0.0,valve1,6.csv
2020-03-09 12:31:23,0.0,valve1,6.csv
2020-03-09 12:31:24,0.0,valve1,6.csv
2020-03-09 12:31:25,0.0,valve1,6.csv
2020-03-09 12:31:26,0.0,valve1,6.csv
2020-03-09 12:31:28,0.0,valve1,6.csv
2020-03-09 12:31:29,0.0,valve1,6.csv
2020-03-09 12:31:30,0.0,valve1,6.csv
2020-03-09 12:31:31,0.0,valve1,6.csv
2020-03-09 12:31:32,0.0,valve1,6.csv
2020-03-09 12:31:33,0.0,valve1,6.csv
2020-03-09 12:31:34,0.0,valve1,6.csv
2020-03-09 12:31:35,0.0,valve1,6.csv
2020-03-09 12:31:36,0.0,valve1,6.csv
2020-03-09 12:31:37,1.0,valve1,6.csv
2020-03-09 12:31:38,0.0,valve1,6.csv
2020-03-09 12:31:39,0.0,valve1,6.csv
2020-03-09 12:31:40,0.0,valve1,6.csv
2020-03-09 12:31:41,0.0,valve1,6.csv
2020-03-09 12:31:42,0.0,valve1,6.csv
2020-03-09 12:31:43,0.0,valve1,6.csv
2020-03-09 12:31:44,0.0,valve1,6.csv
2020-03-09 12:31:45,0.0,valve1,6.csv
2020-03-09 12:31:46,0.0,valve1,6.csv
2020-03-09 12:31:47,0.0,valve1,6.csv
2020-03-09 12:31:48,0.0,valve1,6.csv
2020-03-09 12:31:49,0.0,valve1,6.csv
2020-03-09 12:31:50,0.0,valve1,6.csv
2020-03-09 12:31:51,0.0,valve1,6.csv
2020-03-09 12:31:52,0.0,valve1,6.csv
2020-03-09 12:31:53,0.0,valve1,6.csv
2020-03-09 12:31:54,0.0,valve1,6.csv
2020-03-09 12:31:56,0.0,valve1,6.csv
2020-03-09 12:31:57,0.0,valve1,6.csv
2020-03-09 12:31:58,0.0,valve1,6.csv
2020-03-09 12:31:59,0.0,valve1,6.csv
2020-03-09 12:32:00,0.0,valve1,6.csv
2020-03-09 12:32:01,0.0,valve1,6.csv
2020-03-09 12:32:02,0.0,valve1,6.csv
2020-03-09 12:32:03,0.0,valve1,6.csv
2020-03-09 12:32:04,0.0,valve1,6.csv
2020-03-09 12:32:05,0.0,valve1,6.csv
2020-03-09 12:32:06,0.0,valve1,6.csv
2020-03-09 12:32:07,0.0,valve1,6.csv
2020-03-09 12:32:08,0.0,valve1,6.csv
2020-03-09 12:32:09,0.0,valve1,6.csv
2020-03-09 12:32:10,0.0,valve1,6.csv
2020-03-09 12:32:11,0.0,valve1,6.csv
2020-03-09 12:32:12,0.0,valve1,6.csv
2020-03-09 12:32:13,0.0,valve1,6.csv
2020-03-09 12:32:14,0.0,valve1,6.csv
2020-03-09 12:32:15,0.0,valve1,6.csv
2020-03-09 12:32:16,0.0,valve1,6.csv
2020-03-09 12:32:17,0.0,valve1,6.csv
2020-03-09 12:32:18,0.0,valve1,6.csv
2020-03-09 12:32:19,0.0,valve1,6.csv
2020-03-09 12:32:20,0.0,valve1,6.csv
2020-03-09 12:32:22,0.0,valve1,6.csv
2020-03-09 12:32:23,0.0,valve1,6.csv
2020-03-09 12:32:24,0.0,valve1,6.csv
2020-03-09 12:32:25,0.0,valve1,6.csv
2020-03-09 12:32:26,0.0,valve1,6.csv
2020-03-09 12:32:27,0.0,valve1,6.csv
2020-03-09 12:32:28,0.0,valve1,6.csv
2020-03-09 12:32:29,0.0,valve1,6.csv
2020-03-09 12:32:30,0.0,valve1,6.csv
2020-03-09 12:32:31,0.0,valve1,6.csv
2020-03-09 12:32:32,0.0,valve1,6.csv
2020-03-09 12:32:33,0.0,valve1,6.csv
2020-03-09 12:32:34,0.0,valve1,6.csv
2020-03-09 12:32:35,0.0,valve1,6.csv
2020-03-09 12:32:36,0.0,valve1,6.csv
2020-03-09 12:32:37,0.0,valve1,6.csv
2020-03-09 12:32:38,0.0,valve1,6.csv
2020-03-09 12:32:39,0.0,valve1,6.csv
2020-03-09 12:32:40,0.0,valve1,6.csv
2020-03-09 12:32:41,0.0,valve1,6.csv
2020-03-09 12:32:42,0.0,valve1,6.csv
2020-03-09 12:32:43,0.0,valve1,6.csv
2020-03-09 12:32:44,0.0,valve1,6.csv
2020-03-09 12:32:45,0.0,valve1,6.csv
2020-03-09 12:32:46,0.0,valve1,6.csv
2020-03-09 12:32:47,0.0,valve1,6.csv
2020-03-09 12:32:49,0.0,valve1,6.csv
2020-03-09 12:32:50,0.0,valve1,6.csv
2020-03-09 12:32:51,0.0,valve1,6.csv
2020-03-09 12:32:52,0.0,valve1,6.csv
2020-03-09 12:32:53,0.0,valve1,6.csv
2020-03-09 12:32:54,0.0,valve1,6.csv
2020-03-09 12:32:55,0.0,valve1,6.csv
2020-03-09 12:32:56,0.0,valve1,6.csv
2020-03-09 12:32:57,0.0,valve1,6.csv
2020-03-09 12:32:58,0.0,valve1,6.csv
2020-03-09 12:32:59,0.0,valve1,6.csv
2020-03-09 12:33:00,0.0,valve1,6.csv
2020-03-09 12:33:01,0.0,valve1,6.csv
2020-03-09 12:33:02,0.0,valve1,6.csv
2020-03-09 12:33:03,0.0,valve1,6.csv
2020-03-09 12:33:04,0.0,valve1,6.csv
2020-03-09 12:33:05,0.0,valve1,6.csv
2020-03-09 12:33:06,0.0,valve1,6.csv
2020-03-09 12:33:07,0.0,valve1,6.csv
2020-03-09 12:33:08,0.0,valve1,6.csv
2020-03-09 12:33:09,0.0,valve1,6.csv
2020-03-09 12:33:10,0.0,valve1,6.csv
2020-03-09 12:33:11,0.0,valve1,6.csv
2020-03-09 12:33:12,0.0,valve1,6.csv
2020-03-09 12:33:13,0.0,valve1,6.csv
2020-03-09 12:33:14,0.0,valve1,6.csv
2020-03-09 12:33:16,0.0,valve1,6.csv
2020-03-09 12:33:17,0.0,valve1,6.csv
2020-03-09 12:33:18,0.0,valve1,6.csv
2020-03-09 12:33:19,0.0,valve1,6.csv
2020-03-09 12:33:20,0.0,valve1,6.csv
2020-03-09 12:33:21,0.0,valve1,6.csv
2020-03-09 12:33:22,0.0,valve1,6.csv
2020-03-09 12:33:23,0.0,valve1,6.csv
2020-03-09 12:33:24,0.0,valve1,6.csv
2020-03-09 12:33:25,0.0,valve1,6.csv
2020-03-09 12:33:26,0.0,valve1,6.csv
2020-03-09 12:33:27,0.0,valve1,6.csv
2020-03-09 12:33:28,0.0,valve1,6.csv
2020-03-09 12:33:29,0.0,valve1,6.csv
2020-03-09 12:33:30,0.0,valve1,6.csv
2020-03-09 12:33:31,0.0,valve1,6.csv
2020-03-09 12:33:32,0.0,valve1,6.csv
2020-03-09 12:33:33,0.0,valve1,6.csv
2020-03-09 12:33:34,0.0,valve1,6.csv
2020-03-09 12:33:35,0.0,valve1,6.csv
2020-03-09 12:33:36,0.0,valve1,6.csv
2020-03-09 12:33:37,0.0,valve1,6.csv
2020-03-09 12:33:38,0.0,valve1,6.csv
2020-03-09 12:33:39,0.0,valve1,6.csv
2020-03-09 12:33:40,0.0,valve1,6.csv
2020-03-09 12:33:41,0.0,valve1,6.csv
2020-03-09 12:33:43,0.0,valve1,6.csv
2020-03-09 12:33:44,0.0,valve1,6.csv
2020-03-09 12:33:45,0.0,valve1,6.csv
2020-03-09 12:33:46,0.0,valve1,6.csv
2020-03-09 12:33:47,0.0,valve1,6.csv
2020-03-09 12:33:48,0.0,valve1,6.csv
2020-03-09 12:33:49,0.0,valve1,6.csv
2020-03-09 12:33:50,0.0,valve1,6.csv
2020-03-09 12:33:51,0.0,valve1,6.csv
2020-03-09 12:33:52,0.0,valve1,6.csv
2020-03-09 12:33:53,0.0,valve1,6.csv
2020-03-09 12:33:54,0.0,valve1,6.csv
2020-03-09 12:33:55,0.0,valve1,6.csv
2020-03-09 12:33:56,0.0,valve1,6.csv
2020-03-09 12:33:57,0.0,valve1,6.csv
2020-03-09 12:33:58,0.0,valve1,6.csv
2020-03-09 12:33:59,0.0,valve1,6.csv
2020-03-09 12:34:00,0.0,valve1,6.csv
2020-03-09 12:34:01,0.0,valve1,6.csv
2020-03-09 12:34:02,0.0,valve1,6.csv
2020-03-09 12:34:03,0.0,valve1,6.csv
2020-03-09 12:34:04,0.0,valve1,6.csv
2020-03-09 12:34:05,0.0,valve1,6.csv
2020-03-09 12:34:06,0.0,valve1,6.csv
2020-03-09 12:34:07,0.0,valve1,6.csv
2020-03-09 12:34:08,0.0,valve1,6.csv
2020-03-09 12:34:10,0.0,valve1,6.csv
2020-03-09 12:34:11,0.0,valve1,6.csv
2020-03-09 12:34:12,0.0,valve1,6.csv
2020-03-09 12:34:13,0.0,valve1,6.csv
2020-03-09 12:34:14,0.0,valve1,6.csv
2020-03-09 12:34:15,0.0,valve1,6.csv
2020-03-09 12:34:16,0.0,valve1,6.csv
2020-03-09 12:34:17,0.0,valve1,6.csv
2020-03-09 12:34:18,0.0,valve1,6.csv
2020-03-09 12:34:19,0.0,valve1,6.csv
2020-03-09 12:34:20,0.0,valve1,6.csv
2020-03-09 12:34:21,0.0,valve1,6.csv
2020-03-09 12:34:22,0.0,valve1,6.csv
2020-03-09 12:34:23,0.0,valve1,6.csv
2020-03-09 12:34:24,0.0,valve1,6.csv
2020-03-09 12:34:25,0.0,valve1,6.csv
2020-03-09 12:34:26,0.0,valve1,6.csv
2020-03-09 12:34:27,0.0,valve1,6.csv
2020-03-09 12:34:28,0.0,valve1,6.csv
2020-03-09 12:34:29,0.0,valve1,6.csv
2020-03-09 12:34:30,0.0,valve1,6.csv
2020-03-09 12:34:31,0.0,valve1,6.csv
2020-03-09 12:34:32,0.0,valve1,6.csv
2020-03-09 12:34:33,0.0,valve1,6.csv
2020-03-09 12:34:34,0.0,valve1,6.csv
2020-03-09 12:34:35,0.0,valve1,6.csv
2020-03-09 15:56:30,0.0,valve2,0.csv
2020-03-09 15:56:31,0.0,valve2,0.csv
2020-03-09 15:56:32,0.0,valve2,0.csv
2020-03-09 15:56:33,0.0,valve2,0.csv
2020-03-09 15:56:34,0.0,valve2,0.csv
2020-03-09 15:56:35,0.0,valve2,0.csv
2020-03-09 15:56:36,0.0,valve2,0.csv
2020-03-09 15:56:37,0.0,valve2,0.csv
2020-03-09 15:56:38,0.0,valve2,0.csv
2020-03-09 15:56:39,0.0,valve2,0.csv
2020-03-09 15:56:41,0.0,valve2,0.csv
2020-03-09 15:56:42,0.0,valve2,0.csv
2020-03-09 15:56:43,0.0,valve2,0.csv
2020-03-09 15:56:44,0.0,valve2,0.csv
2020-03-09 15:56:45,0.0,valve2,0.csv
2020-03-09 15:56:46,0.0,valve2,0.csv
2020-03-09 15:56:47,0.0,valve2,0.csv
2020-03-09 15:56:48,0.0,valve2,0.csv
2020-03-09 15:56:49,0.0,valve2,0.csv
2020-03-09 15:56:50,0.0,valve2,0.csv
2020-03-09 15:56:51,0.0,valve2,0.csv
2020-03-09 15:56:52,0.0,valve2,0.csv
2020-03-09 15:56:53,0.0,valve2,0.csv
2020-03-09 15:56:54,0.0,valve2,0.csv
2020-03-09 15:56:55,0.0,valve2,0.csv
2020-03-09 15:56:56,0.0,valve2,0.csv
2020-03-09 15:56:58,0.0,valve2,0.csv
2020-03-09 15:56:59,0.0,valve2,0.csv
2020-03-09 15:57:00,0.0,valve2,0.csv
2020-03-09 15:57:01,0.0,valve2,0.csv
2020-03-09 15:57:02,0.0,valve2,0.csv
2020-03-09 15:57:03,0.0,valve2,0.csv
2020-03-09 15:57:04,0.0,valve2,0.csv
2020-03-09 15:57:05,0.0,valve2,0.csv
2020-03-09 15:57:06,0.0,valve2,0.csv
2020-03-09 15:57:07,0.0,valve2,0.csv
2020-03-09 15:57:08,0.0,valve2,0.csv
2020-03-09 15:57:09,0.0,valve2,0.csv
2020-03-09 15:57:10,0.0,valve2,0.csv
2020-03-09 15:57:12,0.0,valve2,0.csv
2020-03-09 15:57:13,0.0,valve2,0.csv
2020-03-09 15:57:14,0.0,valve2,0.csv
2020-03-09 15:57:15,0.0,valve2,0.csv
2020-03-09 15:57:16,0.0,valve2,0.csv
2020-03-09 15:57:17,0.0,valve2,0.csv
2020-03-09 15:57:18,0.0,valve2,0.csv
2020-03-09 15:57:19,0.0,valve2,0.csv
2020-03-09 15:57:20,0.0,valve2,0.csv
2020-03-09 15:57:21,0.0,valve2,0.csv
2020-03-09 15:57:22,0.0,valve2,0.csv
2020-03-09 15:57:23,0.0,valve2,0.csv
2020-03-09 15:57:24,0.0,valve2,0.csv
2020-03-09 15:57:25,0.0,valve2,0.csv
2020-03-09 15:57:27,0.0,valve2,0.csv
2020-03-09 15:57:28,0.0,valve2,0.csv
2020-03-09 15:57:29,0.0,valve2,0.csv
2020-03-09 15:57:30,0.0,valve2,0.csv
2020-03-09 15:57:31,0.0,valve2,0.csv
2020-03-09 15:57:32,0.0,valve2,0.csv
2020-03-09 15:57:33,0.0,valve2,0.csv
2020-03-09 15:57:34,0.0,valve2,0.csv
2020-03-09 15:57:35,0.0,valve2,0.csv
2020-03-09 15:57:36,0.0,valve2,0.csv
2020-03-09 15:57:37,0.0,valve2,0.csv
2020-03-09 15:57:38,0.0,valve2,0.csv
2020-03-09 15:57:39,0.0,valve2,0.csv
2020-03-09 15:57:40,0.0,valve2,0.csv
2020-03-09 15:57:41,0.0,valve2,0.csv
2020-03-09 15:57:42,0.0,valve2,0.csv
2020-03-09 15:57:43,0.0,valve2,0.csv
2020-03-09 15:57:45,0.0,valve2,0.csv
2020-03-09 15:57:46,0.0,valve2,0.csv
2020-03-09 15:57:47,0.0,valve2,0.csv
2020-03-09 15:57:48,0.0,valve2,0.csv
2020-03-09 15:57:49,0.0,valve2,0.csv
2020-03-09 15:57:50,0.0,valve2,0.csv
2020-03-09 15:57:51,0.0,valve2,0.csv
2020-03-09 15:57:52,0.0,valve2,0.csv
2020-03-09 15:57:53,0.0,valve2,0.csv
2020-03-09 15:57:54,0.0,valve2,0.csv
2020-03-09 15:57:55,0.0,valve2,0.csv
2020-03-09 15:57:56,0.0,valve2,0.csv
2020-03-09 15:57:57,0.0,valve2,0.csv
2020-03-09 15:57:58,0.0,valve2,0.csv
2020-03-09 15:57:59,0.0,valve2,0.csv
2020-03-09 15:58:00,0.0,valve2,0.csv
2020-03-09 15:58:01,0.0,valve2,0.csv
2020-03-09 15:58:02,0.0,valve2,0.csv
2020-03-09 15:58:03,0.0,valve2,0.csv
2020-03-09 15:58:05,0.0,valve2,0.csv
2020-03-09 15:58:06,0.0,valve2,0.csv
2020-03-09 15:58:07,0.0,valve2,0.csv
2020-03-09 15:58:08,0.0,valve2,0.csv
2020-03-09 15:58:09,0.0,valve2,0.csv
2020-03-09 15:58:10,0.0,valve2,0.csv
2020-03-09 15:58:11,0.0,valve2,0.csv
2020-03-09 15:58:12,0.0,valve2,0.csv
2020-03-09 15:58:13,0.0,valve2,0.csv
2020-03-09 15:58:14,0.0,valve2,0.csv
2020-03-09 15:58:15,0.0,valve2,0.csv
2020-03-09 15:58:16,0.0,valve2,0.csv
2020-03-09 15:58:17,0.0,valve2,0.csv
2020-03-09 15:58:18,0.0,valve2,0.csv
2020-03-09 15:58:20,0.0,valve2,0.csv
2020-03-09 15:58:21,0.0,valve2,0.csv
2020-03-09 15:58:22,0.0,valve2,0.csv
2020-03-09 15:58:23,0.0,valve2,0.csv
2020-03-09 15:58:24,0.0,valve2,0.csv
2020-03-09 15:58:25,0.0,valve2,0.csv
2020-03-09 15:58:26,0.0,valve2,0.csv
2020-03-09 15:58:27,0.0,valve2,0.csv
2020-03-09 15:58:28,0.0,valve2,0.csv
2020-03-09 15:58:29,0.0,valve2,0.csv
2020-03-09 15:58:30,0.0,valve2,0.csv
2020-03-09 15:58:31,0.0,valve2,0.csv
2020-03-09 15:58:32,0.0,valve2,0.csv
2020-03-09 15:58:33,0.0,valve2,0.csv
2020-03-09 15:58:34,0.0,valve2,0.csv
2020-03-09 15:58:36,0.0,valve2,0.csv
2020-03-09 15:58:37,0.0,valve2,0.csv
2020-03-09 15:58:38,0.0,valve2,0.csv
2020-03-09 15:58:39,0.0,valve2,0.csv
2020-03-09 15:58:40,0.0,valve2,0.csv
2020-03-09 15:58:41,0.0,valve2,0.csv
2020-03-09 15:58:42,0.0,valve2,0.csv
2020-03-09 15:58:43,0.0,valve2,0.csv
2020-03-09 15:58:44,0.0,valve2,0.csv
2020-03-09 15:58:45,0.0,valve2,0.csv
2020-03-09 15:58:46,0.0,valve2,0.csv
2020-03-09 15:58:47,0.0,valve2,0.csv
2020-03-09 15:58:48,0.0,valve2,0.csv
2020-03-09 15:58:50,0.0,valve2,0.csv
2020-03-09 15:58:51,0.0,valve2,0.csv
2020-03-09 15:58:52,0.0,valve2,0.csv
2020-03-09 15:58:53,0.0,valve2,0.csv
2020-03-09 15:58:54,0.0,valve2,0.csv
2020-03-09 15:58:55,0.0,valve2,0.csv
2020-03-09 15:58:56,0.0,valve2,0.csv
2020-03-09 15:58:57,0.0,valve2,0.csv
2020-03-09 15:58:58,0.0,valve2,0.csv
2020-03-09 15:58:59,0.0,valve2,0.csv
2020-03-09 15:59:00,0.0,valve2,0.csv
2020-03-09 15:59:01,0.0,valve2,0.csv
2020-03-09 15:59:02,0.0,valve2,0.csv
2020-03-09 15:59:03,0.0,valve2,0.csv
2020-03-09 15:59:05,0.0,valve2,0.csv
2020-03-09 15:59:06,0.0,valve2,0.csv
2020-03-09 15:59:07,0.0,valve2,0.csv
2020-03-09 15:59:08,0.0,valve2,0.csv
2020-03-09 15:59:09,0.0,valve2,0.csv
2020-03-09 15:59:10,0.0,valve2,0.csv
2020-03-09 15:59:11,0.0,valve2,0.csv
2020-03-09 15:59:12,0.0,valve2,0.csv
2020-03-09 15:59:13,0.0,valve2,0.csv
2020-03-09 15:59:14,0.0,valve2,0.csv
2020-03-09 15:59:15,0.0,valve2,0.csv
2020-03-09 15:59:16,0.0,valve2,0.csv
2020-03-09 15:59:17,0.0,valve2,0.csv
2020-03-09 15:59:19,0.0,valve2,0.csv
2020-03-09 15:59:20,0.0,valve2,0.csv
2020-03-09 15:59:21,0.0,valve2,0.csv
2020-03-09 15:59:22,0.0,valve2,0.csv
2020-03-09 15:59:23,0.0,valve2,0.csv
2020-03-09 15:59:24,0.0,valve2,0.csv
2020-03-09 15:59:25,0.0,valve2,0.csv
2020-03-09 15:59:26,0.0,valve2,0.csv
2020-03-09 15:59:27,0.0,valve2,0.csv
2020-03-09 15:59:28,0.0,valve2,0.csv
2020-03-09 15:59:29,0.0,valve2,0.csv
2020-03-09 15:59:30,0.0,valve2,0.csv
2020-03-09 15:59:31,0.0,valve2,0.csv
2020-03-09 15:59:32,0.0,valve2,0.csv
2020-03-09 15:59:33,0.0,valve2,0.csv
2020-03-09 15:59:35,0.0,valve2,0.csv
2020-03-09 15:59:36,0.0,valve2,0.csv
2020-03-09 15:59:37,0.0,valve2,0.csv
2020-03-09 15:59:38,0.0,valve2,0.csv
2020-03-09 15:59:39,0.0,valve2,0.csv
2020-03-09 15:59:40,0.0,valve2,0.csv
2020-03-09 15:59:41,0.0,valve2,0.csv
2020-03-09 15:59:42,0.0,valve2,0.csv
2020-03-09 15:59:43,0.0,valve2,0.csv
2020-03-09 15:59:44,0.0,valve2,0.csv
2020-03-09 15:59:45,0.0,valve2,0.csv
2020-03-09 15:59:46,0.0,valve2,0.csv
2020-03-09 15:59:47,0.0,valve2,0.csv
2020-03-09 15:59:48,0.0,valve2,0.csv
2020-03-09 15:59:49,0.0,valve2,0.csv
2020-03-09 15:59:50,0.0,valve2,0.csv
2020-03-09 15:59:51,0.0,valve2,0.csv
2020-03-09 15:59:52,0.0,valve2,0.csv
2020-03-09 15:59:53,0.0,valve2,0.csv
2020-03-09 15:59:55,0.0,valve2,0.csv
2020-03-09 15:59:56,0.0,valve2,0.csv
2020-03-09 15:59:57,0.0,valve2,0.csv
2020-03-09 15:59:58,0.0,valve2,0.csv
2020-03-09 15:59:59,0.0,valve2,0.csv
2020-03-09 16:00:00,0.0,valve2,0.csv
2020-03-09 16:00:01,0.0,valve2,0.csv
2020-03-09 16:00:02,0.0,valve2,0.csv
2020-03-09 16:00:03,0.0,valve2,0.csv
2020-03-09 16:00:04,0.0,valve2,0.csv
2020-03-09 16:00:05,0.0,valve2,0.csv
2020-03-09 16:00:06,0.0,valve2,0.csv
2020-03-09 16:00:07,0.0,valve2,0.csv
2020-03-09 16:00:08,0.0,valve2,0.csv
2020-03-09 16:00:09,0.0,valve2,0.csv
2020-03-09 16:00:10,0.0,valve2,0.csv
2020-03-09 16:00:12,0.0,valve2,0.csv
2020-03-09 16:00:13,0.0,valve2,0.csv
2020-03-09 16:00:14,0.0,valve2,0.csv
2020-03-09 16:00:15,0.0,valve2,0.csv
2020-03-09 16:00:16,0.0,valve2,0.csv
2020-03-09 16:00:17,0.0,valve2,0.csv
2020-03-09 16:00:18,0.0,valve2,0.csv
2020-03-09 16:00:19,0.0,valve2,0.csv
2020-03-09 16:00:20,0.0,valve2,0.csv
2020-03-09 16:00:21,0.0,valve2,0.csv
2020-03-09 16:00:22,0.0,valve2,0.csv
2020-03-09 16:00:23,0.0,valve2,0.csv
2020-03-09 16:00:25,0.0,valve2,0.csv
2020-03-09 16:00:26,0.0,valve2,0.csv
2020-03-09 16:00:27,0.0,valve2,0.csv
2020-03-09 16:00:28,0.0,valve2,0.csv
2020-03-09 16:00:29,0.0,valve2,0.csv
2020-03-09 16:00:30,0.0,valve2,0.csv
2020-03-09 16:00:31,0.0,valve2,0.csv
2020-03-09 16:00:32,0.0,valve2,0.csv
2020-03-09 16:00:33,0.0,valve2,0.csv
2020-03-09 16:00:34,0.0,valve2,0.csv
2020-03-09 16:00:35,0.0,valve2,0.csv
2020-03-09 16:00:36,0.0,valve2,0.csv
2020-03-09 16:00:37,0.0,valve2,0.csv
2020-03-09 16:00:39,0.0,valve2,0.csv
2020-03-09 16:00:40,0.0,valve2,0.csv
2020-03-09 16:00:41,0.0,valve2,0.csv
2020-03-09 16:00:42,0.0,valve2,0.csv
2020-03-09 16:00:43,0.0,valve2,0.csv
2020-03-09 16:00:44,0.0,valve2,0.csv
2020-03-09 16:00:45,0.0,valve2,0.csv
2020-03-09 16:00:46,0.0,valve2,0.csv
2020-03-09 16:00:47,0.0,valve2,0.csv
2020-03-09 16:00:48,0.0,valve2,0.csv
2020-03-09 16:00:49,0.0,valve2,0.csv
2020-03-09 16:00:50,0.0,valve2,0.csv
2020-03-09 16:00:51,0.0,valve2,0.csv
2020-03-09 16:00:52,0.0,valve2,0.csv
2020-03-09 16:00:53,0.0,valve2,0.csv
2020-03-09 16:00:55,0.0,valve2,0.csv
2020-03-09 16:00:56,0.0,valve2,0.csv
2020-03-09 16:00:57,0.0,valve2,0.csv
2020-03-09 16:00:58,0.0,valve2,0.csv
2020-03-09 16:00:59,0.0,valve2,0.csv
2020-03-09 16:01:00,0.0,valve2,0.csv
2020-03-09 16:01:01,0.0,valve2,0.csv
2020-03-09 16:01:02,0.0,valve2,0.csv
2020-03-09 16:01:03,0.0,valve2,0.csv
2020-03-09 16:01:04,0.0,valve2,0.csv
2020-03-09 16:01:05,0.0,valve2,0.csv
2020-03-09 16:01:06,0.0,valve2,0.csv
2020-03-09 16:01:08,0.0,valve2,0.csv
2020-03-09 16:01:09,0.0,valve2,0.csv
2020-03-09 16:01:10,0.0,valve2,0.csv
2020-03-09 16:01:11,0.0,valve2,0.csv
2020-03-09 16:01:12,0.0,valve2,0.csv
2020-03-09 16:01:13,0.0,valve2,0.csv
2020-03-09 16:01:14,0.0,valve2,0.csv
2020-03-09 16:01:15,0.0,valve2,0.csv
2020-03-09 16:01:16,0.0,valve2,0.csv
2020-03-09 16:01:17,0.0,valve2,0.csv
2020-03-09 16:01:18,0.0,valve2,0.csv
2020-03-09 16:01:19,0.0,valve2,0.csv
2020-03-09 16:01:20,0.0,valve2,0.csv
2020-03-09 16:01:21,0.0,valve2,0.csv
2020-03-09 16:01:22,0.0,valve2,0.csv
2020-03-09 16:01:24,0.0,valve2,0.csv
2020-03-09 16:01:25,0.0,valve2,0.csv
2020-03-09 16:01:26,0.0,valve2,0.csv
2020-03-09 16:01:27,0.0,valve2,0.csv
2020-03-09 16:01:28,0.0,valve2,0.csv
2020-03-09 16:01:29,0.0,valve2,0.csv
2020-03-09 16:01:30,0.0,valve2,0.csv
2020-03-09 16:01:31,0.0,valve2,0.csv
2020-03-09 16:01:32,0.0,valve2,0.csv
2020-03-09 16:01:33,0.0,valve2,0.csv
2020-03-09 16:01:34,0.0,valve2,0.csv
2020-03-09 16:01:35,0.0,valve2,0.csv
2020-03-09 16:01:36,0.0,valve2,0.csv
2020-03-09 16:01:37,0.0,valve2,0.csv
2020-03-09 16:01:38,0.0,valve2,0.csv
2020-03-09 16:01:39,0.0,valve2,0.csv
2020-03-09 16:01:40,0.0,valve2,0.csv
2020-03-09 16:01:41,0.0,valve2,0.csv
2020-03-09 16:01:42,0.0,valve2,0.csv
2020-03-09 16:01:44,0.0,valve2,0.csv
2020-03-09 16:01:45,0.0,valve2,0.csv
2020-03-09 16:01:46,0.0,valve2,0.csv
2020-03-09 16:01:47,0.0,valve2,0.csv
2020-03-09 16:01:48,0.0,valve2,0.csv
2020-03-09 16:01:49,0.0,valve2,0.csv
2020-03-09 16:01:50,0.0,valve2,0.csv
2020-03-09 16:01:51,0.0,valve2,0.csv
2020-03-09 16:01:52,0.0,valve2,0.csv
2020-03-09 16:01:53,0.0,valve2,0.csv
2020-03-09 16:01:54,0.0,valve2,0.csv
2020-03-09 16:01:55,0.0,valve2,0.csv
2020-03-09 16:01:56,0.0,valve2,0.csv
2020-03-09 16:01:57,0.0,valve2,0.csv
2020-03-09 16:01:58,0.0,valve2,0.csv
2020-03-09 16:01:59,0.0,valve2,0.csv
2020-03-09 16:02:00,0.0,valve2,0.csv
2020-03-09 16:02:01,0.0,valve2,0.csv
2020-03-09 16:02:02,0.0,valve2,0.csv
2020-03-09 16:02:04,0.0,valve2,0.csv
2020-03-09 16:02:05,0.0,valve2,0.csv
2020-03-09 16:02:06,0.0,valve2,0.csv
2020-03-09 16:02:07,0.0,valve2,0.csv
2020-03-09 16:02:08,0.0,valve2,0.csv
2020-03-09 16:02:09,0.0,valve2,0.csv
2020-03-09 16:02:10,0.0,valve2,0.csv
2020-03-09 16:02:11,0.0,valve2,0.csv
2020-03-09 16:02:12,0.0,valve2,0.csv
2020-03-09 16:02:13,0.0,valve2,0.csv
2020-03-09 16:02:14,0.0,valve2,0.csv
2020-03-09 16:02:15,0.0,valve2,0.csv
2020-03-09 16:02:16,0.0,valve2,0.csv
2020-03-09 16:02:17,0.0,valve2,0.csv
2020-03-09 16:02:18,0.0,valve2,0.csv
2020-03-09 16:02:20,0.0,valve2,0.csv
2020-03-09 16:02:21,0.0,valve2,0.csv
2020-03-09 16:02:22,0.0,valve2,0.csv
2020-03-09 16:02:23,0.0,valve2,0.csv
2020-03-09 16:02:24,0.0,valve2,0.csv
2020-03-09 16:02:25,0.0,valve2,0.csv
2020-03-09 16:02:26,0.0,valve2,0.csv
2020-03-09 16:02:27,0.0,valve2,0.csv
2020-03-09 16:02:28,0.0,valve2,0.csv
2020-03-09 16:02:29,0.0,valve2,0.csv
2020-03-09 16:02:30,0.0,valve2,0.csv
2020-03-09 16:02:31,0.0,valve2,0.csv
2020-03-09 16:02:33,0.0,valve2,0.csv
2020-03-09 16:02:34,0.0,valve2,0.csv
2020-03-09 16:02:35,0.0,valve2,0.csv
2020-03-09 16:02:36,0.0,valve2,0.csv
2020-03-09 16:02:37,0.0,valve2,0.csv
2020-03-09 16:02:38,0.0,valve2,0.csv
2020-03-09 16:02:39,0.0,valve2,0.csv
2020-03-09 16:02:40,0.0,valve2,0.csv
2020-03-09 16:02:41,0.0,valve2,0.csv
2020-03-09 16:02:42,0.0,valve2,0.csv
2020-03-09 16:02:43,0.0,valve2,0.csv
2020-03-09 16:02:44,0.0,valve2,0.csv
2020-03-09 16:02:45,0.0,valve2,0.csv
2020-03-09 16:02:47,0.0,valve2,0.csv
2020-03-09 16:02:48,0.0,valve2,0.csv
2020-03-09 16:02:49,0.0,valve2,0.csv
2020-03-09 16:02:50,0.0,valve2,0.csv
2020-03-09 16:02:51,0.0,valve2,0.csv
2020-03-09 16:02:52,0.0,valve2,0.csv
2020-03-09 16:02:53,0.0,valve2,0.csv
2020-03-09 16:02:54,0.0,valve2,0.csv
2020-03-09 16:02:55,0.0,valve2,0.csv
2020-03-09 16:02:56,0.0,valve2,0.csv
2020-03-09 16:02:57,0.0,valve2,0.csv
2020-03-09 16:02:58,0.0,valve2,0.csv
2020-03-09 16:02:59,0.0,valve2,0.csv
2020-03-09 16:03:01,0.0,valve2,0.csv
2020-03-09 16:03:02,0.0,valve2,0.csv
2020-03-09 16:03:03,0.0,valve2,0.csv
2020-03-09 16:03:04,0.0,valve2,0.csv
2020-03-09 16:03:05,0.0,valve2,0.csv
2020-03-09 16:03:06,0.0,valve2,0.csv
2020-03-09 16:03:07,0.0,valve2,0.csv
2020-03-09 16:03:08,0.0,valve2,0.csv
2020-03-09 16:03:09,0.0,valve2,0.csv
2020-03-09 16:03:10,0.0,valve2,0.csv
2020-03-09 16:03:11,0.0,valve2,0.csv
2020-03-09 16:03:12,0.0,valve2,0.csv
2020-03-09 16:03:13,0.0,valve2,0.csv
2020-03-09 16:03:15,0.0,valve2,0.csv
2020-03-09 16:03:16,0.0,valve2,0.csv
2020-03-09 16:03:17,0.0,valve2,0.csv
2020-03-09 16:03:18,0.0,valve2,0.csv
2020-03-09 16:03:19,0.0,valve2,0.csv
2020-03-09 16:03:20,0.0,valve2,0.csv
2020-03-09 16:03:21,0.0,valve2,0.csv
2020-03-09 16:03:22,0.0,valve2,0.csv
2020-03-09 16:03:23,0.0,valve2,0.csv
2020-03-09 16:03:24,0.0,valve2,0.csv
2020-03-09 16:03:25,0.0,valve2,0.csv
2020-03-09 16:03:26,0.0,valve2,0.csv
2020-03-09 16:03:27,0.0,valve2,0.csv
2020-03-09 16:03:29,0.0,valve2,0.csv
2020-03-09 16:03:30,0.0,valve2,0.csv
2020-03-09 16:03:31,0.0,valve2,0.csv
2020-03-09 16:03:32,0.0,valve2,0.csv
2020-03-09 16:03:33,0.0,valve2,0.csv
2020-03-09 16:03:34,0.0,valve2,0.csv
2020-03-09 16:03:35,0.0,valve2,0.csv
2020-03-09 16:03:36,0.0,valve2,0.csv
2020-03-09 16:03:37,0.0,valve2,0.csv
2020-03-09 16:03:38,0.0,valve2,0.csv
2020-03-09 16:03:39,0.0,valve2,0.csv
2020-03-09 16:03:40,0.0,valve2,0.csv
2020-03-09 16:03:41,0.0,valve2,0.csv
2020-03-09 16:03:42,0.0,valve2,0.csv
2020-03-09 16:03:43,0.0,valve2,0.csv
2020-03-09 16:03:44,0.0,valve2,0.csv
2020-03-09 16:03:45,0.0,valve2,0.csv
2020-03-09 16:03:46,0.0,valve2,0.csv
2020-03-09 16:03:48,0.0,valve2,0.csv
2020-03-09 16:03:49,0.0,valve2,0.csv
2020-03-09 16:03:50,0.0,valve2,0.csv
2020-03-09 16:03:51,0.0,valve2,0.csv
2020-03-09 16:03:52,0.0,valve2,0.csv
2020-03-09 16:03:53,0.0,valve2,0.csv
2020-03-09 16:03:54,0.0,valve2,0.csv
2020-03-09 16:03:55,0.0,valve2,0.csv
2020-03-09 16:03:56,0.0,valve2,0.csv
2020-03-09 16:03:57,0.0,valve2,0.csv
2020-03-09 16:03:58,0.0,valve2,0.csv
2020-03-09 16:03:59,0.0,valve2,0.csv
2020-03-09 16:04:00,0.0,valve2,0.csv
2020-03-09 16:04:01,0.0,valve2,0.csv
2020-03-09 16:04:02,0.0,valve2,0.csv
2020-03-09 16:04:03,0.0,valve2,0.csv
2020-03-09 16:04:04,0.0,valve2,0.csv
2020-03-09 16:04:05,0.0,valve2,0.csv
2020-03-09 16:04:07,0.0,valve2,0.csv
2020-03-09 16:04:08,0.0,valve2,0.csv
2020-03-09 16:04:09,0.0,valve2,0.csv
2020-03-09 16:04:10,0.0,valve2,0.csv
2020-03-09 16:04:11,0.0,valve2,0.csv
2020-03-09 16:04:12,0.0,valve2,0.csv
2020-03-09 16:04:13,0.0,valve2,0.csv
2020-03-09 16:04:14,0.0,valve2,0.csv
2020-03-09 16:04:15,0.0,valve2,0.csv
2020-03-09 16:04:16,0.0,valve2,0.csv
2020-03-09 16:04:17,0.0,valve2,0.csv
2020-03-09 16:04:18,0.0,valve2,0.csv
2020-03-09 16:04:19,0.0,valve2,0.csv
2020-03-09 16:04:20,0.0,valve2,0.csv
2020-03-09 16:04:22,0.0,valve2,0.csv
2020-03-09 16:04:23,0.0,valve2,0.csv
2020-03-09 16:04:24,0.0,valve2,0.csv
2020-03-09 16:04:25,0.0,valve2,0.csv
2020-03-09 16:04:26,0.0,valve2,0.csv
2020-03-09 16:04:27,0.0,valve2,0.csv
2020-03-09 16:04:28,0.0,valve2,0.csv
2020-03-09 16:04:29,0.0,valve2,0.csv
2020-03-09 16:04:30,0.0,valve2,0.csv
2020-03-09 16:04:31,0.0,valve2,0.csv
2020-03-09 16:04:32,0.0,valve2,0.csv
2020-03-09 16:04:33,0.0,valve2,0.csv
2020-03-09 16:04:34,0.0,valve2,0.csv
2020-03-09 16:04:36,0.0,valve2,0.csv
2020-03-09 16:04:37,0.0,valve2,0.csv
2020-03-09 16:04:38,0.0,valve2,0.csv
2020-03-09 16:04:39,0.0,valve2,0.csv
2020-03-09 16:04:40,0.0,valve2,0.csv
2020-03-09 16:04:41,0.0,valve2,0.csv
2020-03-09 16:04:42,0.0,valve2,0.csv
2020-03-09 16:04:43,0.0,valve2,0.csv
2020-03-09 16:04:44,0.0,valve2,0.csv
2020-03-09 16:04:45,0.0,valve2,0.csv
2020-03-09 16:04:46,0.0,valve2,0.csv
2020-03-09 16:04:47,0.0,valve2,0.csv
2020-03-09 16:04:48,0.0,valve2,0.csv
2020-03-09 16:04:50,0.0,valve2,0.csv
2020-03-09 16:04:51,0.0,valve2,0.csv
2020-03-09 16:04:52,0.0,valve2,0.csv
2020-03-09 16:04:53,0.0,valve2,0.csv
2020-03-09 16:04:54,0.0,valve2,0.csv
2020-03-09 16:04:55,0.0,valve2,0.csv
2020-03-09 16:04:56,0.0,valve2,0.csv
2020-03-09 16:04:57,0.0,valve2,0.csv
2020-03-09 16:04:58,0.0,valve2,0.csv
2020-03-09 16:04:59,0.0,valve2,0.csv
2020-03-09 16:05:00,0.0,valve2,0.csv
2020-03-09 16:05:01,0.0,valve2,0.csv
2020-03-09 16:05:02,0.0,valve2,0.csv
2020-03-09 16:05:04,0.0,valve2,0.csv
2020-03-09 16:05:05,0.0,valve2,0.csv
2020-03-09 16:05:06,0.0,valve2,0.csv
2020-03-09 16:05:07,0.0,valve2,0.csv
2020-03-09 16:05:08,0.0,valve2,0.csv
2020-03-09 16:05:09,0.0,valve2,0.csv
2020-03-09 16:05:10,0.0,valve2,0.csv
2020-03-09 16:05:11,0.0,valve2,0.csv
2020-03-09 16:05:12,0.0,valve2,0.csv
2020-03-09 16:05:13,0.0,valve2,0.csv
2020-03-09 16:05:14,0.0,valve2,0.csv
2020-03-09 16:05:15,0.0,valve2,0.csv
2020-03-09 16:05:16,0.0,valve2,0.csv
2020-03-09 16:05:17,0.0,valve2,0.csv
2020-03-09 16:05:19,0.0,valve2,0.csv
2020-03-09 16:05:20,0.0,valve2,0.csv
2020-03-09 16:05:21,0.0,valve2,0.csv
2020-03-09 16:05:22,0.0,valve2,0.csv
2020-03-09 16:05:23,0.0,valve2,0.csv
2020-03-09 16:05:24,0.0,valve2,0.csv
2020-03-09 16:05:25,0.0,valve2,0.csv
2020-03-09 16:05:26,0.0,valve2,0.csv
2020-03-09 16:05:27,0.0,valve2,0.csv
2020-03-09 16:05:28,0.0,valve2,0.csv
2020-03-09 16:05:29,0.0,valve2,0.csv
2020-03-09 16:05:30,0.0,valve2,0.csv
2020-03-09 16:05:32,0.0,valve2,0.csv
2020-03-09 16:05:33,0.0,valve2,0.csv
2020-03-09 16:05:34,0.0,valve2,0.csv
2020-03-09 16:05:35,0.0,valve2,0.csv
2020-03-09 16:05:36,0.0,valve2,0.csv
2020-03-09 16:05:37,0.0,valve2,0.csv
2020-03-09 16:05:38,0.0,valve2,0.csv
2020-03-09 16:05:39,0.0,valve2,0.csv
2020-03-09 16:05:40,0.0,valve2,0.csv
2020-03-09 16:05:41,0.0,valve2,0.csv
2020-03-09 16:05:42,0.0,valve2,0.csv
2020-03-09 16:05:43,0.0,valve2,0.csv
2020-03-09 16:05:44,0.0,valve2,0.csv
2020-03-09 16:05:45,0.0,valve2,0.csv
2020-03-09 16:05:46,0.0,valve2,0.csv
2020-03-09 16:05:47,0.0,valve2,0.csv
2020-03-09 16:05:48,0.0,valve2,0.csv
2020-03-09 16:05:49,0.0,valve2,0.csv
2020-03-09 16:05:51,0.0,valve2,0.csv
2020-03-09 16:05:52,0.0,valve2,0.csv
2020-03-09 16:05:53,0.0,valve2,0.csv
2020-03-09 16:05:54,0.0,valve2,0.csv
2020-03-09 16:05:55,0.0,valve2,0.csv
2020-03-09 16:05:56,0.0,valve2,0.csv
2020-03-09 16:05:57,0.0,valve2,0.csv
2020-03-09 16:05:58,0.0,valve2,0.csv
2020-03-09 16:05:59,0.0,valve2,0.csv
2020-03-09 16:06:00,0.0,valve2,0.csv
2020-03-09 16:06:02,0.0,valve2,0.csv
2020-03-09 16:06:03,0.0,valve2,0.csv
2020-03-09 16:06:04,0.0,valve2,0.csv
2020-03-09 16:06:05,0.0,valve2,0.csv
2020-03-09 16:06:06,0.0,valve2,0.csv
2020-03-09 16:06:07,0.0,valve2,0.csv
2020-03-09 16:06:08,0.0,valve2,0.csv
2020-03-09 16:06:09,0.0,valve2,0.csv
2020-03-09 16:06:10,0.0,valve2,0.csv
2020-03-09 16:06:11,0.0,valve2,0.csv
2020-03-09 16:06:12,0.0,valve2,0.csv
2020-03-09 16:06:13,0.0,valve2,0.csv
2020-03-09 16:06:14,0.0,valve2,0.csv
2020-03-09 16:06:15,0.0,valve2,0.csv
2020-03-09 16:06:17,0.0,valve2,0.csv
2020-03-09 16:06:18,0.0,valve2,0.csv
2020-03-09 16:06:19,0.0,valve2,0.csv
2020-03-09 16:06:20,0.0,valve2,0.csv
2020-03-09 16:06:21,0.0,valve2,0.csv
2020-03-09 16:06:22,0.0,valve2,0.csv
2020-03-09 16:06:23,0.0,valve2,0.csv
2020-03-09 16:06:24,0.0,valve2,0.csv
2020-03-09 16:06:25,0.0,valve2,0.csv
2020-03-09 16:06:26,0.0,valve2,0.csv
2020-03-09 16:06:27,0.0,valve2,0.csv
2020-03-09 16:06:28,0.0,valve2,0.csv
2020-03-09 16:06:29,0.0,valve2,0.csv
2020-03-09 16:06:30,1.0,valve2,0.csv
2020-03-09 16:06:32,0.0,valve2,0.csv
2020-03-09 16:06:33,0.0,valve2,0.csv
2020-03-09 16:06:34,0.0,valve2,0.csv
2020-03-09 16:06:35,0.0,valve2,0.csv
2020-03-09 16:06:36,0.0,valve2,0.csv
2020-03-09 16:06:37,0.0,valve2,0.csv
2020-03-09 16:06:38,0.0,valve2,0.csv
2020-03-09 16:06:39,0.0,valve2,0.csv
2020-03-09 16:06:40,0.0,valve2,0.csv
2020-03-09 16:06:41,0.0,valve2,0.csv
2020-03-09 16:06:42,0.0,valve2,0.csv
2020-03-09 16:06:43,0.0,valve2,0.csv
2020-03-09 16:06:44,0.0,valve2,0.csv
2020-03-09 16:06:45,0.0,valve2,0.csv
2020-03-09 16:06:47,0.0,valve2,0.csv
2020-03-09 16:06:48,0.0,valve2,0.csv
2020-03-09 16:06:49,0.0,valve2,0.csv
2020-03-09 16:06:50,0.0,valve2,0.csv
2020-03-09 16:06:51,0.0,valve2,0.csv
2020-03-09 16:06:52,0.0,valve2,0.csv
2020-03-09 16:06:53,0.0,valve2,0.csv
2020-03-09 16:06:54,0.0,valve2,0.csv
2020-03-09 16:06:55,0.0,valve2,0.csv
2020-03-09 16:06:56,0.0,valve2,0.csv
2020-03-09 16:06:57,0.0,valve2,0.csv
2020-03-09 16:06:58,0.0,valve2,0.csv
2020-03-09 16:06:59,0.0,valve2,0.csv
2020-03-09 16:07:01,0.0,valve2,0.csv
2020-03-09 16:07:02,0.0,valve2,0.csv
2020-03-09 16:07:03,0.0,valve2,0.csv
2020-03-09 16:07:04,0.0,valve2,0.csv
2020-03-09 16:07:05,0.0,valve2,0.csv
2020-03-09 16:07:06,0.0,valve2,0.csv
2020-03-09 16:07:07,0.0,valve2,0.csv
2020-03-09 16:07:08,0.0,valve2,0.csv
2020-03-09 16:07:09,0.0,valve2,0.csv
2020-03-09 16:07:10,0.0,valve2,0.csv
2020-03-09 16:07:11,0.0,valve2,0.csv
2020-03-09 16:07:12,0.0,valve2,0.csv
2020-03-09 16:07:13,0.0,valve2,0.csv
2020-03-09 16:07:14,0.0,valve2,0.csv
2020-03-09 16:07:15,0.0,valve2,0.csv
2020-03-09 16:07:17,0.0,valve2,0.csv
2020-03-09 16:07:18,0.0,valve2,0.csv
2020-03-09 16:07:19,0.0,valve2,0.csv
2020-03-09 16:07:20,0.0,valve2,0.csv
2020-03-09 16:07:21,0.0,valve2,0.csv
2020-03-09 16:07:22,0.0,valve2,0.csv
2020-03-09 16:07:23,0.0,valve2,0.csv
2020-03-09 16:07:24,0.0,valve2,0.csv
2020-03-09 16:07:25,0.0,valve2,0.csv
2020-03-09 16:07:26,0.0,valve2,0.csv
2020-03-09 16:07:27,0.0,valve2,0.csv
2020-03-09 16:07:28,0.0,valve2,0.csv
2020-03-09 16:07:29,0.0,valve2,0.csv
2020-03-09 16:07:30,1.0,valve2,0.csv
2020-03-09 16:07:32,0.0,valve2,0.csv
2020-03-09 16:07:33,0.0,valve2,0.csv
2020-03-09 16:07:34,0.0,valve2,0.csv
2020-03-09 16:07:35,0.0,valve2,0.csv
2020-03-09 16:07:36,0.0,valve2,0.csv
2020-03-09 16:07:37,0.0,valve2,0.csv
2020-03-09 16:07:38,0.0,valve2,0.csv
2020-03-09 16:07:39,0.0,valve2,0.csv
2020-03-09 16:07:40,0.0,valve2,0.csv
2020-03-09 16:07:41,0.0,valve2,0.csv
2020-03-09 16:07:42,0.0,valve2,0.csv
2020-03-09 16:07:43,0.0,valve2,0.csv
2020-03-09 16:07:44,0.0,valve2,0.csv
2020-03-09 16:07:45,0.0,valve2,0.csv
2020-03-09 16:07:46,0.0,valve2,0.csv
2020-03-09 16:07:47,0.0,valve2,0.csv
2020-03-09 16:07:48,0.0,valve2,0.csv
2020-03-09 16:07:49,0.0,valve2,0.csv
2020-03-09 16:07:50,0.0,valve2,0.csv
2020-03-09 16:07:52,0.0,valve2,0.csv
2020-03-09 16:07:53,0.0,valve2,0.csv
2020-03-09 16:07:54,0.0,valve2,0.csv
2020-03-09 16:07:55,0.0,valve2,0.csv
2020-03-09 16:07:56,0.0,valve2,0.csv
2020-03-09 16:07:57,0.0,valve2,0.csv
2020-03-09 16:07:58,0.0,valve2,0.csv
2020-03-09 16:07:59,0.0,valve2,0.csv
2020-03-09 16:08:00,0.0,valve2,0.csv
2020-03-09 16:08:01,0.0,valve2,0.csv
2020-03-09 16:08:02,0.0,valve2,0.csv
2020-03-09 16:08:03,0.0,valve2,0.csv
2020-03-09 16:08:04,0.0,valve2,0.csv
2020-03-09 16:08:05,0.0,valve2,0.csv
2020-03-09 16:08:06,0.0,valve2,0.csv
2020-03-09 16:08:07,0.0,valve2,0.csv
2020-03-09 16:08:08,0.0,valve2,0.csv
2020-03-09 16:08:10,0.0,valve2,0.csv
2020-03-09 16:08:11,0.0,valve2,0.csv
2020-03-09 16:08:12,0.0,valve2,0.csv
2020-03-09 16:08:13,0.0,valve2,0.csv
2020-03-09 16:08:14,0.0,valve2,0.csv
2020-03-09 16:08:15,0.0,valve2,0.csv
2020-03-09 16:08:16,0.0,valve2,0.csv
2020-03-09 16:08:17,0.0,valve2,0.csv
2020-03-09 16:08:18,0.0,valve2,0.csv
2020-03-09 16:08:19,0.0,valve2,0.csv
2020-03-09 16:08:20,0.0,valve2,0.csv
2020-03-09 16:08:21,0.0,valve2,0.csv
2020-03-09 16:08:22,0.0,valve2,0.csv
2020-03-09 16:08:24,0.0,valve2,0.csv
2020-03-09 16:08:25,0.0,valve2,0.csv
2020-03-09 16:08:26,0.0,valve2,0.csv
2020-03-09 16:08:27,0.0,valve2,0.csv
2020-03-09 16:08:28,0.0,valve2,0.csv
2020-03-09 16:08:29,0.0,valve2,0.csv
2020-03-09 16:08:30,0.0,valve2,0.csv
2020-03-09 16:08:31,0.0,valve2,0.csv
2020-03-09 16:08:32,0.0,valve2,0.csv
2020-03-09 16:08:33,0.0,valve2,0.csv
2020-03-09 16:08:34,0.0,valve2,0.csv
2020-03-09 16:08:35,0.0,valve2,0.csv
2020-03-09 16:08:36,0.0,valve2,0.csv
2020-03-09 16:08:37,0.0,valve2,0.csv
2020-03-09 16:08:39,0.0,valve2,0.csv
2020-03-09 16:08:40,0.0,valve2,0.csv
2020-03-09 16:08:41,0.0,valve2,0.csv
2020-03-09 16:08:42,0.0,valve2,0.csv
2020-03-09 16:08:43,0.0,valve2,0.csv
2020-03-09 16:08:44,0.0,valve2,0.csv
2020-03-09 16:08:45,0.0,valve2,0.csv
2020-03-09 16:08:46,0.0,valve2,0.csv
2020-03-09 16:08:47,0.0,valve2,0.csv
2020-03-09 16:08:48,0.0,valve2,0.csv
2020-03-09 16:08:49,0.0,valve2,0.csv
2020-03-09 16:08:50,0.0,valve2,0.csv
2020-03-09 16:08:51,0.0,valve2,0.csv
2020-03-09 16:08:52,0.0,valve2,0.csv
2020-03-09 16:08:53,0.0,valve2,0.csv
2020-03-09 16:08:54,0.0,valve2,0.csv
2020-03-09 16:08:56,0.0,valve2,0.csv
2020-03-09 16:08:57,0.0,valve2,0.csv
2020-03-09 16:08:58,0.0,valve2,0.csv
2020-03-09 16:08:59,0.0,valve2,0.csv
2020-03-09 16:09:00,0.0,valve2,0.csv
2020-03-09 16:09:01,0.0,valve2,0.csv
2020-03-09 16:09:02,0.0,valve2,0.csv
2020-03-09 16:09:03,0.0,valve2,0.csv
2020-03-09 16:09:04,0.0,valve2,0.csv
2020-03-09 16:09:05,0.0,valve2,0.csv
2020-03-09 16:09:06,0.0,valve2,0.csv
2020-03-09 16:09:07,0.0,valve2,0.csv
2020-03-09 16:09:08,0.0,valve2,0.csv
2020-03-09 16:09:09,0.0,valve2,0.csv
2020-03-09 16:09:11,0.0,valve2,0.csv
2020-03-09 16:09:12,0.0,valve2,0.csv
2020-03-09 16:09:13,0.0,valve2,0.csv
2020-03-09 16:09:14,0.0,valve2,0.csv
2020-03-09 16:09:15,0.0,valve2,0.csv
2020-03-09 16:09:16,0.0,valve2,0.csv
2020-03-09 16:09:17,0.0,valve2,0.csv
2020-03-09 16:09:18,0.0,valve2,0.csv
2020-03-09 16:09:19,0.0,valve2,0.csv
2020-03-09 16:09:20,0.0,valve2,0.csv
2020-03-09 16:09:21,0.0,valve2,0.csv
2020-03-09 16:09:22,0.0,valve2,0.csv
2020-03-09 16:09:23,0.0,valve2,0.csv
2020-03-09 16:09:24,0.0,valve2,0.csv
2020-03-09 16:09:26,0.0,valve2,0.csv
2020-03-09 16:09:27,0.0,valve2,0.csv
2020-03-09 16:09:28,0.0,valve2,0.csv
2020-03-09 16:09:29,0.0,valve2,0.csv
2020-03-09 16:09:30,0.0,valve2,0.csv
2020-03-09 16:09:31,0.0,valve2,0.csv
2020-03-09 16:09:32,0.0,valve2,0.csv
2020-03-09 16:09:33,0.0,valve2,0.csv
2020-03-09 16:09:34,0.0,valve2,0.csv
2020-03-09 16:09:35,0.0,valve2,0.csv
2020-03-09 16:09:36,0.0,valve2,0.csv
2020-03-09 16:09:37,0.0,valve2,0.csv
2020-03-09 16:09:38,0.0,valve2,0.csv
2020-03-09 16:09:39,0.0,valve2,0.csv
2020-03-09 16:09:40,0.0,valve2,0.csv
2020-03-09 16:09:41,0.0,valve2,0.csv
2020-03-09 16:09:42,0.0,valve2,0.csv
2020-03-09 16:09:43,0.0,valve2,0.csv
2020-03-09 16:09:45,0.0,valve2,0.csv
2020-03-09 16:09:46,0.0,valve2,0.csv
2020-03-09 16:09:47,0.0,valve2,0.csv
2020-03-09 16:09:48,0.0,valve2,0.csv
2020-03-09 16:09:49,0.0,valve2,0.csv
2020-03-09 16:09:50,0.0,valve2,0.csv
2020-03-09 16:09:51,0.0,valve2,0.csv
2020-03-09 16:09:52,0.0,valve2,0.csv
2020-03-09 16:09:53,0.0,valve2,0.csv
2020-03-09 16:09:54,0.0,valve2,0.csv
2020-03-09 16:09:55,0.0,valve2,0.csv
2020-03-09 16:09:56,0.0,valve2,0.csv
2020-03-09 16:09:57,0.0,valve2,0.csv
2020-03-09 16:09:58,0.0,valve2,0.csv
2020-03-09 16:09:59,0.0,valve2,0.csv
2020-03-09 16:10:00,0.0,valve2,0.csv
2020-03-09 16:10:01,0.0,valve2,0.csv
2020-03-09 16:10:02,0.0,valve2,0.csv
2020-03-09 16:10:04,0.0,valve2,0.csv
2020-03-09 16:10:05,0.0,valve2,0.csv
2020-03-09 16:10:06,0.0,valve2,0.csv
2020-03-09 16:10:07,0.0,valve2,0.csv
2020-03-09 16:10:08,0.0,valve2,0.csv
2020-03-09 16:10:09,0.0,valve2,0.csv
2020-03-09 16:10:10,0.0,valve2,0.csv
2020-03-09 16:10:11,0.0,valve2,0.csv
2020-03-09 16:10:12,0.0,valve2,0.csv
2020-03-09 16:10:13,0.0,valve2,0.csv
2020-03-09 16:10:14,0.0,valve2,0.csv
2020-03-09 16:10:15,0.0,valve2,0.csv
2020-03-09 16:10:16,0.0,valve2,0.csv
2020-03-09 16:10:17,0.0,valve2,0.csv
2020-03-09 16:10:18,0.0,valve2,0.csv
2020-03-09 16:10:20,0.0,valve2,0.csv
2020-03-09 16:10:21,0.0,valve2,0.csv
2020-03-09 16:10:22,0.0,valve2,0.csv
2020-03-09 16:10:23,0.0,valve2,0.csv
2020-03-09 16:10:24,0.0,valve2,0.csv
2020-03-09 16:10:25,0.0,valve2,0.csv
2020-03-09 16:10:26,0.0,valve2,0.csv
2020-03-09 16:10:27,0.0,valve2,0.csv
2020-03-09 16:10:28,0.0,valve2,0.csv
2020-03-09 16:10:29,0.0,valve2,0.csv
2020-03-09 16:10:30,0.0,valve2,0.csv
2020-03-09 16:10:31,0.0,valve2,0.csv
2020-03-09 16:10:32,0.0,valve2,0.csv
2020-03-09 16:10:33,0.0,valve2,0.csv
2020-03-09 16:10:35,0.0,valve2,0.csv
2020-03-09 16:10:36,0.0,valve2,0.csv
2020-03-09 16:10:37,0.0,valve2,0.csv
2020-03-09 16:10:38,0.0,valve2,0.csv
2020-03-09 16:10:39,0.0,valve2,0.csv
2020-03-09 16:10:40,0.0,valve2,0.csv
2020-03-09 16:10:41,0.0,valve2,0.csv
2020-03-09 16:10:42,0.0,valve2,0.csv
2020-03-09 16:10:43,0.0,valve2,0.csv
2020-03-09 16:10:44,0.0,valve2,0.csv
2020-03-09 16:10:45,0.0,valve2,0.csv
2020-03-09 16:10:46,0.0,valve2,0.csv
2020-03-09 16:10:47,0.0,valve2,0.csv
2020-03-09 16:10:49,0.0,valve2,0.csv
2020-03-09 16:10:50,0.0,valve2,0.csv
2020-03-09 16:10:51,0.0,valve2,0.csv
2020-03-09 16:10:52,0.0,valve2,0.csv
2020-03-09 16:10:53,0.0,valve2,0.csv
2020-03-09 16:10:54,0.0,valve2,0.csv
2020-03-09 16:10:55,0.0,valve2,0.csv
2020-03-09 16:10:56,0.0,valve2,0.csv
2020-03-09 16:10:57,0.0,valve2,0.csv
2020-03-09 16:10:58,0.0,valve2,0.csv
2020-03-09 16:10:59,0.0,valve2,0.csv
2020-03-09 16:11:00,0.0,valve2,0.csv
2020-03-09 16:11:01,0.0,valve2,0.csv
2020-03-09 16:11:03,0.0,valve2,0.csv
2020-03-09 16:11:04,0.0,valve2,0.csv
2020-03-09 16:11:05,0.0,valve2,0.csv
2020-03-09 16:11:06,0.0,valve2,0.csv
2020-03-09 16:11:07,0.0,valve2,0.csv
2020-03-09 16:11:08,0.0,valve2,0.csv
2020-03-09 16:11:09,0.0,valve2,0.csv
2020-03-09 16:11:10,0.0,valve2,0.csv
2020-03-09 16:11:11,0.0,valve2,0.csv
2020-03-09 16:11:12,0.0,valve2,0.csv
2020-03-09 16:11:13,0.0,valve2,0.csv
2020-03-09 16:11:14,0.0,valve2,0.csv
2020-03-09 16:11:15,0.0,valve2,0.csv
2020-03-09 16:11:16,0.0,valve2,0.csv
2020-03-09 16:11:17,0.0,valve2,0.csv
2020-03-09 16:11:18,0.0,valve2,0.csv
2020-03-09 16:11:19,0.0,valve2,0.csv
2020-03-09 16:11:21,0.0,valve2,0.csv
2020-03-09 16:11:22,0.0,valve2,0.csv
2020-03-09 16:11:23,0.0,valve2,0.csv
2020-03-09 16:11:24,0.0,valve2,0.csv
2020-03-09 16:11:25,0.0,valve2,0.csv
2020-03-09 16:11:26,0.0,valve2,0.csv
2020-03-09 16:11:27,0.0,valve2,0.csv
2020-03-09 16:11:28,0.0,valve2,0.csv
2020-03-09 16:11:29,0.0,valve2,0.csv
2020-03-09 16:11:30,0.0,valve2,0.csv
2020-03-09 16:11:31,0.0,valve2,0.csv
2020-03-09 16:11:32,0.0,valve2,0.csv
2020-03-09 16:11:33,0.0,valve2,0.csv
2020-03-09 16:11:34,0.0,valve2,0.csv
2020-03-09 16:11:35,0.0,valve2,0.csv
2020-03-09 16:11:36,0.0,valve2,0.csv
2020-03-09 16:11:37,0.0,valve2,0.csv
2020-03-09 16:11:39,0.0,valve2,0.csv
2020-03-09 16:11:40,0.0,valve2,0.csv
2020-03-09 16:11:41,0.0,valve2,0.csv
2020-03-09 16:11:42,0.0,valve2,0.csv
2020-03-09 16:11:43,0.0,valve2,0.csv
2020-03-09 16:11:44,0.0,valve2,0.csv
2020-03-09 16:11:45,0.0,valve2,0.csv
2020-03-09 16:11:46,0.0,valve2,0.csv
2020-03-09 16:11:47,0.0,valve2,0.csv
2020-03-09 16:11:48,0.0,valve2,0.csv
2020-03-09 16:11:49,0.0,valve2,0.csv
2020-03-09 16:11:50,0.0,valve2,0.csv
2020-03-09 16:11:51,0.0,valve2,0.csv
2020-03-09 16:11:52,0.0,valve2,0.csv
2020-03-09 16:11:53,0.0,valve2,0.csv
2020-03-09 16:11:54,0.0,valve2,0.csv
2020-03-09 16:11:55,0.0,valve2,0.csv
2020-03-09 16:11:56,0.0,valve2,0.csv
2020-03-09 16:11:57,0.0,valve2,0.csv
2020-03-09 16:11:58,0.0,valve2,0.csv
2020-03-09 16:12:00,0.0,valve2,0.csv
2020-03-09 16:12:01,0.0,valve2,0.csv
2020-03-09 16:12:02,0.0,valve2,0.csv
2020-03-09 16:12:03,0.0,valve2,0.csv
2020-03-09 16:12:04,0.0,valve2,0.csv
2020-03-09 16:12:05,0.0,valve2,0.csv
2020-03-09 16:12:06,0.0,valve2,0.csv
2020-03-09 16:12:07,0.0,valve2,0.csv
2020-03-09 16:12:08,0.0,valve2,0.csv
2020-03-09 16:12:09,0.0,valve2,0.csv
2020-03-09 16:12:10,0.0,valve2,0.csv
2020-03-09 16:12:11,0.0,valve2,0.csv
2020-03-09 16:12:12,0.0,valve2,0.csv
2020-03-09 16:12:13,0.0,valve2,0.csv
2020-03-09 16:12:14,0.0,valve2,0.csv
2020-03-09 16:12:15,0.0,valve2,0.csv
2020-03-09 16:12:16,0.0,valve2,0.csv
2020-03-09 16:12:17,0.0,valve2,0.csv
2020-03-09 16:12:19,0.0,valve2,0.csv
2020-03-09 16:12:20,0.0,valve2,0.csv
2020-03-09 16:12:21,0.0,valve2,0.csv
2020-03-09 16:12:22,0.0,valve2,0.csv
2020-03-09 16:12:23,0.0,valve2,0.csv
2020-03-09 16:12:24,0.0,valve2,0.csv
2020-03-09 16:12:25,0.0,valve2,0.csv
2020-03-09 16:12:26,0.0,valve2,0.csv
2020-03-09 16:12:27,0.0,valve2,0.csv
2020-03-09 16:12:28,0.0,valve2,0.csv
2020-03-09 16:12:29,0.0,valve2,0.csv
2020-03-09 16:12:30,1.0,valve2,0.csv
2020-03-09 16:12:31,0.0,valve2,0.csv
2020-03-09 16:12:33,0.0,valve2,0.csv
2020-03-09 16:12:34,0.0,valve2,0.csv
2020-03-09 16:12:35,0.0,valve2,0.csv
2020-03-09 16:12:36,0.0,valve2,0.csv
2020-03-09 16:12:37,0.0,valve2,0.csv
2020-03-09 16:12:38,0.0,valve2,0.csv
2020-03-09 16:12:39,0.0,valve2,0.csv
2020-03-09 16:12:40,0.0,valve2,0.csv
2020-03-09 16:12:41,0.0,valve2,0.csv
2020-03-09 16:12:42,0.0,valve2,0.csv
2020-03-09 16:12:43,0.0,valve2,0.csv
2020-03-09 16:12:44,0.0,valve2,0.csv
2020-03-09 16:12:45,0.0,valve2,0.csv
2020-03-09 16:12:46,0.0,valve2,0.csv
2020-03-09 16:12:48,0.0,valve2,0.csv
2020-03-09 16:12:49,0.0,valve2,0.csv
2020-03-09 16:12:50,0.0,valve2,0.csv
2020-03-09 16:12:51,0.0,valve2,0.csv
2020-03-09 16:12:52,0.0,valve2,0.csv
2020-03-09 16:12:53,0.0,valve2,0.csv
2020-03-09 16:12:54,0.0,valve2,0.csv
2020-03-09 16:12:55,0.0,valve2,0.csv
2020-03-09 16:12:56,0.0,valve2,0.csv
2020-03-09 16:12:57,0.0,valve2,0.csv
2020-03-09 16:12:58,0.0,valve2,0.csv
2020-03-09 16:12:59,0.0,valve2,0.csv
2020-03-09 16:13:00,0.0,valve2,0.csv
2020-03-09 16:13:02,0.0,valve2,0.csv
2020-03-09 16:13:03,0.0,valve2,0.csv
2020-03-09 16:13:04,0.0,valve2,0.csv
2020-03-09 16:13:05,0.0,valve2,0.csv
2020-03-09 16:13:06,0.0,valve2,0.csv
2020-03-09 16:13:07,0.0,valve2,0.csv
2020-03-09 16:13:08,0.0,valve2,0.csv
2020-03-09 16:13:09,0.0,valve2,0.csv
2020-03-09 16:13:10,0.0,valve2,0.csv
2020-03-09 16:13:11,0.0,valve2,0.csv
2020-03-09 16:13:12,0.0,valve2,0.csv
2020-03-09 16:13:13,0.0,valve2,0.csv
2020-03-09 16:13:14,0.0,valve2,0.csv
2020-03-09 16:13:15,0.0,valve2,0.csv
2020-03-09 16:13:17,0.0,valve2,0.csv
2020-03-09 16:13:18,0.0,valve2,0.csv
2020-03-09 16:13:19,0.0,valve2,0.csv
2020-03-09 16:13:20,0.0,valve2,0.csv
2020-03-09 16:13:21,0.0,valve2,0.csv
2020-03-09 16:13:22,0.0,valve2,0.csv
2020-03-09 16:13:23,0.0,valve2,0.csv
2020-03-09 16:13:24,0.0,valve2,0.csv
2020-03-09 16:13:25,0.0,valve2,0.csv
2020-03-09 16:13:26,0.0,valve2,0.csv
2020-03-09 16:13:27,0.0,valve2,0.csv
2020-03-09 16:13:28,0.0,valve2,0.csv
2020-03-09 16:13:29,0.0,valve2,0.csv
2020-03-09 16:13:30,1.0,valve2,0.csv
2020-03-09 16:13:32,0.0,valve2,0.csv
2020-03-09 16:13:33,0.0,valve2,0.csv
2020-03-09 16:13:34,0.0,valve2,0.csv
2020-03-09 16:13:35,0.0,valve2,0.csv
2020-03-09 16:13:36,0.0,valve2,0.csv
2020-03-09 16:13:37,0.0,valve2,0.csv
2020-03-09 16:13:38,0.0,valve2,0.csv
2020-03-09 16:13:39,0.0,valve2,0.csv
2020-03-09 16:13:40,0.0,valve2,0.csv
2020-03-09 16:13:41,0.0,valve2,0.csv
2020-03-09 16:13:42,0.0,valve2,0.csv
2020-03-09 16:13:43,0.0,valve2,0.csv
2020-03-09 16:13:44,0.0,valve2,0.csv
2020-03-09 16:13:45,0.0,valve2,0.csv
2020-03-09 16:13:46,0.0,valve2,0.csv
2020-03-09 16:13:47,0.0,valve2,0.csv
2020-03-09 16:13:48,0.0,valve2,0.csv
2020-03-09 16:13:49,0.0,valve2,0.csv
2020-03-09 16:13:50,0.0,valve2,0.csv
2020-03-09 16:13:51,0.0,valve2,0.csv
2020-03-09 16:13:52,0.0,valve2,0.csv
2020-03-09 16:13:53,0.0,valve2,0.csv
2020-03-09 16:13:55,0.0,valve2,0.csv
2020-03-09 16:13:56,0.0,valve2,0.csv
2020-03-09 16:13:57,0.0,valve2,0.csv
2020-03-09 16:13:58,0.0,valve2,0.csv
2020-03-09 16:13:59,0.0,valve2,0.csv
2020-03-09 16:14:00,0.0,valve2,0.csv
2020-03-09 16:14:01,0.0,valve2,0.csv
2020-03-09 16:14:02,0.0,valve2,0.csv
2020-03-09 16:14:03,0.0,valve2,0.csv
2020-03-09 16:14:04,0.0,valve2,0.csv
2020-03-09 16:14:05,0.0,valve2,0.csv
2020-03-09 16:14:06,0.0,valve2,0.csv
2020-03-09 16:14:07,0.0,valve2,0.csv
2020-03-09 16:14:08,0.0,valve2,0.csv
2020-03-09 16:14:09,0.0,valve2,0.csv
2020-03-09 16:14:10,0.0,valve2,0.csv
2020-03-09 16:14:11,0.0,valve2,0.csv
2020-03-09 16:14:12,0.0,valve2,0.csv
2020-03-09 16:14:13,0.0,valve2,0.csv
2020-03-09 16:14:14,0.0,valve2,0.csv
2020-03-09 16:14:16,0.0,valve2,0.csv
2020-03-09 16:14:17,0.0,valve2,0.csv
2020-03-09 16:14:18,0.0,valve2,0.csv
2020-03-09 16:14:19,0.0,valve2,0.csv
2020-03-09 16:14:20,0.0,valve2,0.csv
2020-03-09 16:14:21,0.0,valve2,0.csv
2020-03-09 16:14:22,0.0,valve2,0.csv
2020-03-09 16:14:23,0.0,valve2,0.csv
2020-03-09 16:14:24,0.0,valve2,0.csv
2020-03-09 16:14:25,0.0,valve2,0.csv
2020-03-09 16:14:26,0.0,valve2,0.csv
2020-03-09 16:14:27,0.0,valve2,0.csv
2020-03-09 16:14:28,0.0,valve2,0.csv
2020-03-09 16:14:29,0.0,valve2,0.csv
2020-03-09 16:14:30,0.0,valve2,0.csv
2020-03-09 16:14:32,0.0,valve2,0.csv
2020-03-09 16:14:33,0.0,valve2,0.csv
2020-03-09 16:14:34,0.0,valve2,0.csv
2020-03-09 16:14:35,0.0,valve2,0.csv
2020-03-09 16:14:36,0.0,valve2,0.csv
2020-03-09 16:14:37,0.0,valve2,0.csv
2020-03-09 16:14:38,0.0,valve2,0.csv
2020-03-09 16:14:39,0.0,valve2,0.csv
2020-03-09 16:14:40,0.0,valve2,0.csv
2020-03-09 16:14:41,0.0,valve2,0.csv
2020-03-09 16:14:42,0.0,valve2,0.csv
2020-03-09 16:14:43,0.0,valve2,0.csv
2020-03-09 16:14:45,0.0,valve2,0.csv
2020-03-09 16:14:46,0.0,valve2,0.csv
2020-03-09 16:14:47,0.0,valve2,0.csv
2020-03-09 16:14:48,0.0,valve2,0.csv
2020-03-09 16:14:49,0.0,valve2,0.csv
2020-03-09 16:14:50,0.0,valve2,0.csv
2020-03-09 16:14:51,0.0,valve2,0.csv
2020-03-09 16:14:52,0.0,valve2,0.csv
2020-03-09 16:14:53,0.0,valve2,0.csv
2020-03-09 16:14:54,0.0,valve2,0.csv
2020-03-09 16:14:55,0.0,valve2,0.csv
2020-03-09 16:14:56,0.0,valve2,0.csv
2020-03-09 16:14:57,0.0,valve2,0.csv
2020-03-09 16:14:58,0.0,valve2,0.csv
2020-03-09 16:14:59,0.0,valve2,0.csv
2020-03-09 16:15:01,0.0,valve2,0.csv
2020-03-09 16:15:02,0.0,valve2,0.csv
2020-03-09 16:15:03,0.0,valve2,0.csv
2020-03-09 16:15:04,0.0,valve2,0.csv
2020-03-09 16:15:05,0.0,valve2,0.csv
2020-03-09 16:15:06,0.0,valve2,0.csv
2020-03-09 16:15:07,0.0,valve2,0.csv
2020-03-09 16:15:08,0.0,valve2,0.csv
2020-03-09 16:15:09,0.0,valve2,0.csv
2020-03-09 16:15:10,0.0,valve2,0.csv
2020-03-09 16:15:11,0.0,valve2,0.csv
2020-03-09 16:15:12,0.0,valve2,0.csv
2020-03-09 16:15:13,0.0,valve2,0.csv
2020-03-09 16:15:14,0.0,valve2,0.csv
2020-03-09 16:15:15,0.0,valve2,0.csv
2020-03-09 16:15:17,0.0,valve2,0.csv
2020-03-09 16:15:18,0.0,valve2,0.csv
2020-03-09 16:15:19,0.0,valve2,0.csv
2020-03-09 16:15:20,0.0,valve2,0.csv
2020-03-09 16:15:21,0.0,valve2,0.csv
2020-03-09 16:15:22,0.0,valve2,0.csv
2020-03-09 16:15:23,0.0,valve2,0.csv
2020-03-09 16:15:24,0.0,valve2,0.csv
2020-03-09 16:15:25,0.0,valve2,0.csv
2020-03-09 16:15:26,0.0,valve2,0.csv
2020-03-09 16:15:27,0.0,valve2,0.csv
2020-03-09 16:15:28,0.0,valve2,0.csv
2020-03-09 16:15:29,0.0,valve2,0.csv
2020-03-09 16:15:30,0.0,valve2,0.csv
2020-03-09 16:15:32,0.0,valve2,0.csv
2020-03-09 16:15:33,0.0,valve2,0.csv
2020-03-09 16:15:34,0.0,valve2,0.csv
2020-03-09 16:15:35,0.0,valve2,0.csv
2020-03-09 16:15:36,0.0,valve2,0.csv
2020-03-09 16:15:37,0.0,valve2,0.csv
2020-03-09 16:15:38,0.0,valve2,0.csv
2020-03-09 16:15:39,0.0,valve2,0.csv
2020-03-09 16:15:40,0.0,valve2,0.csv
2020-03-09 16:15:41,0.0,valve2,0.csv
2020-03-09 16:15:42,0.0,valve2,0.csv
2020-03-09 16:15:43,0.0,valve2,0.csv
2020-03-09 16:15:44,0.0,valve2,0.csv
2020-03-09 16:15:45,0.0,valve2,0.csv
2020-03-09 16:15:46,0.0,valve2,0.csv
2020-03-09 16:15:47,0.0,valve2,0.csv
2020-03-09 16:15:48,0.0,valve2,0.csv
2020-03-09 16:15:49,0.0,valve2,0.csv
2020-03-09 16:15:50,0.0,valve2,0.csv
2020-03-09 16:15:52,0.0,valve2,0.csv
2020-03-09 16:15:53,0.0,valve2,0.csv
2020-03-09 16:15:54,0.0,valve2,0.csv
2020-03-09 16:15:55,0.0,valve2,0.csv
2020-03-09 16:15:56,0.0,valve2,0.csv
2020-03-09 16:15:57,0.0,valve2,0.csv
2020-03-09 16:15:58,0.0,valve2,0.csv
2020-03-09 16:15:59,0.0,valve2,0.csv
2020-03-09 16:16:00,0.0,valve2,0.csv
2020-03-09 16:16:01,0.0,valve2,0.csv
2020-03-09 16:16:02,0.0,valve2,0.csv
2020-03-09 16:16:03,0.0,valve2,0.csv
2020-03-09 16:16:05,0.0,valve2,0.csv
2020-03-09 16:16:06,0.0,valve2,0.csv
2020-03-09 16:16:07,0.0,valve2,0.csv
2020-03-09 16:16:08,0.0,valve2,0.csv
2020-03-09 16:16:09,0.0,valve2,0.csv
2020-03-09 16:16:10,0.0,valve2,0.csv
2020-03-09 16:16:11,0.0,valve2,0.csv
2020-03-09 16:16:12,0.0,valve2,0.csv
2020-03-09 16:16:13,0.0,valve2,0.csv
2020-03-09 16:16:14,0.0,valve2,0.csv
2020-03-09 16:16:15,0.0,valve2,0.csv
2020-03-09 16:16:16,0.0,valve2,0.csv
2020-03-09 16:16:17,0.0,valve2,0.csv
2020-03-09 16:16:18,0.0,valve2,0.csv
2020-03-09 16:16:19,0.0,valve2,0.csv
2020-03-09 16:16:21,0.0,valve2,0.csv
2020-03-09 16:16:22,0.0,valve2,0.csv
2020-03-09 16:16:23,0.0,valve2,0.csv
2020-03-09 16:16:24,0.0,valve2,0.csv
2020-03-09 16:16:25,0.0,valve2,0.csv
2020-03-09 16:16:26,0.0,valve2,0.csv
2020-03-09 16:16:27,0.0,valve2,0.csv
2020-03-09 16:16:28,0.0,valve2,0.csv
2020-03-09 16:16:29,0.0,valve2,0.csv
2020-03-09 16:16:30,0.0,valve2,1.csv
2020-03-09 16:16:31,0.0,valve2,1.csv
2020-03-09 16:16:32,0.0,valve2,1.csv
2020-03-09 16:16:33,0.0,valve2,1.csv
2020-03-09 16:16:34,0.0,valve2,1.csv
2020-03-09 16:16:36,0.0,valve2,1.csv
2020-03-09 16:16:37,0.0,valve2,1.csv
2020-03-09 16:16:38,0.0,valve2,1.csv
2020-03-09 16:16:39,0.0,valve2,1.csv
2020-03-09 16:16:40,0.0,valve2,1.csv
2020-03-09 16:16:41,0.0,valve2,1.csv
2020-03-09 16:16:42,0.0,valve2,1.csv
2020-03-09 16:16:43,0.0,valve2,1.csv
2020-03-09 16:16:44,0.0,valve2,1.csv
2020-03-09 16:16:45,0.0,valve2,1.csv
2020-03-09 16:16:46,0.0,valve2,1.csv
2020-03-09 16:16:47,0.0,valve2,1.csv
2020-03-09 16:16:48,0.0,valve2,1.csv
2020-03-09 16:16:49,0.0,valve2,1.csv
2020-03-09 16:16:50,0.0,valve2,1.csv
2020-03-09 16:16:52,0.0,valve2,1.csv
2020-03-09 16:16:53,0.0,valve2,1.csv
2020-03-09 16:16:54,0.0,valve2,1.csv
2020-03-09 16:16:55,0.0,valve2,1.csv
2020-03-09 16:16:56,0.0,valve2,1.csv
2020-03-09 16:16:57,0.0,valve2,1.csv
2020-03-09 16:16:58,0.0,valve2,1.csv
2020-03-09 16:16:59,0.0,valve2,1.csv
2020-03-09 16:17:00,0.0,valve2,1.csv
2020-03-09 16:17:01,0.0,valve2,1.csv
2020-03-09 16:17:02,0.0,valve2,1.csv
2020-03-09 16:17:03,0.0,valve2,1.csv
2020-03-09 16:17:04,0.0,valve2,1.csv
2020-03-09 16:17:05,0.0,valve2,1.csv
2020-03-09 16:17:07,0.0,valve2,1.csv
2020-03-09 16:17:08,0.0,valve2,1.csv
2020-03-09 16:17:09,0.0,valve2,1.csv
2020-03-09 16:17:10,0.0,valve2,1.csv
2020-03-09 16:17:11,0.0,valve2,1.csv
2020-03-09 16:17:12,0.0,valve2,1.csv
2020-03-09 16:17:13,0.0,valve2,1.csv
2020-03-09 16:17:14,0.0,valve2,1.csv
2020-03-09 16:17:15,0.0,valve2,1.csv
2020-03-09 16:17:16,0.0,valve2,1.csv
2020-03-09 16:17:17,0.0,valve2,1.csv
2020-03-09 16:17:18,0.0,valve2,1.csv
2020-03-09 16:17:19,0.0,valve2,1.csv
2020-03-09 16:17:20,0.0,valve2,1.csv
2020-03-09 16:17:22,0.0,valve2,1.csv
2020-03-09 16:17:23,0.0,valve2,1.csv
2020-03-09 16:17:24,0.0,valve2,1.csv
2020-03-09 16:17:25,0.0,valve2,1.csv
2020-03-09 16:17:26,0.0,valve2,1.csv
2020-03-09 16:17:27,0.0,valve2,1.csv
2020-03-09 16:17:28,0.0,valve2,1.csv
2020-03-09 16:17:29,0.0,valve2,1.csv
2020-03-09 16:17:30,0.0,valve2,1.csv
2020-03-09 16:17:31,0.0,valve2,1.csv
2020-03-09 16:17:32,0.0,valve2,1.csv
2020-03-09 16:17:33,0.0,valve2,1.csv
2020-03-09 16:17:35,0.0,valve2,1.csv
2020-03-09 16:17:36,0.0,valve2,1.csv
2020-03-09 16:17:37,0.0,valve2,1.csv
2020-03-09 16:17:38,0.0,valve2,1.csv
2020-03-09 16:17:39,0.0,valve2,1.csv
2020-03-09 16:17:40,0.0,valve2,1.csv
2020-03-09 16:17:41,0.0,valve2,1.csv
2020-03-09 16:17:42,0.0,valve2,1.csv
2020-03-09 16:17:43,0.0,valve2,1.csv
2020-03-09 16:17:44,0.0,valve2,1.csv
2020-03-09 16:17:45,0.0,valve2,1.csv
2020-03-09 16:17:46,0.0,valve2,1.csv
2020-03-09 16:17:47,0.0,valve2,1.csv
2020-03-09 16:17:48,0.0,valve2,1.csv
2020-03-09 16:17:49,0.0,valve2,1.csv
2020-03-09 16:17:50,0.0,valve2,1.csv
2020-03-09 16:17:51,0.0,valve2,1.csv
2020-03-09 16:17:52,0.0,valve2,1.csv
2020-03-09 16:17:53,0.0,valve2,1.csv
2020-03-09 16:17:54,0.0,valve2,1.csv
2020-03-09 16:17:56,0.0,valve2,1.csv
2020-03-09 16:17:57,0.0,valve2,1.csv
2020-03-09 16:17:58,0.0,valve2,1.csv
2020-03-09 16:17:59,0.0,valve2,1.csv
2020-03-09 16:18:00,0.0,valve2,1.csv
2020-03-09 16:18:01,0.0,valve2,1.csv
2020-03-09 16:18:02,0.0,valve2,1.csv
2020-03-09 16:18:03,0.0,valve2,1.csv
2020-03-09 16:18:04,0.0,valve2,1.csv
2020-03-09 16:18:05,0.0,valve2,1.csv
2020-03-09 16:18:06,0.0,valve2,1.csv
2020-03-09 16:18:07,0.0,valve2,1.csv
2020-03-09 16:18:08,0.0,valve2,1.csv
2020-03-09 16:18:09,0.0,valve2,1.csv
2020-03-09 16:18:10,0.0,valve2,1.csv
2020-03-09 16:18:11,0.0,valve2,1.csv
2020-03-09 16:18:12,0.0,valve2,1.csv
2020-03-09 16:18:13,0.0,valve2,1.csv
2020-03-09 16:18:15,0.0,valve2,1.csv
2020-03-09 16:18:16,0.0,valve2,1.csv
2020-03-09 16:18:17,0.0,valve2,1.csv
2020-03-09 16:18:18,0.0,valve2,1.csv
2020-03-09 16:18:19,0.0,valve2,1.csv
2020-03-09 16:18:20,0.0,valve2,1.csv
2020-03-09 16:18:21,0.0,valve2,1.csv
2020-03-09 16:18:22,0.0,valve2,1.csv
2020-03-09 16:18:23,0.0,valve2,1.csv
2020-03-09 16:18:24,0.0,valve2,1.csv
2020-03-09 16:18:25,0.0,valve2,1.csv
2020-03-09 16:18:26,0.0,valve2,1.csv
2020-03-09 16:18:27,0.0,valve2,1.csv
2020-03-09 16:18:28,0.0,valve2,1.csv
2020-03-09 16:18:29,0.0,valve2,1.csv
2020-03-09 16:18:30,0.0,valve2,1.csv
2020-03-09 16:18:32,0.0,valve2,1.csv
2020-03-09 16:18:33,0.0,valve2,1.csv
2020-03-09 16:18:34,0.0,valve2,1.csv
2020-03-09 16:18:35,0.0,valve2,1.csv
2020-03-09 16:18:36,0.0,valve2,1.csv
2020-03-09 16:18:37,0.0,valve2,1.csv
2020-03-09 16:18:38,0.0,valve2,1.csv
2020-03-09 16:18:39,0.0,valve2,1.csv
2020-03-09 16:18:40,0.0,valve2,1.csv
2020-03-09 16:18:41,0.0,valve2,1.csv
2020-03-09 16:18:42,0.0,valve2,1.csv
2020-03-09 16:18:44,0.0,valve2,1.csv
2020-03-09 16:18:45,0.0,valve2,1.csv
2020-03-09 16:18:46,0.0,valve2,1.csv
2020-03-09 16:18:47,0.0,valve2,1.csv
2020-03-09 16:18:48,0.0,valve2,1.csv
2020-03-09 16:18:49,0.0,valve2,1.csv
2020-03-09 16:18:50,0.0,valve2,1.csv
2020-03-09 16:18:51,0.0,valve2,1.csv
2020-03-09 16:18:52,0.0,valve2,1.csv
2020-03-09 16:18:53,0.0,valve2,1.csv
2020-03-09 16:18:54,0.0,valve2,1.csv
2020-03-09 16:18:55,0.0,valve2,1.csv
2020-03-09 16:18:57,0.0,valve2,1.csv
2020-03-09 16:18:58,0.0,valve2,1.csv
2020-03-09 16:18:59,0.0,valve2,1.csv
2020-03-09 16:19:00,0.0,valve2,1.csv
2020-03-09 16:19:01,0.0,valve2,1.csv
2020-03-09 16:19:02,0.0,valve2,1.csv
2020-03-09 16:19:03,0.0,valve2,1.csv
2020-03-09 16:19:04,0.0,valve2,1.csv
2020-03-09 16:19:05,0.0,valve2,1.csv
2020-03-09 16:19:06,0.0,valve2,1.csv
2020-03-09 16:19:07,0.0,valve2,1.csv
2020-03-09 16:19:08,0.0,valve2,1.csv
2020-03-09 16:19:10,0.0,valve2,1.csv
2020-03-09 16:19:11,0.0,valve2,1.csv
2020-03-09 16:19:12,0.0,valve2,1.csv
2020-03-09 16:19:13,0.0,valve2,1.csv
2020-03-09 16:19:14,0.0,valve2,1.csv
2020-03-09 16:19:15,0.0,valve2,1.csv
2020-03-09 16:19:16,0.0,valve2,1.csv
2020-03-09 16:19:17,0.0,valve2,1.csv
2020-03-09 16:19:18,0.0,valve2,1.csv
2020-03-09 16:19:19,0.0,valve2,1.csv
2020-03-09 16:19:20,0.0,valve2,1.csv
2020-03-09 16:19:21,0.0,valve2,1.csv
2020-03-09 16:19:23,0.0,valve2,1.csv
2020-03-09 16:19:24,0.0,valve2,1.csv
2020-03-09 16:19:25,0.0,valve2,1.csv
2020-03-09 16:19:26,0.0,valve2,1.csv
2020-03-09 16:19:27,0.0,valve2,1.csv
2020-03-09 16:19:28,0.0,valve2,1.csv
2020-03-09 16:19:29,0.0,valve2,1.csv
2020-03-09 16:19:30,0.0,valve2,1.csv
2020-03-09 16:19:31,0.0,valve2,1.csv
2020-03-09 16:19:32,0.0,valve2,1.csv
2020-03-09 16:19:33,0.0,valve2,1.csv
2020-03-09 16:19:34,0.0,valve2,1.csv
2020-03-09 16:19:35,0.0,valve2,1.csv
2020-03-09 16:19:36,0.0,valve2,1.csv
2020-03-09 16:19:38,0.0,valve2,1.csv
2020-03-09 16:19:39,0.0,valve2,1.csv
2020-03-09 16:19:40,0.0,valve2,1.csv
2020-03-09 16:19:41,0.0,valve2,1.csv
2020-03-09 16:19:42,0.0,valve2,1.csv
2020-03-09 16:19:43,0.0,valve2,1.csv
2020-03-09 16:19:44,0.0,valve2,1.csv
2020-03-09 16:19:45,0.0,valve2,1.csv
2020-03-09 16:19:46,0.0,valve2,1.csv
2020-03-09 16:19:47,0.0,valve2,1.csv
2020-03-09 16:19:48,0.0,valve2,1.csv
2020-03-09 16:19:49,0.0,valve2,1.csv
2020-03-09 16:19:50,0.0,valve2,1.csv
2020-03-09 16:19:51,0.0,valve2,1.csv
2020-03-09 16:19:52,0.0,valve2,1.csv
2020-03-09 16:19:53,0.0,valve2,1.csv
2020-03-09 16:19:54,0.0,valve2,1.csv
2020-03-09 16:19:55,0.0,valve2,1.csv
2020-03-09 16:19:56,0.0,valve2,1.csv
2020-03-09 16:19:57,0.0,valve2,1.csv
2020-03-09 16:19:58,0.0,valve2,1.csv
2020-03-09 16:20:00,0.0,valve2,1.csv
2020-03-09 16:20:01,0.0,valve2,1.csv
2020-03-09 16:20:02,0.0,valve2,1.csv
2020-03-09 16:20:03,0.0,valve2,1.csv
2020-03-09 16:20:04,0.0,valve2,1.csv
2020-03-09 16:20:05,0.0,valve2,1.csv
2020-03-09 16:20:06,0.0,valve2,1.csv
2020-03-09 16:20:07,0.0,valve2,1.csv
2020-03-09 16:20:08,0.0,valve2,1.csv
2020-03-09 16:20:09,0.0,valve2,1.csv
2020-03-09 16:20:10,0.0,valve2,1.csv
2020-03-09 16:20:11,0.0,valve2,1.csv
2020-03-09 16:20:12,0.0,valve2,1.csv
2020-03-09 16:20:13,0.0,valve2,1.csv
2020-03-09 16:20:15,0.0,valve2,1.csv
2020-03-09 16:20:16,0.0,valve2,1.csv
2020-03-09 16:20:17,0.0,valve2,1.csv
2020-03-09 16:20:18,0.0,valve2,1.csv
2020-03-09 16:20:19,0.0,valve2,1.csv
2020-03-09 16:20:20,0.0,valve2,1.csv
2020-03-09 16:20:21,0.0,valve2,1.csv
2020-03-09 16:20:22,0.0,valve2,1.csv
2020-03-09 16:20:23,0.0,valve2,1.csv
2020-03-09 16:20:24,0.0,valve2,1.csv
2020-03-09 16:20:25,0.0,valve2,1.csv
2020-03-09 16:20:26,0.0,valve2,1.csv
2020-03-09 16:20:28,0.0,valve2,1.csv
2020-03-09 16:20:29,0.0,valve2,1.csv
2020-03-09 16:20:30,0.0,valve2,1.csv
2020-03-09 16:20:31,0.0,valve2,1.csv
2020-03-09 16:20:32,0.0,valve2,1.csv
2020-03-09 16:20:33,0.0,valve2,1.csv
2020-03-09 16:20:34,0.0,valve2,1.csv
2020-03-09 16:20:35,0.0,valve2,1.csv
2020-03-09 16:20:36,0.0,valve2,1.csv
2020-03-09 16:20:37,0.0,valve2,1.csv
2020-03-09 16:20:38,0.0,valve2,1.csv
2020-03-09 16:20:39,0.0,valve2,1.csv
2020-03-09 16:20:40,0.0,valve2,1.csv
2020-03-09 16:20:42,0.0,valve2,1.csv
2020-03-09 16:20:43,0.0,valve2,1.csv
2020-03-09 16:20:44,0.0,valve2,1.csv
2020-03-09 16:20:45,0.0,valve2,1.csv
2020-03-09 16:20:46,0.0,valve2,1.csv
2020-03-09 16:20:47,0.0,valve2,1.csv
2020-03-09 16:20:48,0.0,valve2,1.csv
2020-03-09 16:20:49,0.0,valve2,1.csv
2020-03-09 16:20:50,0.0,valve2,1.csv
2020-03-09 16:20:51,0.0,valve2,1.csv
2020-03-09 16:20:52,0.0,valve2,1.csv
2020-03-09 16:20:53,0.0,valve2,1.csv
2020-03-09 16:20:55,0.0,valve2,1.csv
2020-03-09 16:20:56,0.0,valve2,1.csv
2020-03-09 16:20:57,0.0,valve2,1.csv
2020-03-09 16:20:58,0.0,valve2,1.csv
2020-03-09 16:20:59,0.0,valve2,1.csv
2020-03-09 16:21:00,0.0,valve2,1.csv
2020-03-09 16:21:01,0.0,valve2,1.csv
2020-03-09 16:21:02,0.0,valve2,1.csv
2020-03-09 16:21:03,0.0,valve2,1.csv
2020-03-09 16:21:04,0.0,valve2,1.csv
2020-03-09 16:21:05,0.0,valve2,1.csv
2020-03-09 16:21:06,0.0,valve2,1.csv
2020-03-09 16:21:08,0.0,valve2,1.csv
2020-03-09 16:21:09,0.0,valve2,1.csv
2020-03-09 16:21:10,0.0,valve2,1.csv
2020-03-09 16:21:11,0.0,valve2,1.csv
2020-03-09 16:21:12,0.0,valve2,1.csv
2020-03-09 16:21:13,0.0,valve2,1.csv
2020-03-09 16:21:14,0.0,valve2,1.csv
2020-03-09 16:21:15,0.0,valve2,1.csv
2020-03-09 16:21:16,0.0,valve2,1.csv
2020-03-09 16:21:17,0.0,valve2,1.csv
2020-03-09 16:21:18,0.0,valve2,1.csv
2020-03-09 16:21:19,0.0,valve2,1.csv
2020-03-09 16:21:21,0.0,valve2,1.csv
2020-03-09 16:21:22,0.0,valve2,1.csv
2020-03-09 16:21:23,0.0,valve2,1.csv
2020-03-09 16:21:24,0.0,valve2,1.csv
2020-03-09 16:21:25,0.0,valve2,1.csv
2020-03-09 16:21:26,0.0,valve2,1.csv
2020-03-09 16:21:27,0.0,valve2,1.csv
2020-03-09 16:21:28,0.0,valve2,1.csv
2020-03-09 16:21:29,0.0,valve2,1.csv
2020-03-09 16:21:30,0.0,valve2,1.csv
2020-03-09 16:21:31,0.0,valve2,1.csv
2020-03-09 16:21:32,0.0,valve2,1.csv
2020-03-09 16:21:33,0.0,valve2,1.csv
2020-03-09 16:21:34,0.0,valve2,1.csv
2020-03-09 16:21:36,0.0,valve2,1.csv
2020-03-09 16:21:37,0.0,valve2,1.csv
2020-03-09 16:21:38,0.0,valve2,1.csv
2020-03-09 16:21:39,0.0,valve2,1.csv
2020-03-09 16:21:40,0.0,valve2,1.csv
2020-03-09 16:21:41,0.0,valve2,1.csv
2020-03-09 16:21:42,0.0,valve2,1.csv
2020-03-09 16:21:43,0.0,valve2,1.csv
2020-03-09 16:21:44,0.0,valve2,1.csv
2020-03-09 16:21:45,0.0,valve2,1.csv
2020-03-09 16:21:46,0.0,valve2,1.csv
2020-03-09 16:21:47,0.0,valve2,1.csv
2020-03-09 16:21:48,0.0,valve2,1.csv
2020-03-09 16:21:49,0.0,valve2,1.csv
2020-03-09 16:21:50,0.0,valve2,1.csv
2020-03-09 16:21:51,0.0,valve2,1.csv
2020-03-09 16:21:52,0.0,valve2,1.csv
2020-03-09 16:21:53,0.0,valve2,1.csv
2020-03-09 16:21:54,0.0,valve2,1.csv
2020-03-09 16:21:55,0.0,valve2,1.csv
2020-03-09 16:21:57,0.0,valve2,1.csv
2020-03-09 16:21:58,0.0,valve2,1.csv
2020-03-09 16:21:59,0.0,valve2,1.csv
2020-03-09 16:22:00,0.0,valve2,1.csv
2020-03-09 16:22:01,0.0,valve2,1.csv
2020-03-09 16:22:02,0.0,valve2,1.csv
2020-03-09 16:22:03,0.0,valve2,1.csv
2020-03-09 16:22:04,0.0,valve2,1.csv
2020-03-09 16:22:05,0.0,valve2,1.csv
2020-03-09 16:22:06,0.0,valve2,1.csv
2020-03-09 16:22:07,0.0,valve2,1.csv
2020-03-09 16:22:08,0.0,valve2,1.csv
2020-03-09 16:22:09,0.0,valve2,1.csv
2020-03-09 16:22:10,0.0,valve2,1.csv
2020-03-09 16:22:11,0.0,valve2,1.csv
2020-03-09 16:22:13,0.0,valve2,1.csv
2020-03-09 16:22:14,0.0,valve2,1.csv
2020-03-09 16:22:15,0.0,valve2,1.csv
2020-03-09 16:22:16,0.0,valve2,1.csv
2020-03-09 16:22:17,0.0,valve2,1.csv
2020-03-09 16:22:18,0.0,valve2,1.csv
2020-03-09 16:22:19,0.0,valve2,1.csv
2020-03-09 16:22:20,0.0,valve2,1.csv
2020-03-09 16:22:21,0.0,valve2,1.csv
2020-03-09 16:22:22,0.0,valve2,1.csv
2020-03-09 16:22:23,0.0,valve2,1.csv
2020-03-09 16:22:24,0.0,valve2,1.csv
2020-03-09 16:22:25,0.0,valve2,1.csv
2020-03-09 16:22:27,0.0,valve2,1.csv
2020-03-09 16:22:28,0.0,valve2,1.csv
2020-03-09 16:22:29,0.0,valve2,1.csv
2020-03-09 16:22:30,0.0,valve2,1.csv
2020-03-09 16:22:31,0.0,valve2,1.csv
2020-03-09 16:22:32,0.0,valve2,1.csv
2020-03-09 16:22:33,0.0,valve2,1.csv
2020-03-09 16:22:34,0.0,valve2,1.csv
2020-03-09 16:22:35,0.0,valve2,1.csv
2020-03-09 16:22:36,0.0,valve2,1.csv
2020-03-09 16:22:37,0.0,valve2,1.csv
2020-03-09 16:22:39,0.0,valve2,1.csv
2020-03-09 16:22:40,0.0,valve2,1.csv
2020-03-09 16:22:41,0.0,valve2,1.csv
2020-03-09 16:22:42,0.0,valve2,1.csv
2020-03-09 16:22:43,0.0,valve2,1.csv
2020-03-09 16:22:44,0.0,valve2,1.csv
2020-03-09 16:22:45,0.0,valve2,1.csv
2020-03-09 16:22:46,0.0,valve2,1.csv
2020-03-09 16:22:47,0.0,valve2,1.csv
2020-03-09 16:22:48,0.0,valve2,1.csv
2020-03-09 16:22:49,0.0,valve2,1.csv
2020-03-09 16:22:50,0.0,valve2,1.csv
2020-03-09 16:22:51,0.0,valve2,1.csv
2020-03-09 16:22:53,0.0,valve2,1.csv
2020-03-09 16:22:54,0.0,valve2,1.csv
2020-03-09 16:22:55,0.0,valve2,1.csv
2020-03-09 16:22:56,0.0,valve2,1.csv
2020-03-09 16:22:57,0.0,valve2,1.csv
2020-03-09 16:22:58,0.0,valve2,1.csv
2020-03-09 16:22:59,0.0,valve2,1.csv
2020-03-09 16:23:00,0.0,valve2,1.csv
2020-03-09 16:23:01,0.0,valve2,1.csv
2020-03-09 16:23:02,0.0,valve2,1.csv
2020-03-09 16:23:03,0.0,valve2,1.csv
2020-03-09 16:23:04,0.0,valve2,1.csv
2020-03-09 16:23:05,0.0,valve2,1.csv
2020-03-09 16:23:07,0.0,valve2,1.csv
2020-03-09 16:23:08,0.0,valve2,1.csv
2020-03-09 16:23:09,0.0,valve2,1.csv
2020-03-09 16:23:10,0.0,valve2,1.csv
2020-03-09 16:23:11,0.0,valve2,1.csv
2020-03-09 16:23:12,0.0,valve2,1.csv
2020-03-09 16:23:13,0.0,valve2,1.csv
2020-03-09 16:23:14,0.0,valve2,1.csv
2020-03-09 16:23:15,0.0,valve2,1.csv
2020-03-09 16:23:16,0.0,valve2,1.csv
2020-03-09 16:23:17,0.0,valve2,1.csv
2020-03-09 16:23:18,0.0,valve2,1.csv
2020-03-09 16:23:20,0.0,valve2,1.csv
2020-03-09 16:23:21,0.0,valve2,1.csv
2020-03-09 16:23:22,0.0,valve2,1.csv
2020-03-09 16:23:23,0.0,valve2,1.csv
2020-03-09 16:23:24,0.0,valve2,1.csv
2020-03-09 16:23:25,0.0,valve2,1.csv
2020-03-09 16:23:26,0.0,valve2,1.csv
2020-03-09 16:23:27,0.0,valve2,1.csv
2020-03-09 16:23:28,0.0,valve2,1.csv
2020-03-09 16:23:29,0.0,valve2,1.csv
2020-03-09 16:23:30,0.0,valve2,1.csv
2020-03-09 16:23:31,0.0,valve2,1.csv
2020-03-09 16:23:32,0.0,valve2,1.csv
2020-03-09 16:23:34,0.0,valve2,1.csv
2020-03-09 16:23:35,0.0,valve2,1.csv
2020-03-09 16:23:36,0.0,valve2,1.csv
2020-03-09 16:23:37,0.0,valve2,1.csv
2020-03-09 16:23:38,0.0,valve2,1.csv
2020-03-09 16:23:39,0.0,valve2,1.csv
2020-03-09 16:23:40,0.0,valve2,1.csv
2020-03-09 16:23:41,0.0,valve2,1.csv
2020-03-09 16:23:42,0.0,valve2,1.csv
2020-03-09 16:23:43,0.0,valve2,1.csv
2020-03-09 16:23:44,0.0,valve2,1.csv
2020-03-09 16:23:45,0.0,valve2,1.csv
2020-03-09 16:23:46,0.0,valve2,1.csv
2020-03-09 16:23:47,0.0,valve2,1.csv
2020-03-09 16:23:48,0.0,valve2,1.csv
2020-03-09 16:23:49,0.0,valve2,1.csv
2020-03-09 16:23:50,0.0,valve2,1.csv
2020-03-09 16:23:52,0.0,valve2,1.csv
2020-03-09 16:23:53,0.0,valve2,1.csv
2020-03-09 16:23:54,0.0,valve2,1.csv
2020-03-09 16:23:55,0.0,valve2,1.csv
2020-03-09 16:23:56,0.0,valve2,1.csv
2020-03-09 16:23:57,0.0,valve2,1.csv
2020-03-09 16:23:58,0.0,valve2,1.csv
2020-03-09 16:23:59,0.0,valve2,1.csv
2020-03-09 16:24:00,0.0,valve2,1.csv
2020-03-09 16:24:01,0.0,valve2,1.csv
2020-03-09 16:24:02,0.0,valve2,1.csv
2020-03-09 16:24:03,0.0,valve2,1.csv
2020-03-09 16:24:04,0.0,valve2,1.csv
2020-03-09 16:24:05,0.0,valve2,1.csv
2020-03-09 16:24:06,0.0,valve2,1.csv
2020-03-09 16:24:07,0.0,valve2,1.csv
2020-03-09 16:24:08,0.0,valve2,1.csv
2020-03-09 16:24:09,0.0,valve2,1.csv
2020-03-09 16:24:11,0.0,valve2,1.csv
2020-03-09 16:24:12,0.0,valve2,1.csv
2020-03-09 16:24:13,0.0,valve2,1.csv
2020-03-09 16:24:14,0.0,valve2,1.csv
2020-03-09 16:24:15,0.0,valve2,1.csv
2020-03-09 16:24:16,0.0,valve2,1.csv
2020-03-09 16:24:17,0.0,valve2,1.csv
2020-03-09 16:24:18,0.0,valve2,1.csv
2020-03-09 16:24:19,0.0,valve2,1.csv
2020-03-09 16:24:20,0.0,valve2,1.csv
2020-03-09 16:24:21,0.0,valve2,1.csv
2020-03-09 16:24:22,0.0,valve2,1.csv
2020-03-09 16:24:23,0.0,valve2,1.csv
2020-03-09 16:24:25,0.0,valve2,1.csv
2020-03-09 16:24:26,0.0,valve2,1.csv
2020-03-09 16:24:27,0.0,valve2,1.csv
2020-03-09 16:24:28,0.0,valve2,1.csv
2020-03-09 16:24:29,0.0,valve2,1.csv
2020-03-09 16:24:30,0.0,valve2,1.csv
2020-03-09 16:24:31,0.0,valve2,1.csv
2020-03-09 16:24:32,0.0,valve2,1.csv
2020-03-09 16:24:33,0.0,valve2,1.csv
2020-03-09 16:24:34,0.0,valve2,1.csv
2020-03-09 16:24:35,0.0,valve2,1.csv
2020-03-09 16:24:37,0.0,valve2,1.csv
2020-03-09 16:24:38,0.0,valve2,1.csv
2020-03-09 16:24:39,0.0,valve2,1.csv
2020-03-09 16:24:40,0.0,valve2,1.csv
2020-03-09 16:24:41,0.0,valve2,1.csv
2020-03-09 16:24:42,0.0,valve2,1.csv
2020-03-09 16:24:43,0.0,valve2,1.csv
2020-03-09 16:24:44,0.0,valve2,1.csv
2020-03-09 16:24:45,0.0,valve2,1.csv
2020-03-09 16:24:46,0.0,valve2,1.csv
2020-03-09 16:24:47,0.0,valve2,1.csv
2020-03-09 16:24:48,0.0,valve2,1.csv
2020-03-09 16:24:50,0.0,valve2,1.csv
2020-03-09 16:24:51,0.0,valve2,1.csv
2020-03-09 16:24:52,0.0,valve2,1.csv
2020-03-09 16:24:53,0.0,valve2,1.csv
2020-03-09 16:24:54,0.0,valve2,1.csv
2020-03-09 16:24:55,0.0,valve2,1.csv
2020-03-09 16:24:56,0.0,valve2,1.csv
2020-03-09 16:24:57,0.0,valve2,1.csv
2020-03-09 16:24:58,0.0,valve2,1.csv
2020-03-09 16:24:59,0.0,valve2,1.csv
2020-03-09 16:25:00,0.0,valve2,1.csv
2020-03-09 16:25:01,0.0,valve2,1.csv
2020-03-09 16:25:02,0.0,valve2,1.csv
2020-03-09 16:25:04,0.0,valve2,1.csv
2020-03-09 16:25:05,0.0,valve2,1.csv
2020-03-09 16:25:06,0.0,valve2,1.csv
2020-03-09 16:25:07,0.0,valve2,1.csv
2020-03-09 16:25:08,0.0,valve2,1.csv
2020-03-09 16:25:09,0.0,valve2,1.csv
2020-03-09 16:25:10,0.0,valve2,1.csv
2020-03-09 16:25:11,0.0,valve2,1.csv
2020-03-09 16:25:12,0.0,valve2,1.csv
2020-03-09 16:25:13,0.0,valve2,1.csv
2020-03-09 16:25:14,0.0,valve2,1.csv
2020-03-09 16:25:15,0.0,valve2,1.csv
2020-03-09 16:25:17,0.0,valve2,1.csv
2020-03-09 16:25:18,0.0,valve2,1.csv
2020-03-09 16:25:19,0.0,valve2,1.csv
2020-03-09 16:25:20,0.0,valve2,1.csv
2020-03-09 16:25:21,0.0,valve2,1.csv
2020-03-09 16:25:22,0.0,valve2,1.csv
2020-03-09 16:25:23,0.0,valve2,1.csv
2020-03-09 16:25:24,0.0,valve2,1.csv
2020-03-09 16:25:25,0.0,valve2,1.csv
2020-03-09 16:25:26,0.0,valve2,1.csv
2020-03-09 16:25:27,0.0,valve2,1.csv
2020-03-09 16:25:28,0.0,valve2,1.csv
2020-03-09 16:25:30,0.0,valve2,1.csv
2020-03-09 16:25:31,0.0,valve2,1.csv
2020-03-09 16:25:32,0.0,valve2,1.csv
2020-03-09 16:25:33,0.0,valve2,1.csv
2020-03-09 16:25:34,0.0,valve2,1.csv
2020-03-09 16:25:35,0.0,valve2,1.csv
2020-03-09 16:25:36,0.0,valve2,1.csv
2020-03-09 16:25:37,0.0,valve2,1.csv
2020-03-09 16:25:38,0.0,valve2,1.csv
2020-03-09 16:25:39,0.0,valve2,1.csv
2020-03-09 16:25:40,0.0,valve2,1.csv
2020-03-09 16:25:41,0.0,valve2,1.csv
2020-03-09 16:25:42,0.0,valve2,1.csv
2020-03-09 16:25:43,0.0,valve2,1.csv
2020-03-09 16:25:44,0.0,valve2,1.csv
2020-03-09 16:25:45,0.0,valve2,1.csv
2020-03-09 16:25:46,0.0,valve2,1.csv
2020-03-09 16:25:47,0.0,valve2,1.csv
2020-03-09 16:25:49,0.0,valve2,1.csv
2020-03-09 16:25:50,0.0,valve2,1.csv
2020-03-09 16:25:51,0.0,valve2,1.csv
2020-03-09 16:25:52,0.0,valve2,1.csv
2020-03-09 16:25:53,0.0,valve2,1.csv
2020-03-09 16:25:54,0.0,valve2,1.csv
2020-03-09 16:25:55,0.0,valve2,1.csv
2020-03-09 16:25:56,0.0,valve2,1.csv
2020-03-09 16:25:57,0.0,valve2,1.csv
2020-03-09 16:25:58,0.0,valve2,1.csv
2020-03-09 16:26:00,0.0,valve2,1.csv
2020-03-09 16:26:01,0.0,valve2,1.csv
2020-03-09 16:26:02,0.0,valve2,1.csv
2020-03-09 16:26:03,0.0,valve2,1.csv
2020-03-09 16:26:04,0.0,valve2,1.csv
2020-03-09 16:26:05,0.0,valve2,1.csv
2020-03-09 16:26:06,0.0,valve2,1.csv
2020-03-09 16:26:07,0.0,valve2,1.csv
2020-03-09 16:26:08,0.0,valve2,1.csv
2020-03-09 16:26:09,0.0,valve2,1.csv
2020-03-09 16:26:10,0.0,valve2,1.csv
2020-03-09 16:26:11,0.0,valve2,1.csv
2020-03-09 16:26:12,0.0,valve2,1.csv
2020-03-09 16:26:13,0.0,valve2,1.csv
2020-03-09 16:26:14,0.0,valve2,1.csv
2020-03-09 16:26:15,0.0,valve2,1.csv
2020-03-09 16:26:16,0.0,valve2,1.csv
2020-03-09 16:26:17,0.0,valve2,1.csv
2020-03-09 16:26:19,0.0,valve2,1.csv
2020-03-09 16:26:20,0.0,valve2,1.csv
2020-03-09 16:26:21,0.0,valve2,1.csv
2020-03-09 16:26:22,0.0,valve2,1.csv
2020-03-09 16:26:23,0.0,valve2,1.csv
2020-03-09 16:26:24,0.0,valve2,1.csv
2020-03-09 16:26:25,0.0,valve2,1.csv
2020-03-09 16:26:26,0.0,valve2,1.csv
2020-03-09 16:26:27,0.0,valve2,1.csv
2020-03-09 16:26:28,0.0,valve2,1.csv
2020-03-09 16:26:29,0.0,valve2,1.csv
2020-03-09 16:26:30,1.0,valve2,1.csv
2020-03-09 16:26:31,0.0,valve2,1.csv
2020-03-09 16:26:32,0.0,valve2,1.csv
2020-03-09 16:26:33,0.0,valve2,1.csv
2020-03-09 16:26:34,0.0,valve2,1.csv
2020-03-09 16:26:35,0.0,valve2,1.csv
2020-03-09 16:26:36,0.0,valve2,1.csv
2020-03-09 16:26:38,0.0,valve2,1.csv
2020-03-09 16:26:39,0.0,valve2,1.csv
2020-03-09 16:26:40,0.0,valve2,1.csv
2020-03-09 16:26:41,0.0,valve2,1.csv
2020-03-09 16:26:42,0.0,valve2,1.csv
2020-03-09 16:26:43,0.0,valve2,1.csv
2020-03-09 16:26:44,0.0,valve2,1.csv
2020-03-09 16:26:45,0.0,valve2,1.csv
2020-03-09 16:26:46,0.0,valve2,1.csv
2020-03-09 16:26:47,0.0,valve2,1.csv
2020-03-09 16:26:48,0.0,valve2,1.csv
2020-03-09 16:26:49,0.0,valve2,1.csv
2020-03-09 16:26:51,0.0,valve2,1.csv
2020-03-09 16:26:52,0.0,valve2,1.csv
2020-03-09 16:26:53,0.0,valve2,1.csv
2020-03-09 16:26:54,0.0,valve2,1.csv
2020-03-09 16:26:55,0.0,valve2,1.csv
2020-03-09 16:26:56,0.0,valve2,1.csv
2020-03-09 16:26:57,0.0,valve2,1.csv
2020-03-09 16:26:58,0.0,valve2,1.csv
2020-03-09 16:26:59,0.0,valve2,1.csv
2020-03-09 16:27:00,0.0,valve2,1.csv
2020-03-09 16:27:01,0.0,valve2,1.csv
2020-03-09 16:27:02,0.0,valve2,1.csv
2020-03-09 16:27:03,0.0,valve2,1.csv
2020-03-09 16:27:05,0.0,valve2,1.csv
2020-03-09 16:27:06,0.0,valve2,1.csv
2020-03-09 16:27:07,0.0,valve2,1.csv
2020-03-09 16:27:08,0.0,valve2,1.csv
2020-03-09 16:27:09,0.0,valve2,1.csv
2020-03-09 16:27:10,0.0,valve2,1.csv
2020-03-09 16:27:11,0.0,valve2,1.csv
2020-03-09 16:27:12,0.0,valve2,1.csv
2020-03-09 16:27:13,0.0,valve2,1.csv
2020-03-09 16:27:14,0.0,valve2,1.csv
2020-03-09 16:27:15,0.0,valve2,1.csv
2020-03-09 16:27:16,0.0,valve2,1.csv
2020-03-09 16:27:17,0.0,valve2,1.csv
2020-03-09 16:27:19,0.0,valve2,1.csv
2020-03-09 16:27:20,0.0,valve2,1.csv
2020-03-09 16:27:21,0.0,valve2,1.csv
2020-03-09 16:27:22,0.0,valve2,1.csv
2020-03-09 16:27:23,0.0,valve2,1.csv
2020-03-09 16:27:24,0.0,valve2,1.csv
2020-03-09 16:27:25,0.0,valve2,1.csv
2020-03-09 16:27:26,0.0,valve2,1.csv
2020-03-09 16:27:27,0.0,valve2,1.csv
2020-03-09 16:27:28,0.0,valve2,1.csv
2020-03-09 16:27:29,0.0,valve2,1.csv
2020-03-09 16:27:30,1.0,valve2,1.csv
2020-03-09 16:27:32,0.0,valve2,1.csv
2020-03-09 16:27:33,0.0,valve2,1.csv
2020-03-09 16:27:34,0.0,valve2,1.csv
2020-03-09 16:27:35,0.0,valve2,1.csv
2020-03-09 16:27:36,0.0,valve2,1.csv
2020-03-09 16:27:37,0.0,valve2,1.csv
2020-03-09 16:27:38,0.0,valve2,1.csv
2020-03-09 16:27:39,0.0,valve2,1.csv
2020-03-09 16:27:40,0.0,valve2,1.csv
2020-03-09 16:27:41,0.0,valve2,1.csv
2020-03-09 16:27:42,0.0,valve2,1.csv
2020-03-09 16:27:43,0.0,valve2,1.csv
2020-03-09 16:27:44,0.0,valve2,1.csv
2020-03-09 16:27:45,0.0,valve2,1.csv
2020-03-09 16:27:46,0.0,valve2,1.csv
2020-03-09 16:27:47,0.0,valve2,1.csv
2020-03-09 16:27:48,0.0,valve2,1.csv
2020-03-09 16:27:49,0.0,valve2,1.csv
2020-03-09 16:27:50,0.0,valve2,1.csv
2020-03-09 16:27:51,0.0,valve2,1.csv
2020-03-09 16:27:53,0.0,valve2,1.csv
2020-03-09 16:27:54,0.0,valve2,1.csv
2020-03-09 16:27:55,0.0,valve2,1.csv
2020-03-09 16:27:56,0.0,valve2,1.csv
2020-03-09 16:27:57,0.0,valve2,1.csv
2020-03-09 16:27:58,0.0,valve2,1.csv
2020-03-09 16:27:59,0.0,valve2,1.csv
2020-03-09 16:28:00,0.0,valve2,1.csv
2020-03-09 16:28:01,0.0,valve2,1.csv
2020-03-09 16:28:02,0.0,valve2,1.csv
2020-03-09 16:28:03,0.0,valve2,1.csv
2020-03-09 16:28:04,0.0,valve2,1.csv
2020-03-09 16:28:05,0.0,valve2,1.csv
2020-03-09 16:28:06,0.0,valve2,1.csv
2020-03-09 16:28:07,0.0,valve2,1.csv
2020-03-09 16:28:08,0.0,valve2,1.csv
2020-03-09 16:28:09,0.0,valve2,1.csv
2020-03-09 16:28:10,0.0,valve2,1.csv
2020-03-09 16:28:11,0.0,valve2,1.csv
2020-03-09 16:28:13,0.0,valve2,1.csv
2020-03-09 16:28:14,0.0,valve2,1.csv
2020-03-09 16:28:15,0.0,valve2,1.csv
2020-03-09 16:28:16,0.0,valve2,1.csv
2020-03-09 16:28:17,0.0,valve2,1.csv
2020-03-09 16:28:18,0.0,valve2,1.csv
2020-03-09 16:28:19,0.0,valve2,1.csv
2020-03-09 16:28:20,0.0,valve2,1.csv
2020-03-09 16:28:21,0.0,valve2,1.csv
2020-03-09 16:28:22,0.0,valve2,1.csv
2020-03-09 16:28:23,0.0,valve2,1.csv
2020-03-09 16:28:24,0.0,valve2,1.csv
2020-03-09 16:28:25,0.0,valve2,1.csv
2020-03-09 16:28:26,0.0,valve2,1.csv
2020-03-09 16:28:27,0.0,valve2,1.csv
2020-03-09 16:28:29,0.0,valve2,1.csv
2020-03-09 16:28:30,0.0,valve2,1.csv
2020-03-09 16:28:31,0.0,valve2,1.csv
2020-03-09 16:28:32,0.0,valve2,1.csv
2020-03-09 16:28:33,0.0,valve2,1.csv
2020-03-09 16:28:34,0.0,valve2,1.csv
2020-03-09 16:28:35,0.0,valve2,1.csv
2020-03-09 16:28:36,0.0,valve2,1.csv
2020-03-09 16:28:37,0.0,valve2,1.csv
2020-03-09 16:28:38,0.0,valve2,1.csv
2020-03-09 16:28:39,0.0,valve2,1.csv
2020-03-09 16:28:40,0.0,valve2,1.csv
2020-03-09 16:28:42,0.0,valve2,1.csv
2020-03-09 16:28:43,0.0,valve2,1.csv
2020-03-09 16:28:44,0.0,valve2,1.csv
2020-03-09 16:28:45,0.0,valve2,1.csv
2020-03-09 16:28:46,0.0,valve2,1.csv
2020-03-09 16:28:47,0.0,valve2,1.csv
2020-03-09 16:28:48,0.0,valve2,1.csv
2020-03-09 16:28:49,0.0,valve2,1.csv
2020-03-09 16:28:50,0.0,valve2,1.csv
2020-03-09 16:28:51,0.0,valve2,1.csv
2020-03-09 16:28:52,0.0,valve2,1.csv
2020-03-09 16:28:53,0.0,valve2,1.csv
2020-03-09 16:28:55,0.0,valve2,1.csv
2020-03-09 16:28:56,0.0,valve2,1.csv
2020-03-09 16:28:57,0.0,valve2,1.csv
2020-03-09 16:28:58,0.0,valve2,1.csv
2020-03-09 16:28:59,0.0,valve2,1.csv
2020-03-09 16:29:00,0.0,valve2,1.csv
2020-03-09 16:29:01,0.0,valve2,1.csv
2020-03-09 16:29:02,0.0,valve2,1.csv
2020-03-09 16:29:03,0.0,valve2,1.csv
2020-03-09 16:29:04,0.0,valve2,1.csv
2020-03-09 16:29:05,0.0,valve2,1.csv
2020-03-09 16:29:06,0.0,valve2,1.csv
2020-03-09 16:29:08,0.0,valve2,1.csv
2020-03-09 16:29:09,0.0,valve2,1.csv
2020-03-09 16:29:10,0.0,valve2,1.csv
2020-03-09 16:29:11,0.0,valve2,1.csv
2020-03-09 16:29:12,0.0,valve2,1.csv
2020-03-09 16:29:13,0.0,valve2,1.csv
2020-03-09 16:29:14,0.0,valve2,1.csv
2020-03-09 16:29:15,0.0,valve2,1.csv
2020-03-09 16:29:16,0.0,valve2,1.csv
2020-03-09 16:29:17,0.0,valve2,1.csv
2020-03-09 16:29:18,0.0,valve2,1.csv
2020-03-09 16:29:19,0.0,valve2,1.csv
2020-03-09 16:29:21,0.0,valve2,1.csv
2020-03-09 16:29:22,0.0,valve2,1.csv
2020-03-09 16:29:23,0.0,valve2,1.csv
2020-03-09 16:29:24,0.0,valve2,1.csv
2020-03-09 16:29:25,0.0,valve2,1.csv
2020-03-09 16:29:26,0.0,valve2,1.csv
2020-03-09 16:29:27,0.0,valve2,1.csv
2020-03-09 16:29:28,0.0,valve2,1.csv
2020-03-09 16:29:29,0.0,valve2,1.csv
2020-03-09 16:29:30,0.0,valve2,1.csv
2020-03-09 16:29:31,0.0,valve2,1.csv
2020-03-09 16:29:32,0.0,valve2,1.csv
2020-03-09 16:29:33,0.0,valve2,1.csv
2020-03-09 16:29:35,0.0,valve2,1.csv
2020-03-09 16:29:36,0.0,valve2,1.csv
2020-03-09 16:29:37,0.0,valve2,1.csv
2020-03-09 16:29:38,0.0,valve2,1.csv
2020-03-09 16:29:39,0.0,valve2,1.csv
2020-03-09 16:29:40,0.0,valve2,1.csv
2020-03-09 16:29:41,0.0,valve2,1.csv
2020-03-09 16:29:42,0.0,valve2,1.csv
2020-03-09 16:29:43,0.0,valve2,1.csv
2020-03-09 16:29:44,0.0,valve2,1.csv
2020-03-09 16:29:45,0.0,valve2,1.csv
2020-03-09 16:29:46,0.0,valve2,1.csv
2020-03-09 16:29:47,0.0,valve2,1.csv
2020-03-09 16:29:48,0.0,valve2,1.csv
2020-03-09 16:29:49,0.0,valve2,1.csv
2020-03-09 16:29:50,0.0,valve2,1.csv
2020-03-09 16:29:51,0.0,valve2,1.csv
2020-03-09 16:29:52,0.0,valve2,1.csv
2020-03-09 16:29:53,0.0,valve2,1.csv
2020-03-09 16:29:54,0.0,valve2,1.csv
2020-03-09 16:29:56,0.0,valve2,1.csv
2020-03-09 16:29:57,0.0,valve2,1.csv
2020-03-09 16:29:58,0.0,valve2,1.csv
2020-03-09 16:29:59,0.0,valve2,1.csv
2020-03-09 16:30:00,0.0,valve2,1.csv
2020-03-09 16:30:01,0.0,valve2,1.csv
2020-03-09 16:30:02,0.0,valve2,1.csv
2020-03-09 16:30:03,0.0,valve2,1.csv
2020-03-09 16:30:04,0.0,valve2,1.csv
2020-03-09 16:30:05,0.0,valve2,1.csv
2020-03-09 16:30:06,0.0,valve2,1.csv
2020-03-09 16:30:07,0.0,valve2,1.csv
2020-03-09 16:30:08,0.0,valve2,1.csv
2020-03-09 16:30:09,0.0,valve2,1.csv
2020-03-09 16:30:11,0.0,valve2,1.csv
2020-03-09 16:30:12,0.0,valve2,1.csv
2020-03-09 16:30:13,0.0,valve2,1.csv
2020-03-09 16:30:14,0.0,valve2,1.csv
2020-03-09 16:30:15,0.0,valve2,1.csv
2020-03-09 16:30:16,0.0,valve2,1.csv
2020-03-09 16:30:17,0.0,valve2,1.csv
2020-03-09 16:30:18,0.0,valve2,1.csv
2020-03-09 16:30:19,0.0,valve2,1.csv
2020-03-09 16:30:20,0.0,valve2,1.csv
2020-03-09 16:30:21,0.0,valve2,1.csv
2020-03-09 16:30:22,0.0,valve2,1.csv
2020-03-09 16:30:23,0.0,valve2,1.csv
2020-03-09 16:30:25,0.0,valve2,1.csv
2020-03-09 16:30:26,0.0,valve2,1.csv
2020-03-09 16:30:27,0.0,valve2,1.csv
2020-03-09 16:30:28,0.0,valve2,1.csv
2020-03-09 16:30:29,0.0,valve2,1.csv
2020-03-09 16:30:30,0.0,valve2,1.csv
2020-03-09 16:30:31,0.0,valve2,1.csv
2020-03-09 16:30:32,0.0,valve2,1.csv
2020-03-09 16:30:33,0.0,valve2,1.csv
2020-03-09 16:30:34,0.0,valve2,1.csv
2020-03-09 16:30:35,0.0,valve2,1.csv
2020-03-09 16:30:36,0.0,valve2,1.csv
2020-03-09 16:30:37,0.0,valve2,1.csv
2020-03-09 16:30:39,0.0,valve2,1.csv
2020-03-09 16:30:40,0.0,valve2,1.csv
2020-03-09 16:30:41,0.0,valve2,1.csv
2020-03-09 16:30:42,0.0,valve2,1.csv
2020-03-09 16:30:43,0.0,valve2,1.csv
2020-03-09 16:30:44,0.0,valve2,1.csv
2020-03-09 16:30:45,0.0,valve2,1.csv
2020-03-09 16:30:46,0.0,valve2,1.csv
2020-03-09 16:30:47,0.0,valve2,1.csv
2020-03-09 16:30:48,0.0,valve2,1.csv
2020-03-09 16:30:49,0.0,valve2,1.csv
2020-03-09 16:30:50,0.0,valve2,1.csv
2020-03-09 16:30:52,0.0,valve2,1.csv
2020-03-09 16:30:53,0.0,valve2,1.csv
2020-03-09 16:30:54,0.0,valve2,1.csv
2020-03-09 16:30:55,0.0,valve2,1.csv
2020-03-09 16:30:56,0.0,valve2,1.csv
2020-03-09 16:30:57,0.0,valve2,1.csv
2020-03-09 16:30:58,0.0,valve2,1.csv
2020-03-09 16:30:59,0.0,valve2,1.csv
2020-03-09 16:31:00,0.0,valve2,1.csv
2020-03-09 16:31:01,0.0,valve2,1.csv
2020-03-09 16:31:02,0.0,valve2,1.csv
2020-03-09 16:31:03,0.0,valve2,1.csv
2020-03-09 16:31:05,0.0,valve2,1.csv
2020-03-09 16:31:06,0.0,valve2,1.csv
2020-03-09 16:31:07,0.0,valve2,1.csv
2020-03-09 16:31:08,0.0,valve2,1.csv
2020-03-09 16:31:09,0.0,valve2,1.csv
2020-03-09 16:31:10,0.0,valve2,1.csv
2020-03-09 16:31:11,0.0,valve2,1.csv
2020-03-09 16:31:12,0.0,valve2,1.csv
2020-03-09 16:31:13,0.0,valve2,1.csv
2020-03-09 16:31:14,0.0,valve2,1.csv
2020-03-09 16:31:15,0.0,valve2,1.csv
2020-03-09 16:31:16,0.0,valve2,1.csv
2020-03-09 16:31:18,0.0,valve2,1.csv
2020-03-09 16:31:19,0.0,valve2,1.csv
2020-03-09 16:31:20,0.0,valve2,1.csv
2020-03-09 16:31:21,0.0,valve2,1.csv
2020-03-09 16:31:22,0.0,valve2,1.csv
2020-03-09 16:31:23,0.0,valve2,1.csv
2020-03-09 16:31:24,0.0,valve2,1.csv
2020-03-09 16:31:26,0.0,valve2,1.csv
2020-03-09 16:31:27,0.0,valve2,1.csv
2020-03-09 16:31:28,0.0,valve2,1.csv
2020-03-09 16:32:32,1.0,valve2,1.csv
2020-03-09 16:32:33,0.0,valve2,1.csv
2020-03-09 16:32:34,0.0,valve2,1.csv
2020-03-09 16:32:35,0.0,valve2,1.csv
2020-03-09 16:32:36,0.0,valve2,1.csv
2020-03-09 16:32:37,0.0,valve2,1.csv
2020-03-09 16:32:38,0.0,valve2,1.csv
2020-03-09 16:32:39,0.0,valve2,1.csv
2020-03-09 16:32:40,0.0,valve2,1.csv
2020-03-09 16:32:41,0.0,valve2,1.csv
2020-03-09 16:32:42,0.0,valve2,1.csv
2020-03-09 16:32:43,0.0,valve2,1.csv
2020-03-09 16:32:44,0.0,valve2,1.csv
2020-03-09 16:32:45,0.0,valve2,1.csv
2020-03-09 16:32:46,0.0,valve2,1.csv
2020-03-09 16:32:48,0.0,valve2,1.csv
2020-03-09 16:32:49,0.0,valve2,1.csv
2020-03-09 16:32:50,0.0,valve2,1.csv
2020-03-09 16:32:51,0.0,valve2,1.csv
2020-03-09 16:32:52,0.0,valve2,1.csv
2020-03-09 16:32:53,0.0,valve2,1.csv
2020-03-09 16:32:54,0.0,valve2,1.csv
2020-03-09 16:32:55,0.0,valve2,1.csv
2020-03-09 16:32:56,0.0,valve2,1.csv
2020-03-09 16:32:57,0.0,valve2,1.csv
2020-03-09 16:32:59,0.0,valve2,1.csv
2020-03-09 16:33:00,0.0,valve2,1.csv
2020-03-09 16:33:01,0.0,valve2,1.csv
2020-03-09 16:33:02,0.0,valve2,1.csv
2020-03-09 16:33:03,0.0,valve2,1.csv
2020-03-09 16:33:04,0.0,valve2,1.csv
2020-03-09 16:33:05,0.0,valve2,1.csv
2020-03-09 16:33:06,0.0,valve2,1.csv
2020-03-09 16:33:07,0.0,valve2,1.csv
2020-03-09 16:33:08,0.0,valve2,1.csv
2020-03-09 16:33:09,0.0,valve2,1.csv
2020-03-09 16:33:10,0.0,valve2,1.csv
2020-03-09 16:33:11,0.0,valve2,1.csv
2020-03-09 16:33:12,0.0,valve2,1.csv
2020-03-09 16:33:13,0.0,valve2,1.csv
2020-03-09 16:33:15,0.0,valve2,1.csv
2020-03-09 16:33:16,0.0,valve2,1.csv
2020-03-09 16:33:17,0.0,valve2,1.csv
2020-03-09 16:33:18,0.0,valve2,1.csv
2020-03-09 16:33:19,0.0,valve2,1.csv
2020-03-09 16:33:20,0.0,valve2,1.csv
2020-03-09 16:33:21,0.0,valve2,1.csv
2020-03-09 16:33:22,0.0,valve2,1.csv
2020-03-09 16:33:23,0.0,valve2,1.csv
2020-03-09 16:33:24,0.0,valve2,1.csv
2020-03-09 16:33:25,0.0,valve2,1.csv
2020-03-09 16:33:26,0.0,valve2,1.csv
2020-03-09 16:33:27,0.0,valve2,1.csv
2020-03-09 16:33:28,0.0,valve2,1.csv
2020-03-09 16:33:29,0.0,valve2,1.csv
2020-03-09 16:33:31,1.0,valve2,1.csv
2020-03-09 16:33:32,0.0,valve2,1.csv
2020-03-09 16:33:33,0.0,valve2,1.csv
2020-03-09 16:33:34,0.0,valve2,1.csv
2020-03-09 16:33:35,0.0,valve2,1.csv
2020-03-09 16:33:36,0.0,valve2,1.csv
2020-03-09 16:33:37,0.0,valve2,1.csv
2020-03-09 16:33:38,0.0,valve2,1.csv
2020-03-09 16:33:39,0.0,valve2,1.csv
2020-03-09 16:33:40,0.0,valve2,1.csv
2020-03-09 16:33:41,0.0,valve2,1.csv
2020-03-09 16:33:42,0.0,valve2,1.csv
2020-03-09 16:33:43,0.0,valve2,1.csv
2020-03-09 16:33:44,0.0,valve2,1.csv
2020-03-09 16:33:45,0.0,valve2,1.csv
2020-03-09 16:33:46,0.0,valve2,1.csv
2020-03-09 16:33:47,0.0,valve2,1.csv
2020-03-09 16:33:48,0.0,valve2,1.csv
2020-03-09 16:33:49,0.0,valve2,1.csv
2020-03-09 16:33:50,0.0,valve2,1.csv
2020-03-09 16:33:52,0.0,valve2,1.csv
2020-03-09 16:33:53,0.0,valve2,1.csv
2020-03-09 16:33:54,0.0,valve2,1.csv
2020-03-09 16:33:55,0.0,valve2,1.csv
2020-03-09 16:33:56,0.0,valve2,1.csv
2020-03-09 16:33:57,0.0,valve2,1.csv
2020-03-09 16:33:58,0.0,valve2,1.csv
2020-03-09 16:33:59,0.0,valve2,1.csv
2020-03-09 16:34:00,0.0,valve2,1.csv
2020-03-09 16:34:02,0.0,valve2,1.csv
2020-03-09 16:34:03,0.0,valve2,1.csv
2020-03-09 16:34:04,0.0,valve2,1.csv
2020-03-09 16:34:05,0.0,valve2,1.csv
2020-03-09 16:34:06,0.0,valve2,1.csv
2020-03-09 16:34:07,0.0,valve2,1.csv
2020-03-09 16:34:08,0.0,valve2,1.csv
2020-03-09 16:34:09,0.0,valve2,1.csv
2020-03-09 16:34:10,0.0,valve2,1.csv
2020-03-09 16:34:11,0.0,valve2,1.csv
2020-03-09 16:34:12,0.0,valve2,1.csv
2020-03-09 16:34:13,0.0,valve2,1.csv
2020-03-09 16:34:14,0.0,valve2,1.csv
2020-03-09 16:34:15,0.0,valve2,1.csv
2020-03-09 16:34:16,0.0,valve2,1.csv
2020-03-09 16:34:17,0.0,valve2,1.csv
2020-03-09 16:34:18,0.0,valve2,1.csv
2020-03-09 16:34:20,0.0,valve2,1.csv
2020-03-09 16:34:21,0.0,valve2,1.csv
2020-03-09 16:34:22,0.0,valve2,1.csv
2020-03-09 16:34:23,0.0,valve2,1.csv
2020-03-09 16:34:24,0.0,valve2,1.csv
2020-03-09 16:34:25,0.0,valve2,1.csv
2020-03-09 16:34:26,0.0,valve2,1.csv
2020-03-09 16:34:27,0.0,valve2,1.csv
2020-03-09 16:34:28,0.0,valve2,1.csv
2020-03-09 16:34:29,0.0,valve2,1.csv
2020-03-09 16:34:30,0.0,valve2,1.csv
2020-03-09 16:34:31,0.0,valve2,1.csv
2020-03-09 16:34:32,0.0,valve2,1.csv
2020-03-09 16:34:33,0.0,valve2,1.csv
2020-03-09 16:34:34,0.0,valve2,1.csv
2020-03-09 16:34:35,0.0,valve2,1.csv
2020-03-09 16:34:36,0.0,valve2,1.csv
2020-03-09 16:34:37,0.0,valve2,1.csv
2020-03-09 16:34:38,0.0,valve2,1.csv
2020-03-09 16:34:39,0.0,valve2,1.csv
2020-03-09 16:34:40,0.0,valve2,1.csv
2020-03-09 16:34:41,0.0,valve2,1.csv
2020-03-09 16:34:42,0.0,valve2,1.csv
2020-03-09 16:34:44,0.0,valve2,1.csv
2020-03-09 16:34:45,0.0,valve2,1.csv
2020-03-09 16:34:46,0.0,valve2,1.csv
2020-03-09 16:34:47,0.0,valve2,1.csv
2020-03-09 16:34:48,0.0,valve2,1.csv
2020-03-09 16:34:49,0.0,valve2,1.csv
2020-03-09 16:34:50,0.0,valve2,1.csv
2020-03-09 16:34:51,0.0,valve2,1.csv
2020-03-09 16:34:52,0.0,valve2,1.csv
2020-03-09 16:34:53,0.0,valve2,1.csv
2020-03-09 16:34:54,0.0,valve2,1.csv
2020-03-09 16:34:55,0.0,valve2,1.csv
2020-03-09 16:34:56,0.0,valve2,1.csv
2020-03-09 16:34:58,0.0,valve2,1.csv
2020-03-09 16:34:59,0.0,valve2,1.csv
2020-03-09 16:35:00,0.0,valve2,1.csv
2020-03-09 16:35:01,0.0,valve2,1.csv
2020-03-09 16:35:02,0.0,valve2,1.csv
2020-03-09 16:35:03,0.0,valve2,1.csv
2020-03-09 16:35:04,0.0,valve2,1.csv
2020-03-09 16:35:05,0.0,valve2,1.csv
2020-03-09 16:35:06,0.0,valve2,1.csv
2020-03-09 16:35:07,0.0,valve2,1.csv
2020-03-09 16:35:08,0.0,valve2,1.csv
2020-03-09 16:35:09,0.0,valve2,1.csv
2020-03-09 16:35:11,0.0,valve2,1.csv
2020-03-09 16:35:12,0.0,valve2,1.csv
2020-03-09 16:35:13,0.0,valve2,1.csv
2020-03-09 16:35:14,0.0,valve2,1.csv
2020-03-09 16:35:15,0.0,valve2,1.csv
2020-03-09 16:35:16,0.0,valve2,1.csv
2020-03-09 16:35:17,0.0,valve2,1.csv
2020-03-09 16:35:18,0.0,valve2,1.csv
2020-03-09 16:35:19,0.0,valve2,1.csv
2020-03-09 16:35:20,0.0,valve2,1.csv
2020-03-09 16:35:21,0.0,valve2,1.csv
2020-03-09 16:35:22,0.0,valve2,1.csv
2020-03-09 16:35:23,0.0,valve2,1.csv
2020-03-09 16:35:24,0.0,valve2,1.csv
2020-03-09 16:35:26,0.0,valve2,1.csv
2020-03-09 16:35:27,0.0,valve2,1.csv
2020-03-09 16:35:28,0.0,valve2,1.csv
2020-03-09 16:35:29,0.0,valve2,1.csv
2020-03-09 16:35:30,0.0,valve2,1.csv
2020-03-09 16:35:31,0.0,valve2,1.csv
2020-03-09 16:35:32,0.0,valve2,1.csv
2020-03-09 16:35:33,0.0,valve2,1.csv
2020-03-09 16:35:34,0.0,valve2,1.csv
2020-03-09 16:35:35,0.0,valve2,1.csv
2020-03-09 16:35:36,0.0,valve2,1.csv
2020-03-09 16:35:37,0.0,valve2,1.csv
2020-03-09 16:35:38,0.0,valve2,1.csv
2020-03-09 16:35:39,0.0,valve2,1.csv
2020-03-09 16:35:40,0.0,valve2,1.csv
2020-03-09 16:35:41,0.0,valve2,1.csv
2020-03-09 16:35:42,0.0,valve2,1.csv
2020-03-09 16:35:43,0.0,valve2,1.csv
2020-03-09 16:35:45,0.0,valve2,1.csv
2020-03-09 16:35:46,0.0,valve2,1.csv
2020-03-09 16:35:47,0.0,valve2,1.csv
2020-03-09 16:35:48,0.0,valve2,1.csv
2020-03-09 16:35:49,0.0,valve2,1.csv
2020-03-09 16:35:50,0.0,valve2,1.csv
2020-03-09 16:35:51,0.0,valve2,1.csv
2020-03-09 16:35:52,0.0,valve2,1.csv
2020-03-09 16:35:53,0.0,valve2,1.csv
2020-03-09 16:35:54,0.0,valve2,1.csv
2020-03-09 16:35:55,0.0,valve2,1.csv
2020-03-09 16:35:56,0.0,valve2,1.csv
2020-03-09 16:35:57,0.0,valve2,1.csv
2020-03-09 16:35:58,0.0,valve2,1.csv
2020-03-09 16:35:59,0.0,valve2,1.csv
2020-03-09 16:36:00,0.0,valve2,1.csv
2020-03-09 16:36:01,0.0,valve2,1.csv
2020-03-09 16:36:02,0.0,valve2,1.csv
2020-03-09 16:36:04,0.0,valve2,1.csv
2020-03-09 16:36:05,0.0,valve2,1.csv
2020-03-09 16:36:06,0.0,valve2,1.csv
2020-03-09 16:36:07,0.0,valve2,1.csv
2020-03-09 16:36:08,0.0,valve2,1.csv
2020-03-09 16:36:09,0.0,valve2,1.csv
2020-03-09 16:36:10,0.0,valve2,1.csv
2020-03-09 16:36:11,0.0,valve2,1.csv
2020-03-09 16:36:12,0.0,valve2,1.csv
2020-03-09 16:36:13,0.0,valve2,1.csv
2020-03-09 16:36:14,0.0,valve2,1.csv
2020-03-09 16:36:15,0.0,valve2,1.csv
2020-03-09 16:36:16,0.0,valve2,1.csv
2020-03-09 16:36:17,0.0,valve2,1.csv
2020-03-09 16:36:18,0.0,valve2,1.csv
2020-03-09 16:36:19,0.0,valve2,1.csv
2020-03-09 16:36:21,0.0,valve2,1.csv
2020-03-09 16:36:22,0.0,valve2,1.csv
2020-03-09 16:36:23,0.0,valve2,1.csv
2020-03-09 16:36:24,0.0,valve2,1.csv
2020-03-09 16:36:25,0.0,valve2,1.csv
2020-03-09 16:36:26,0.0,valve2,1.csv
2020-03-09 16:36:27,0.0,valve2,1.csv
2020-03-09 16:36:28,0.0,valve2,1.csv
2020-03-09 16:36:29,0.0,valve2,1.csv
2020-03-09 16:36:30,0.0,valve2,1.csv
2020-03-09 16:36:31,0.0,valve2,2.csv
2020-03-09 16:36:32,0.0,valve2,2.csv
2020-03-09 16:36:33,0.0,valve2,2.csv
2020-03-09 16:36:34,0.0,valve2,2.csv
2020-03-09 16:36:36,0.0,valve2,2.csv
2020-03-09 16:36:37,0.0,valve2,2.csv
2020-03-09 16:36:38,0.0,valve2,2.csv
2020-03-09 16:36:39,0.0,valve2,2.csv
2020-03-09 16:36:40,0.0,valve2,2.csv
2020-03-09 16:36:41,0.0,valve2,2.csv
2020-03-09 16:36:42,0.0,valve2,2.csv
2020-03-09 16:36:43,0.0,valve2,2.csv
2020-03-09 16:36:44,0.0,valve2,2.csv
2020-03-09 16:36:45,0.0,valve2,2.csv
2020-03-09 16:36:46,0.0,valve2,2.csv
2020-03-09 16:36:47,0.0,valve2,2.csv
2020-03-09 16:36:49,0.0,valve2,2.csv
2020-03-09 16:36:50,0.0,valve2,2.csv
2020-03-09 16:36:51,0.0,valve2,2.csv
2020-03-09 16:36:52,0.0,valve2,2.csv
2020-03-09 16:36:53,0.0,valve2,2.csv
2020-03-09 16:36:54,0.0,valve2,2.csv
2020-03-09 16:36:55,0.0,valve2,2.csv
2020-03-09 16:36:56,0.0,valve2,2.csv
2020-03-09 16:36:57,0.0,valve2,2.csv
2020-03-09 16:36:58,0.0,valve2,2.csv
2020-03-09 16:36:59,0.0,valve2,2.csv
2020-03-09 16:37:00,0.0,valve2,2.csv
2020-03-09 16:37:01,0.0,valve2,2.csv
2020-03-09 16:37:02,0.0,valve2,2.csv
2020-03-09 16:37:04,0.0,valve2,2.csv
2020-03-09 16:37:05,0.0,valve2,2.csv
2020-03-09 16:37:06,0.0,valve2,2.csv
2020-03-09 16:37:07,0.0,valve2,2.csv
2020-03-09 16:37:08,0.0,valve2,2.csv
2020-03-09 16:37:09,0.0,valve2,2.csv
2020-03-09 16:37:10,0.0,valve2,2.csv
2020-03-09 16:37:11,0.0,valve2,2.csv
2020-03-09 16:37:12,0.0,valve2,2.csv
2020-03-09 16:37:13,0.0,valve2,2.csv
2020-03-09 16:37:14,0.0,valve2,2.csv
2020-03-09 16:37:15,0.0,valve2,2.csv
2020-03-09 16:37:16,0.0,valve2,2.csv
2020-03-09 16:37:17,0.0,valve2,2.csv
2020-03-09 16:37:18,0.0,valve2,2.csv
2020-03-09 16:37:20,0.0,valve2,2.csv
2020-03-09 16:37:21,0.0,valve2,2.csv
2020-03-09 16:37:22,0.0,valve2,2.csv
2020-03-09 16:37:23,0.0,valve2,2.csv
2020-03-09 16:37:24,0.0,valve2,2.csv
2020-03-09 16:37:25,0.0,valve2,2.csv
2020-03-09 16:37:26,0.0,valve2,2.csv
2020-03-09 16:37:27,0.0,valve2,2.csv
2020-03-09 16:37:28,0.0,valve2,2.csv
2020-03-09 16:37:29,0.0,valve2,2.csv
2020-03-09 16:37:30,0.0,valve2,2.csv
2020-03-09 16:37:31,0.0,valve2,2.csv
2020-03-09 16:37:32,0.0,valve2,2.csv
2020-03-09 16:37:33,0.0,valve2,2.csv
2020-03-09 16:37:34,0.0,valve2,2.csv
2020-03-09 16:37:35,0.0,valve2,2.csv
2020-03-09 16:37:36,0.0,valve2,2.csv
2020-03-09 16:37:38,0.0,valve2,2.csv
2020-03-09 16:37:39,0.0,valve2,2.csv
2020-03-09 16:37:40,0.0,valve2,2.csv
2020-03-09 16:37:41,0.0,valve2,2.csv
2020-03-09 16:37:42,0.0,valve2,2.csv
2020-03-09 16:37:43,0.0,valve2,2.csv
2020-03-09 16:37:44,0.0,valve2,2.csv
2020-03-09 16:37:45,0.0,valve2,2.csv
2020-03-09 16:37:46,0.0,valve2,2.csv
2020-03-09 16:37:47,0.0,valve2,2.csv
2020-03-09 16:37:48,0.0,valve2,2.csv
2020-03-09 16:37:49,0.0,valve2,2.csv
2020-03-09 16:37:50,0.0,valve2,2.csv
2020-03-09 16:37:51,0.0,valve2,2.csv
2020-03-09 16:37:52,0.0,valve2,2.csv
2020-03-09 16:37:53,0.0,valve2,2.csv
2020-03-09 16:37:54,0.0,valve2,2.csv
2020-03-09 16:37:55,0.0,valve2,2.csv
2020-03-09 16:37:57,0.0,valve2,2.csv
2020-03-09 16:37:58,0.0,valve2,2.csv
2020-03-09 16:37:59,0.0,valve2,2.csv
2020-03-09 16:38:00,0.0,valve2,2.csv
2020-03-09 16:38:01,0.0,valve2,2.csv
2020-03-09 16:38:02,0.0,valve2,2.csv
2020-03-09 16:38:03,0.0,valve2,2.csv
2020-03-09 16:38:04,0.0,valve2,2.csv
2020-03-09 16:38:05,0.0,valve2,2.csv
2020-03-09 16:38:06,0.0,valve2,2.csv
2020-03-09 16:38:07,0.0,valve2,2.csv
2020-03-09 16:38:08,0.0,valve2,2.csv
2020-03-09 16:38:09,0.0,valve2,2.csv
2020-03-09 16:38:10,0.0,valve2,2.csv
2020-03-09 16:38:11,0.0,valve2,2.csv
2020-03-09 16:38:12,0.0,valve2,2.csv
2020-03-09 16:38:13,0.0,valve2,2.csv
2020-03-09 16:38:14,0.0,valve2,2.csv
2020-03-09 16:38:16,0.0,valve2,2.csv
2020-03-09 16:38:17,0.0,valve2,2.csv
2020-03-09 16:38:18,0.0,valve2,2.csv
2020-03-09 16:38:19,0.0,valve2,2.csv
2020-03-09 16:38:20,0.0,valve2,2.csv
2020-03-09 16:38:21,0.0,valve2,2.csv
2020-03-09 16:38:22,0.0,valve2,2.csv
2020-03-09 16:38:23,0.0,valve2,2.csv
2020-03-09 16:38:24,0.0,valve2,2.csv
2020-03-09 16:38:25,0.0,valve2,2.csv
2020-03-09 16:38:26,0.0,valve2,2.csv
2020-03-09 16:38:27,0.0,valve2,2.csv
2020-03-09 16:38:28,0.0,valve2,2.csv
2020-03-09 16:38:29,0.0,valve2,2.csv
2020-03-09 16:38:30,0.0,valve2,2.csv
2020-03-09 16:38:31,0.0,valve2,2.csv
2020-03-09 16:38:32,0.0,valve2,2.csv
2020-03-09 16:38:33,0.0,valve2,2.csv
2020-03-09 16:38:35,0.0,valve2,2.csv
2020-03-09 16:38:36,0.0,valve2,2.csv
2020-03-09 16:38:37,0.0,valve2,2.csv
2020-03-09 16:38:38,0.0,valve2,2.csv
2020-03-09 16:38:39,0.0,valve2,2.csv
2020-03-09 16:38:40,0.0,valve2,2.csv
2020-03-09 16:38:41,0.0,valve2,2.csv
2020-03-09 16:38:42,0.0,valve2,2.csv
2020-03-09 16:38:43,0.0,valve2,2.csv
2020-03-09 16:38:44,0.0,valve2,2.csv
2020-03-09 16:38:45,0.0,valve2,2.csv
2020-03-09 16:38:46,0.0,valve2,2.csv
2020-03-09 16:38:47,0.0,valve2,2.csv
2020-03-09 16:38:48,0.0,valve2,2.csv
2020-03-09 16:38:49,0.0,valve2,2.csv
2020-03-09 16:38:51,0.0,valve2,2.csv
2020-03-09 16:38:52,0.0,valve2,2.csv
2020-03-09 16:38:53,0.0,valve2,2.csv
2020-03-09 16:38:54,0.0,valve2,2.csv
2020-03-09 16:38:55,0.0,valve2,2.csv
2020-03-09 16:38:56,0.0,valve2,2.csv
2020-03-09 16:38:57,0.0,valve2,2.csv
2020-03-09 16:38:58,0.0,valve2,2.csv
2020-03-09 16:38:59,0.0,valve2,2.csv
2020-03-09 16:39:00,0.0,valve2,2.csv
2020-03-09 16:39:01,0.0,valve2,2.csv
2020-03-09 16:39:02,0.0,valve2,2.csv
2020-03-09 16:39:03,0.0,valve2,2.csv
2020-03-09 16:39:04,0.0,valve2,2.csv
2020-03-09 16:39:05,0.0,valve2,2.csv
2020-03-09 16:39:06,0.0,valve2,2.csv
2020-03-09 16:39:08,0.0,valve2,2.csv
2020-03-09 16:39:09,0.0,valve2,2.csv
2020-03-09 16:39:10,0.0,valve2,2.csv
2020-03-09 16:39:11,0.0,valve2,2.csv
2020-03-09 16:39:12,0.0,valve2,2.csv
2020-03-09 16:39:13,0.0,valve2,2.csv
2020-03-09 16:39:14,0.0,valve2,2.csv
2020-03-09 16:39:15,0.0,valve2,2.csv
2020-03-09 16:39:16,0.0,valve2,2.csv
2020-03-09 16:39:17,0.0,valve2,2.csv
2020-03-09 16:39:18,0.0,valve2,2.csv
2020-03-09 16:39:19,0.0,valve2,2.csv
2020-03-09 16:39:20,0.0,valve2,2.csv
2020-03-09 16:39:21,0.0,valve2,2.csv
2020-03-09 16:39:23,0.0,valve2,2.csv
2020-03-09 16:39:24,0.0,valve2,2.csv
2020-03-09 16:39:25,0.0,valve2,2.csv
2020-03-09 16:39:26,0.0,valve2,2.csv
2020-03-09 16:39:27,0.0,valve2,2.csv
2020-03-09 16:39:28,0.0,valve2,2.csv
2020-03-09 16:39:29,0.0,valve2,2.csv
2020-03-09 16:39:30,0.0,valve2,2.csv
2020-03-09 16:39:31,0.0,valve2,2.csv
2020-03-09 16:39:32,0.0,valve2,2.csv
2020-03-09 16:39:33,0.0,valve2,2.csv
2020-03-09 16:39:34,0.0,valve2,2.csv
2020-03-09 16:39:35,0.0,valve2,2.csv
2020-03-09 16:39:36,0.0,valve2,2.csv
2020-03-09 16:39:37,0.0,valve2,2.csv
2020-03-09 16:39:38,0.0,valve2,2.csv
2020-03-09 16:39:39,0.0,valve2,2.csv
2020-03-09 16:39:41,0.0,valve2,2.csv
2020-03-09 16:39:42,0.0,valve2,2.csv
2020-03-09 16:39:43,0.0,valve2,2.csv
2020-03-09 16:39:44,0.0,valve2,2.csv
2020-03-09 16:39:45,0.0,valve2,2.csv
2020-03-09 16:39:46,0.0,valve2,2.csv
2020-03-09 16:39:47,0.0,valve2,2.csv
2020-03-09 16:39:48,0.0,valve2,2.csv
2020-03-09 16:39:49,0.0,valve2,2.csv
2020-03-09 16:39:50,0.0,valve2,2.csv
2020-03-09 16:39:51,0.0,valve2,2.csv
2020-03-09 16:39:52,0.0,valve2,2.csv
2020-03-09 16:39:53,0.0,valve2,2.csv
2020-03-09 16:39:54,0.0,valve2,2.csv
2020-03-09 16:39:55,0.0,valve2,2.csv
2020-03-09 16:39:57,0.0,valve2,2.csv
2020-03-09 16:39:58,0.0,valve2,2.csv
2020-03-09 16:39:59,0.0,valve2,2.csv
2020-03-09 16:40:00,0.0,valve2,2.csv
2020-03-09 16:40:01,0.0,valve2,2.csv
2020-03-09 16:40:02,0.0,valve2,2.csv
2020-03-09 16:40:03,0.0,valve2,2.csv
2020-03-09 16:40:04,0.0,valve2,2.csv
2020-03-09 16:40:05,0.0,valve2,2.csv
2020-03-09 16:40:06,0.0,valve2,2.csv
2020-03-09 16:40:07,0.0,valve2,2.csv
2020-03-09 16:40:08,0.0,valve2,2.csv
2020-03-09 16:40:09,0.0,valve2,2.csv
2020-03-09 16:40:10,0.0,valve2,2.csv
2020-03-09 16:40:11,0.0,valve2,2.csv
2020-03-09 16:40:12,0.0,valve2,2.csv
2020-03-09 16:40:14,0.0,valve2,2.csv
2020-03-09 16:40:15,0.0,valve2,2.csv
2020-03-09 16:40:16,0.0,valve2,2.csv
2020-03-09 16:40:17,0.0,valve2,2.csv
2020-03-09 16:40:18,0.0,valve2,2.csv
2020-03-09 16:40:19,0.0,valve2,2.csv
2020-03-09 16:40:20,0.0,valve2,2.csv
2020-03-09 16:40:21,0.0,valve2,2.csv
2020-03-09 16:40:22,0.0,valve2,2.csv
2020-03-09 16:40:23,0.0,valve2,2.csv
2020-03-09 16:40:24,0.0,valve2,2.csv
2020-03-09 16:40:25,0.0,valve2,2.csv
2020-03-09 16:40:26,0.0,valve2,2.csv
2020-03-09 16:40:27,0.0,valve2,2.csv
2020-03-09 16:40:28,0.0,valve2,2.csv
2020-03-09 16:40:29,0.0,valve2,2.csv
2020-03-09 16:40:31,0.0,valve2,2.csv
2020-03-09 16:40:32,0.0,valve2,2.csv
2020-03-09 16:40:33,0.0,valve2,2.csv
2020-03-09 16:40:34,0.0,valve2,2.csv
2020-03-09 16:40:35,0.0,valve2,2.csv
2020-03-09 16:40:36,0.0,valve2,2.csv
2020-03-09 16:40:37,0.0,valve2,2.csv
2020-03-09 16:40:38,0.0,valve2,2.csv
2020-03-09 16:40:39,0.0,valve2,2.csv
2020-03-09 16:40:40,0.0,valve2,2.csv
2020-03-09 16:40:41,0.0,valve2,2.csv
2020-03-09 16:40:42,0.0,valve2,2.csv
2020-03-09 16:40:43,0.0,valve2,2.csv
2020-03-09 16:40:45,0.0,valve2,2.csv
2020-03-09 16:40:46,0.0,valve2,2.csv
2020-03-09 16:40:47,0.0,valve2,2.csv
2020-03-09 16:40:48,0.0,valve2,2.csv
2020-03-09 16:40:49,0.0,valve2,2.csv
2020-03-09 16:40:50,0.0,valve2,2.csv
2020-03-09 16:40:51,0.0,valve2,2.csv
2020-03-09 16:40:52,0.0,valve2,2.csv
2020-03-09 16:40:53,0.0,valve2,2.csv
2020-03-09 16:40:54,0.0,valve2,2.csv
2020-03-09 16:40:55,0.0,valve2,2.csv
2020-03-09 16:40:56,0.0,valve2,2.csv
2020-03-09 16:40:57,0.0,valve2,2.csv
2020-03-09 16:40:58,0.0,valve2,2.csv
2020-03-09 16:40:59,0.0,valve2,2.csv
2020-03-09 16:41:00,0.0,valve2,2.csv
2020-03-09 16:41:01,0.0,valve2,2.csv
2020-03-09 16:41:02,0.0,valve2,2.csv
2020-03-09 16:41:03,0.0,valve2,2.csv
2020-03-09 16:41:05,0.0,valve2,2.csv
2020-03-09 16:41:06,0.0,valve2,2.csv
2020-03-09 16:41:07,0.0,valve2,2.csv
2020-03-09 16:41:08,0.0,valve2,2.csv
2020-03-09 16:41:09,0.0,valve2,2.csv
2020-03-09 16:41:10,0.0,valve2,2.csv
2020-03-09 16:41:11,0.0,valve2,2.csv
2020-03-09 16:41:12,0.0,valve2,2.csv
2020-03-09 16:41:13,0.0,valve2,2.csv
2020-03-09 16:41:14,0.0,valve2,2.csv
2020-03-09 16:41:15,0.0,valve2,2.csv
2020-03-09 16:41:16,0.0,valve2,2.csv
2020-03-09 16:41:17,0.0,valve2,2.csv
2020-03-09 16:41:18,0.0,valve2,2.csv
2020-03-09 16:41:19,0.0,valve2,2.csv
2020-03-09 16:41:20,0.0,valve2,2.csv
2020-03-09 16:41:22,0.0,valve2,2.csv
2020-03-09 16:41:23,0.0,valve2,2.csv
2020-03-09 16:41:24,0.0,valve2,2.csv
2020-03-09 16:41:25,0.0,valve2,2.csv
2020-03-09 16:41:26,0.0,valve2,2.csv
2020-03-09 16:41:27,0.0,valve2,2.csv
2020-03-09 16:41:28,0.0,valve2,2.csv
2020-03-09 16:41:29,0.0,valve2,2.csv
2020-03-09 16:41:30,0.0,valve2,2.csv
2020-03-09 16:41:31,0.0,valve2,2.csv
2020-03-09 16:41:32,0.0,valve2,2.csv
2020-03-09 16:41:33,0.0,valve2,2.csv
2020-03-09 16:41:34,0.0,valve2,2.csv
2020-03-09 16:41:35,0.0,valve2,2.csv
2020-03-09 16:41:36,0.0,valve2,2.csv
2020-03-09 16:41:37,0.0,valve2,2.csv
2020-03-09 16:41:38,0.0,valve2,2.csv
2020-03-09 16:41:39,0.0,valve2,2.csv
2020-03-09 16:41:40,0.0,valve2,2.csv
2020-03-09 16:41:42,0.0,valve2,2.csv
2020-03-09 16:41:43,0.0,valve2,2.csv
2020-03-09 16:41:44,0.0,valve2,2.csv
2020-03-09 16:41:45,0.0,valve2,2.csv
2020-03-09 16:41:46,0.0,valve2,2.csv
2020-03-09 16:41:47,0.0,valve2,2.csv
2020-03-09 16:41:48,0.0,valve2,2.csv
2020-03-09 16:41:49,0.0,valve2,2.csv
2020-03-09 16:41:50,0.0,valve2,2.csv
2020-03-09 16:41:51,0.0,valve2,2.csv
2020-03-09 16:41:52,0.0,valve2,2.csv
2020-03-09 16:41:53,0.0,valve2,2.csv
2020-03-09 16:41:54,0.0,valve2,2.csv
2020-03-09 16:41:55,0.0,valve2,2.csv
2020-03-09 16:41:56,0.0,valve2,2.csv
2020-03-09 16:41:58,0.0,valve2,2.csv
2020-03-09 16:41:59,0.0,valve2,2.csv
2020-03-09 16:42:00,0.0,valve2,2.csv
2020-03-09 16:42:01,0.0,valve2,2.csv
2020-03-09 16:42:02,0.0,valve2,2.csv
2020-03-09 16:42:03,0.0,valve2,2.csv
2020-03-09 16:42:04,0.0,valve2,2.csv
2020-03-09 16:42:05,0.0,valve2,2.csv
2020-03-09 16:42:06,0.0,valve2,2.csv
2020-03-09 16:42:07,0.0,valve2,2.csv
2020-03-09 16:42:08,0.0,valve2,2.csv
2020-03-09 16:42:09,0.0,valve2,2.csv
2020-03-09 16:42:10,0.0,valve2,2.csv
2020-03-09 16:42:11,0.0,valve2,2.csv
2020-03-09 16:42:12,0.0,valve2,2.csv
2020-03-09 16:42:13,0.0,valve2,2.csv
2020-03-09 16:42:14,0.0,valve2,2.csv
2020-03-09 16:42:15,0.0,valve2,2.csv
2020-03-09 16:42:16,0.0,valve2,2.csv
2020-03-09 16:42:18,0.0,valve2,2.csv
2020-03-09 16:42:19,0.0,valve2,2.csv
2020-03-09 16:42:20,0.0,valve2,2.csv
2020-03-09 16:42:21,0.0,valve2,2.csv
2020-03-09 16:42:22,0.0,valve2,2.csv
2020-03-09 16:42:23,0.0,valve2,2.csv
2020-03-09 16:42:24,0.0,valve2,2.csv
2020-03-09 16:42:25,0.0,valve2,2.csv
2020-03-09 16:42:26,0.0,valve2,2.csv
2020-03-09 16:42:27,0.0,valve2,2.csv
2020-03-09 16:42:28,0.0,valve2,2.csv
2020-03-09 16:42:29,0.0,valve2,2.csv
2020-03-09 16:42:30,0.0,valve2,2.csv
2020-03-09 16:42:31,0.0,valve2,2.csv
2020-03-09 16:42:32,0.0,valve2,2.csv
2020-03-09 16:42:33,0.0,valve2,2.csv
2020-03-09 16:42:35,0.0,valve2,2.csv
2020-03-09 16:42:36,0.0,valve2,2.csv
2020-03-09 16:42:37,0.0,valve2,2.csv
2020-03-09 16:42:38,0.0,valve2,2.csv
2020-03-09 16:42:39,0.0,valve2,2.csv
2020-03-09 16:42:40,0.0,valve2,2.csv
2020-03-09 16:42:41,0.0,valve2,2.csv
2020-03-09 16:42:42,0.0,valve2,2.csv
2020-03-09 16:42:43,0.0,valve2,2.csv
2020-03-09 16:42:44,0.0,valve2,2.csv
2020-03-09 16:42:45,0.0,valve2,2.csv
2020-03-09 16:42:46,0.0,valve2,2.csv
2020-03-09 16:42:47,0.0,valve2,2.csv
2020-03-09 16:42:48,0.0,valve2,2.csv
2020-03-09 16:42:49,0.0,valve2,2.csv
2020-03-09 16:42:51,0.0,valve2,2.csv
2020-03-09 16:42:52,0.0,valve2,2.csv
2020-03-09 16:42:53,0.0,valve2,2.csv
2020-03-09 16:42:54,0.0,valve2,2.csv
2020-03-09 16:42:55,0.0,valve2,2.csv
2020-03-09 16:42:56,0.0,valve2,2.csv
2020-03-09 16:42:57,0.0,valve2,2.csv
2020-03-09 16:42:58,0.0,valve2,2.csv
2020-03-09 16:42:59,0.0,valve2,2.csv
2020-03-09 16:43:00,0.0,valve2,2.csv
2020-03-09 16:43:01,0.0,valve2,2.csv
2020-03-09 16:43:02,0.0,valve2,2.csv
2020-03-09 16:43:03,0.0,valve2,2.csv
2020-03-09 16:43:04,0.0,valve2,2.csv
2020-03-09 16:43:06,0.0,valve2,2.csv
2020-03-09 16:43:07,0.0,valve2,2.csv
2020-03-09 16:43:08,0.0,valve2,2.csv
2020-03-09 16:43:09,0.0,valve2,2.csv
2020-03-09 16:43:10,0.0,valve2,2.csv
2020-03-09 16:43:11,0.0,valve2,2.csv
2020-03-09 16:43:12,0.0,valve2,2.csv
2020-03-09 16:43:13,0.0,valve2,2.csv
2020-03-09 16:43:14,0.0,valve2,2.csv
2020-03-09 16:43:15,0.0,valve2,2.csv
2020-03-09 16:43:16,0.0,valve2,2.csv
2020-03-09 16:43:17,0.0,valve2,2.csv
2020-03-09 16:43:18,0.0,valve2,2.csv
2020-03-09 16:43:20,0.0,valve2,2.csv
2020-03-09 16:43:21,0.0,valve2,2.csv
2020-03-09 16:43:22,0.0,valve2,2.csv
2020-03-09 16:43:23,0.0,valve2,2.csv
2020-03-09 16:43:24,0.0,valve2,2.csv
2020-03-09 16:43:25,0.0,valve2,2.csv
2020-03-09 16:43:26,0.0,valve2,2.csv
2020-03-09 16:43:27,0.0,valve2,2.csv
2020-03-09 16:43:28,0.0,valve2,2.csv
2020-03-09 16:43:29,0.0,valve2,2.csv
2020-03-09 16:43:30,0.0,valve2,2.csv
2020-03-09 16:43:31,0.0,valve2,2.csv
2020-03-09 16:43:32,0.0,valve2,2.csv
2020-03-09 16:43:34,0.0,valve2,2.csv
2020-03-09 16:43:35,0.0,valve2,2.csv
2020-03-09 16:43:36,0.0,valve2,2.csv
2020-03-09 16:43:37,0.0,valve2,2.csv
2020-03-09 16:43:38,0.0,valve2,2.csv
2020-03-09 16:43:39,0.0,valve2,2.csv
2020-03-09 16:43:40,0.0,valve2,2.csv
2020-03-09 16:43:41,0.0,valve2,2.csv
2020-03-09 16:43:42,0.0,valve2,2.csv
2020-03-09 16:43:43,0.0,valve2,2.csv
2020-03-09 16:43:44,0.0,valve2,2.csv
2020-03-09 16:43:45,0.0,valve2,2.csv
2020-03-09 16:43:46,0.0,valve2,2.csv
2020-03-09 16:43:47,0.0,valve2,2.csv
2020-03-09 16:43:48,0.0,valve2,2.csv
2020-03-09 16:43:49,0.0,valve2,2.csv
2020-03-09 16:43:50,0.0,valve2,2.csv
2020-03-09 16:43:51,0.0,valve2,2.csv
2020-03-09 16:43:52,0.0,valve2,2.csv
2020-03-09 16:43:53,0.0,valve2,2.csv
2020-03-09 16:43:54,0.0,valve2,2.csv
2020-03-09 16:43:55,0.0,valve2,2.csv
2020-03-09 16:43:57,0.0,valve2,2.csv
2020-03-09 16:43:58,0.0,valve2,2.csv
2020-03-09 16:43:59,0.0,valve2,2.csv
2020-03-09 16:44:00,0.0,valve2,2.csv
2020-03-09 16:44:01,0.0,valve2,2.csv
2020-03-09 16:44:02,0.0,valve2,2.csv
2020-03-09 16:44:03,0.0,valve2,2.csv
2020-03-09 16:44:04,0.0,valve2,2.csv
2020-03-09 16:44:05,0.0,valve2,2.csv
2020-03-09 16:44:06,0.0,valve2,2.csv
2020-03-09 16:44:07,0.0,valve2,2.csv
2020-03-09 16:44:08,0.0,valve2,2.csv
2020-03-09 16:44:09,0.0,valve2,2.csv
2020-03-09 16:44:10,0.0,valve2,2.csv
2020-03-09 16:44:11,0.0,valve2,2.csv
2020-03-09 16:44:12,0.0,valve2,2.csv
2020-03-09 16:44:13,0.0,valve2,2.csv
2020-03-09 16:44:14,0.0,valve2,2.csv
2020-03-09 16:44:15,0.0,valve2,2.csv
2020-03-09 16:44:17,0.0,valve2,2.csv
2020-03-09 16:44:18,0.0,valve2,2.csv
2020-03-09 16:44:19,0.0,valve2,2.csv
2020-03-09 16:44:20,0.0,valve2,2.csv
2020-03-09 16:44:21,0.0,valve2,2.csv
2020-03-09 16:44:22,0.0,valve2,2.csv
2020-03-09 16:44:23,0.0,valve2,2.csv
2020-03-09 16:44:24,0.0,valve2,2.csv
2020-03-09 16:44:25,0.0,valve2,2.csv
2020-03-09 16:44:26,0.0,valve2,2.csv
2020-03-09 16:44:27,0.0,valve2,2.csv
2020-03-09 16:44:28,0.0,valve2,2.csv
2020-03-09 16:44:29,0.0,valve2,2.csv
2020-03-09 16:44:30,0.0,valve2,2.csv
2020-03-09 16:44:31,0.0,valve2,2.csv
2020-03-09 16:44:33,0.0,valve2,2.csv
2020-03-09 16:44:34,0.0,valve2,2.csv
2020-03-09 16:44:35,0.0,valve2,2.csv
2020-03-09 16:44:36,0.0,valve2,2.csv
2020-03-09 16:44:37,0.0,valve2,2.csv
2020-03-09 16:44:38,0.0,valve2,2.csv
2020-03-09 16:44:39,0.0,valve2,2.csv
2020-03-09 16:44:40,0.0,valve2,2.csv
2020-03-09 16:44:41,0.0,valve2,2.csv
2020-03-09 16:44:42,0.0,valve2,2.csv
2020-03-09 16:44:43,0.0,valve2,2.csv
2020-03-09 16:44:44,0.0,valve2,2.csv
2020-03-09 16:44:45,0.0,valve2,2.csv
2020-03-09 16:44:46,0.0,valve2,2.csv
2020-03-09 16:44:47,0.0,valve2,2.csv
2020-03-09 16:44:48,0.0,valve2,2.csv
2020-03-09 16:44:49,0.0,valve2,2.csv
2020-03-09 16:44:51,0.0,valve2,2.csv
2020-03-09 16:44:52,0.0,valve2,2.csv
2020-03-09 16:44:53,0.0,valve2,2.csv
2020-03-09 16:44:54,0.0,valve2,2.csv
2020-03-09 16:44:55,0.0,valve2,2.csv
2020-03-09 16:44:56,0.0,valve2,2.csv
2020-03-09 16:44:57,0.0,valve2,2.csv
2020-03-09 16:44:58,0.0,valve2,2.csv
2020-03-09 16:44:59,0.0,valve2,2.csv
2020-03-09 16:45:01,0.0,valve2,2.csv
2020-03-09 16:45:02,0.0,valve2,2.csv
2020-03-09 16:45:03,0.0,valve2,2.csv
2020-03-09 16:45:04,0.0,valve2,2.csv
2020-03-09 16:45:05,0.0,valve2,2.csv
2020-03-09 16:45:06,0.0,valve2,2.csv
2020-03-09 16:45:07,0.0,valve2,2.csv
2020-03-09 16:45:08,0.0,valve2,2.csv
2020-03-09 16:45:09,0.0,valve2,2.csv
2020-03-09 16:45:10,0.0,valve2,2.csv
2020-03-09 16:45:11,0.0,valve2,2.csv
2020-03-09 16:45:12,0.0,valve2,2.csv
2020-03-09 16:45:13,0.0,valve2,2.csv
2020-03-09 16:45:14,0.0,valve2,2.csv
2020-03-09 16:45:15,0.0,valve2,2.csv
2020-03-09 16:45:17,0.0,valve2,2.csv
2020-03-09 16:45:18,0.0,valve2,2.csv
2020-03-09 16:45:19,0.0,valve2,2.csv
2020-03-09 16:45:20,0.0,valve2,2.csv
2020-03-09 16:45:21,0.0,valve2,2.csv
2020-03-09 16:45:22,0.0,valve2,2.csv
2020-03-09 16:45:23,0.0,valve2,2.csv
2020-03-09 16:45:24,0.0,valve2,2.csv
2020-03-09 16:45:25,0.0,valve2,2.csv
2020-03-09 16:45:26,0.0,valve2,2.csv
2020-03-09 16:45:27,0.0,valve2,2.csv
2020-03-09 16:45:28,0.0,valve2,2.csv
2020-03-09 16:45:29,0.0,valve2,2.csv
2020-03-09 16:45:30,0.0,valve2,2.csv
2020-03-09 16:45:31,0.0,valve2,2.csv
2020-03-09 16:45:32,0.0,valve2,2.csv
2020-03-09 16:45:33,0.0,valve2,2.csv
2020-03-09 16:45:34,0.0,valve2,2.csv
2020-03-09 16:45:36,0.0,valve2,2.csv
2020-03-09 16:45:37,0.0,valve2,2.csv
2020-03-09 16:45:38,0.0,valve2,2.csv
2020-03-09 16:45:39,0.0,valve2,2.csv
2020-03-09 16:45:40,0.0,valve2,2.csv
2020-03-09 16:45:41,0.0,valve2,2.csv
2020-03-09 16:45:42,0.0,valve2,2.csv
2020-03-09 16:45:43,0.0,valve2,2.csv
2020-03-09 16:45:44,0.0,valve2,2.csv
2020-03-09 16:45:45,0.0,valve2,2.csv
2020-03-09 16:45:46,0.0,valve2,2.csv
2020-03-09 16:45:47,0.0,valve2,2.csv
2020-03-09 16:45:48,0.0,valve2,2.csv
2020-03-09 16:45:49,0.0,valve2,2.csv
2020-03-09 16:45:50,0.0,valve2,2.csv
2020-03-09 16:45:51,0.0,valve2,2.csv
2020-03-09 16:45:52,0.0,valve2,2.csv
2020-03-09 16:45:53,0.0,valve2,2.csv
2020-03-09 16:45:54,0.0,valve2,2.csv
2020-03-09 16:45:56,0.0,valve2,2.csv
2020-03-09 16:45:57,0.0,valve2,2.csv
2020-03-09 16:45:58,0.0,valve2,2.csv
2020-03-09 16:45:59,0.0,valve2,2.csv
2020-03-09 16:46:00,0.0,valve2,2.csv
2020-03-09 16:46:01,0.0,valve2,2.csv
2020-03-09 16:46:02,0.0,valve2,2.csv
2020-03-09 16:46:03,0.0,valve2,2.csv
2020-03-09 16:46:04,0.0,valve2,2.csv
2020-03-09 16:46:05,0.0,valve2,2.csv
2020-03-09 16:46:06,0.0,valve2,2.csv
2020-03-09 16:46:07,0.0,valve2,2.csv
2020-03-09 16:46:08,0.0,valve2,2.csv
2020-03-09 16:46:09,0.0,valve2,2.csv
2020-03-09 16:46:10,0.0,valve2,2.csv
2020-03-09 16:46:11,0.0,valve2,2.csv
2020-03-09 16:46:12,0.0,valve2,2.csv
2020-03-09 16:46:13,0.0,valve2,2.csv
2020-03-09 16:46:14,0.0,valve2,2.csv
2020-03-09 16:46:15,0.0,valve2,2.csv
2020-03-09 16:46:16,0.0,valve2,2.csv
2020-03-09 16:46:18,0.0,valve2,2.csv
2020-03-09 16:46:19,0.0,valve2,2.csv
2020-03-09 16:46:20,0.0,valve2,2.csv
2020-03-09 16:46:21,0.0,valve2,2.csv
2020-03-09 16:46:22,0.0,valve2,2.csv
2020-03-09 16:46:23,0.0,valve2,2.csv
2020-03-09 16:46:24,0.0,valve2,2.csv
2020-03-09 16:46:25,0.0,valve2,2.csv
2020-03-09 16:46:26,0.0,valve2,2.csv
2020-03-09 16:46:27,0.0,valve2,2.csv
2020-03-09 16:46:28,0.0,valve2,2.csv
2020-03-09 16:46:29,0.0,valve2,2.csv
2020-03-09 16:46:30,0.0,valve2,2.csv
2020-03-09 16:46:31,1.0,valve2,2.csv
2020-03-09 16:46:32,0.0,valve2,2.csv
2020-03-09 16:46:33,0.0,valve2,2.csv
2020-03-09 16:46:35,0.0,valve2,2.csv
2020-03-09 16:46:36,0.0,valve2,2.csv
2020-03-09 16:46:37,0.0,valve2,2.csv
2020-03-09 16:46:38,0.0,valve2,2.csv
2020-03-09 16:46:39,0.0,valve2,2.csv
2020-03-09 16:46:40,0.0,valve2,2.csv
2020-03-09 16:46:41,0.0,valve2,2.csv
2020-03-09 16:46:42,0.0,valve2,2.csv
2020-03-09 16:46:43,0.0,valve2,2.csv
2020-03-09 16:46:44,0.0,valve2,2.csv
2020-03-09 16:46:45,0.0,valve2,2.csv
2020-03-09 16:46:46,0.0,valve2,2.csv
2020-03-09 16:46:47,0.0,valve2,2.csv
2020-03-09 16:46:48,0.0,valve2,2.csv
2020-03-09 16:46:49,0.0,valve2,2.csv
2020-03-09 16:46:50,0.0,valve2,2.csv
2020-03-09 16:46:52,0.0,valve2,2.csv
2020-03-09 16:46:53,0.0,valve2,2.csv
2020-03-09 16:46:54,0.0,valve2,2.csv
2020-03-09 16:46:55,0.0,valve2,2.csv
2020-03-09 16:46:56,0.0,valve2,2.csv
2020-03-09 16:46:57,0.0,valve2,2.csv
2020-03-09 16:46:58,0.0,valve2,2.csv
2020-03-09 16:46:59,0.0,valve2,2.csv
2020-03-09 16:47:00,0.0,valve2,2.csv
2020-03-09 16:47:01,0.0,valve2,2.csv
2020-03-09 16:47:02,0.0,valve2,2.csv
2020-03-09 16:47:03,0.0,valve2,2.csv
2020-03-09 16:47:04,0.0,valve2,2.csv
2020-03-09 16:47:05,0.0,valve2,2.csv
2020-03-09 16:47:06,0.0,valve2,2.csv
2020-03-09 16:47:07,0.0,valve2,2.csv
2020-03-09 16:47:09,0.0,valve2,2.csv
2020-03-09 16:47:10,0.0,valve2,2.csv
2020-03-09 16:47:11,0.0,valve2,2.csv
2020-03-09 16:47:12,0.0,valve2,2.csv
2020-03-09 16:47:13,0.0,valve2,2.csv
2020-03-09 16:47:14,0.0,valve2,2.csv
2020-03-09 16:47:15,0.0,valve2,2.csv
2020-03-09 16:47:16,0.0,valve2,2.csv
2020-03-09 16:47:17,0.0,valve2,2.csv
2020-03-09 16:47:18,0.0,valve2,2.csv
2020-03-09 16:47:19,0.0,valve2,2.csv
2020-03-09 16:47:20,0.0,valve2,2.csv
2020-03-09 16:47:21,0.0,valve2,2.csv
2020-03-09 16:47:22,0.0,valve2,2.csv
2020-03-09 16:47:23,0.0,valve2,2.csv
2020-03-09 16:47:24,0.0,valve2,2.csv
2020-03-09 16:47:26,0.0,valve2,2.csv
2020-03-09 16:47:27,0.0,valve2,2.csv
2020-03-09 16:47:28,0.0,valve2,2.csv
2020-03-09 16:47:29,0.0,valve2,2.csv
2020-03-09 16:47:30,0.0,valve2,2.csv
2020-03-09 16:47:31,1.0,valve2,2.csv
2020-03-09 16:47:32,0.0,valve2,2.csv
2020-03-09 16:47:33,0.0,valve2,2.csv
2020-03-09 16:47:34,0.0,valve2,2.csv
2020-03-09 16:47:35,0.0,valve2,2.csv
2020-03-09 16:47:36,0.0,valve2,2.csv
2020-03-09 16:47:37,0.0,valve2,2.csv
2020-03-09 16:47:38,0.0,valve2,2.csv
2020-03-09 16:47:39,0.0,valve2,2.csv
2020-03-09 16:47:40,0.0,valve2,2.csv
2020-03-09 16:47:41,0.0,valve2,2.csv
2020-03-09 16:47:43,0.0,valve2,2.csv
2020-03-09 16:47:44,0.0,valve2,2.csv
2020-03-09 16:47:45,0.0,valve2,2.csv
2020-03-09 16:47:46,0.0,valve2,2.csv
2020-03-09 16:47:47,0.0,valve2,2.csv
2020-03-09 16:47:48,0.0,valve2,2.csv
2020-03-09 16:47:49,0.0,valve2,2.csv
2020-03-09 16:47:50,0.0,valve2,2.csv
2020-03-09 16:47:51,0.0,valve2,2.csv
2020-03-09 16:47:52,0.0,valve2,2.csv
2020-03-09 16:47:53,0.0,valve2,2.csv
2020-03-09 16:47:54,0.0,valve2,2.csv
2020-03-09 16:47:55,0.0,valve2,2.csv
2020-03-09 16:47:56,0.0,valve2,2.csv
2020-03-09 16:47:57,0.0,valve2,2.csv
2020-03-09 16:47:58,0.0,valve2,2.csv
2020-03-09 16:47:59,0.0,valve2,2.csv
2020-03-09 16:48:00,0.0,valve2,2.csv
2020-03-09 16:48:01,0.0,valve2,2.csv
2020-03-09 16:48:03,0.0,valve2,2.csv
2020-03-09 16:48:04,0.0,valve2,2.csv
2020-03-09 16:48:05,0.0,valve2,2.csv
2020-03-09 16:48:06,0.0,valve2,2.csv
2020-03-09 16:48:07,0.0,valve2,2.csv
2020-03-09 16:48:08,0.0,valve2,2.csv
2020-03-09 16:48:09,0.0,valve2,2.csv
2020-03-09 16:48:10,0.0,valve2,2.csv
2020-03-09 16:48:11,0.0,valve2,2.csv
2020-03-09 16:48:12,0.0,valve2,2.csv
2020-03-09 16:48:13,0.0,valve2,2.csv
2020-03-09 16:48:14,0.0,valve2,2.csv
2020-03-09 16:48:15,0.0,valve2,2.csv
2020-03-09 16:48:16,0.0,valve2,2.csv
2020-03-09 16:48:17,0.0,valve2,2.csv
2020-03-09 16:48:18,0.0,valve2,2.csv
2020-03-09 16:48:19,0.0,valve2,2.csv
2020-03-09 16:48:20,0.0,valve2,2.csv
2020-03-09 16:48:22,0.0,valve2,2.csv
2020-03-09 16:48:23,0.0,valve2,2.csv
2020-03-09 16:48:24,0.0,valve2,2.csv
2020-03-09 16:48:25,0.0,valve2,2.csv
2020-03-09 16:48:26,0.0,valve2,2.csv
2020-03-09 16:48:27,0.0,valve2,2.csv
2020-03-09 16:48:28,0.0,valve2,2.csv
2020-03-09 16:48:29,0.0,valve2,2.csv
2020-03-09 16:48:30,0.0,valve2,2.csv
2020-03-09 16:48:31,0.0,valve2,2.csv
2020-03-09 16:48:32,0.0,valve2,2.csv
2020-03-09 16:48:33,0.0,valve2,2.csv
2020-03-09 16:48:34,0.0,valve2,2.csv
2020-03-09 16:48:35,0.0,valve2,2.csv
2020-03-09 16:48:37,0.0,valve2,2.csv
2020-03-09 16:48:38,0.0,valve2,2.csv
2020-03-09 16:48:39,0.0,valve2,2.csv
2020-03-09 16:48:40,0.0,valve2,2.csv
2020-03-09 16:48:41,0.0,valve2,2.csv
2020-03-09 16:48:42,0.0,valve2,2.csv
2020-03-09 16:48:43,0.0,valve2,2.csv
2020-03-09 16:48:44,0.0,valve2,2.csv
2020-03-09 16:48:45,0.0,valve2,2.csv
2020-03-09 16:48:46,0.0,valve2,2.csv
2020-03-09 16:48:47,0.0,valve2,2.csv
2020-03-09 16:48:48,0.0,valve2,2.csv
2020-03-09 16:48:49,0.0,valve2,2.csv
2020-03-09 16:48:50,0.0,valve2,2.csv
2020-03-09 16:48:51,0.0,valve2,2.csv
2020-03-09 16:48:53,0.0,valve2,2.csv
2020-03-09 16:48:54,0.0,valve2,2.csv
2020-03-09 16:48:55,0.0,valve2,2.csv
2020-03-09 16:48:56,0.0,valve2,2.csv
2020-03-09 16:48:57,0.0,valve2,2.csv
2020-03-09 16:48:58,0.0,valve2,2.csv
2020-03-09 16:48:59,0.0,valve2,2.csv
2020-03-09 16:49:00,0.0,valve2,2.csv
2020-03-09 16:49:01,0.0,valve2,2.csv
2020-03-09 16:49:02,0.0,valve2,2.csv
2020-03-09 16:49:03,0.0,valve2,2.csv
2020-03-09 16:49:04,0.0,valve2,2.csv
2020-03-09 16:49:05,0.0,valve2,2.csv
2020-03-09 16:49:06,0.0,valve2,2.csv
2020-03-09 16:49:08,0.0,valve2,2.csv
2020-03-09 16:49:09,0.0,valve2,2.csv
2020-03-09 16:49:10,0.0,valve2,2.csv
2020-03-09 16:49:11,0.0,valve2,2.csv
2020-03-09 16:49:12,0.0,valve2,2.csv
2020-03-09 16:49:13,0.0,valve2,2.csv
2020-03-09 16:49:14,0.0,valve2,2.csv
2020-03-09 16:49:15,0.0,valve2,2.csv
2020-03-09 16:49:16,0.0,valve2,2.csv
2020-03-09 16:49:17,0.0,valve2,2.csv
2020-03-09 16:49:18,0.0,valve2,2.csv
2020-03-09 16:49:19,0.0,valve2,2.csv
2020-03-09 16:49:20,0.0,valve2,2.csv
2020-03-09 16:49:21,0.0,valve2,2.csv
2020-03-09 16:49:22,0.0,valve2,2.csv
2020-03-09 16:49:23,0.0,valve2,2.csv
2020-03-09 16:49:25,0.0,valve2,2.csv
2020-03-09 16:49:26,0.0,valve2,2.csv
2020-03-09 16:49:27,0.0,valve2,2.csv
2020-03-09 16:49:28,0.0,valve2,2.csv
2020-03-09 16:49:29,0.0,valve2,2.csv
2020-03-09 16:49:30,0.0,valve2,2.csv
2020-03-09 16:49:31,0.0,valve2,2.csv
2020-03-09 16:49:32,0.0,valve2,2.csv
2020-03-09 16:49:33,0.0,valve2,2.csv
2020-03-09 16:49:34,0.0,valve2,2.csv
2020-03-09 16:49:35,0.0,valve2,2.csv
2020-03-09 16:49:36,0.0,valve2,2.csv
2020-03-09 16:49:37,0.0,valve2,2.csv
2020-03-09 16:49:38,0.0,valve2,2.csv
2020-03-09 16:49:39,0.0,valve2,2.csv
2020-03-09 16:49:40,0.0,valve2,2.csv
2020-03-09 16:49:41,0.0,valve2,2.csv
2020-03-09 16:49:43,0.0,valve2,2.csv
2020-03-09 16:49:44,0.0,valve2,2.csv
2020-03-09 16:49:45,0.0,valve2,2.csv
2020-03-09 16:49:46,0.0,valve2,2.csv
2020-03-09 16:49:47,0.0,valve2,2.csv
2020-03-09 16:49:48,0.0,valve2,2.csv
2020-03-09 16:49:49,0.0,valve2,2.csv
2020-03-09 16:49:50,0.0,valve2,2.csv
2020-03-09 16:49:51,0.0,valve2,2.csv
2020-03-09 16:49:52,0.0,valve2,2.csv
2020-03-09 16:49:53,0.0,valve2,2.csv
2020-03-09 16:49:54,0.0,valve2,2.csv
2020-03-09 16:49:55,0.0,valve2,2.csv
2020-03-09 16:49:56,0.0,valve2,2.csv
2020-03-09 16:49:57,0.0,valve2,2.csv
2020-03-09 16:49:59,0.0,valve2,2.csv
2020-03-09 16:50:00,0.0,valve2,2.csv
2020-03-09 16:50:01,0.0,valve2,2.csv
2020-03-09 16:50:02,0.0,valve2,2.csv
2020-03-09 16:50:03,0.0,valve2,2.csv
2020-03-09 16:50:04,0.0,valve2,2.csv
2020-03-09 16:50:05,0.0,valve2,2.csv
2020-03-09 16:50:06,0.0,valve2,2.csv
2020-03-09 16:50:07,0.0,valve2,2.csv
2020-03-09 16:50:08,0.0,valve2,2.csv
2020-03-09 16:50:09,0.0,valve2,2.csv
2020-03-09 16:50:10,0.0,valve2,2.csv
2020-03-09 16:50:11,0.0,valve2,2.csv
2020-03-09 16:50:12,0.0,valve2,2.csv
2020-03-09 16:50:13,0.0,valve2,2.csv
2020-03-09 16:50:14,0.0,valve2,2.csv
2020-03-09 16:50:15,0.0,valve2,2.csv
2020-03-09 16:50:17,0.0,valve2,2.csv
2020-03-09 16:50:18,0.0,valve2,2.csv
2020-03-09 16:50:19,0.0,valve2,2.csv
2020-03-09 16:50:20,0.0,valve2,2.csv
2020-03-09 16:50:21,0.0,valve2,2.csv
2020-03-09 16:50:22,0.0,valve2,2.csv
2020-03-09 16:50:23,0.0,valve2,2.csv
2020-03-09 16:50:24,0.0,valve2,2.csv
2020-03-09 16:50:25,0.0,valve2,2.csv
2020-03-09 16:50:26,0.0,valve2,2.csv
2020-03-09 16:50:27,0.0,valve2,2.csv
2020-03-09 16:50:28,0.0,valve2,2.csv
2020-03-09 16:50:29,0.0,valve2,2.csv
2020-03-09 16:50:30,0.0,valve2,2.csv
2020-03-09 16:50:31,0.0,valve2,2.csv
2020-03-09 16:50:33,0.0,valve2,2.csv
2020-03-09 16:50:34,0.0,valve2,2.csv
2020-03-09 16:50:35,0.0,valve2,2.csv
2020-03-09 16:50:36,0.0,valve2,2.csv
2020-03-09 16:50:37,0.0,valve2,2.csv
2020-03-09 16:50:38,0.0,valve2,2.csv
2020-03-09 16:50:39,0.0,valve2,2.csv
2020-03-09 16:50:40,0.0,valve2,2.csv
2020-03-09 16:50:41,0.0,valve2,2.csv
2020-03-09 16:50:42,0.0,valve2,2.csv
2020-03-09 16:50:43,0.0,valve2,2.csv
2020-03-09 16:50:44,0.0,valve2,2.csv
2020-03-09 16:50:45,0.0,valve2,2.csv
2020-03-09 16:50:46,0.0,valve2,2.csv
2020-03-09 16:50:47,0.0,valve2,2.csv
2020-03-09 16:50:48,0.0,valve2,2.csv
2020-03-09 16:50:49,0.0,valve2,2.csv
2020-03-09 16:50:51,0.0,valve2,2.csv
2020-03-09 16:50:52,0.0,valve2,2.csv
2020-03-09 16:50:53,0.0,valve2,2.csv
2020-03-09 16:50:54,0.0,valve2,2.csv
2020-03-09 16:50:55,0.0,valve2,2.csv
2020-03-09 16:50:56,0.0,valve2,2.csv
2020-03-09 16:50:57,0.0,valve2,2.csv
2020-03-09 16:50:58,0.0,valve2,2.csv
2020-03-09 16:50:59,0.0,valve2,2.csv
2020-03-09 16:51:00,0.0,valve2,2.csv
2020-03-09 16:51:01,0.0,valve2,2.csv
2020-03-09 16:51:02,0.0,valve2,2.csv
2020-03-09 16:51:03,0.0,valve2,2.csv
2020-03-09 16:51:04,0.0,valve2,2.csv
2020-03-09 16:51:05,0.0,valve2,2.csv
2020-03-09 16:51:07,0.0,valve2,2.csv
2020-03-09 16:51:08,0.0,valve2,2.csv
2020-03-09 16:51:09,0.0,valve2,2.csv
2020-03-09 16:51:10,0.0,valve2,2.csv
2020-03-09 16:51:11,0.0,valve2,2.csv
2020-03-09 16:51:12,0.0,valve2,2.csv
2020-03-09 16:51:13,0.0,valve2,2.csv
2020-03-09 16:51:14,0.0,valve2,2.csv
2020-03-09 16:51:15,0.0,valve2,2.csv
2020-03-09 16:51:16,0.0,valve2,2.csv
2020-03-09 16:51:17,0.0,valve2,2.csv
2020-03-09 16:51:18,0.0,valve2,2.csv
2020-03-09 16:51:19,0.0,valve2,2.csv
2020-03-09 16:51:21,0.0,valve2,2.csv
2020-03-09 16:51:22,0.0,valve2,2.csv
2020-03-09 16:51:23,0.0,valve2,2.csv
2020-03-09 16:51:24,0.0,valve2,2.csv
2020-03-09 16:51:25,0.0,valve2,2.csv
2020-03-09 16:51:26,0.0,valve2,2.csv
2020-03-09 16:51:27,0.0,valve2,2.csv
2020-03-09 16:51:28,0.0,valve2,2.csv
2020-03-09 16:51:29,0.0,valve2,2.csv
2020-03-09 16:51:30,0.0,valve2,2.csv
2020-03-09 16:51:31,0.0,valve2,2.csv
2020-03-09 16:51:32,0.0,valve2,2.csv
2020-03-09 16:51:33,0.0,valve2,2.csv
2020-03-09 16:51:34,0.0,valve2,2.csv
2020-03-09 16:51:35,0.0,valve2,2.csv
2020-03-09 16:51:37,0.0,valve2,2.csv
2020-03-09 16:51:38,0.0,valve2,2.csv
2020-03-09 16:51:39,0.0,valve2,2.csv
2020-03-09 16:51:40,0.0,valve2,2.csv
2020-03-09 16:51:41,0.0,valve2,2.csv
2020-03-09 16:51:42,0.0,valve2,2.csv
2020-03-09 16:51:43,0.0,valve2,2.csv
2020-03-09 16:51:44,0.0,valve2,2.csv
2020-03-09 16:51:45,0.0,valve2,2.csv
2020-03-09 16:51:46,0.0,valve2,2.csv
2020-03-09 16:51:47,0.0,valve2,2.csv
2020-03-09 16:51:48,0.0,valve2,2.csv
2020-03-09 16:51:49,0.0,valve2,2.csv
2020-03-09 16:51:50,0.0,valve2,2.csv
2020-03-09 16:51:51,0.0,valve2,2.csv
2020-03-09 16:51:52,0.0,valve2,2.csv
2020-03-09 16:51:53,0.0,valve2,2.csv
2020-03-09 16:51:54,0.0,valve2,2.csv
2020-03-09 16:51:55,0.0,valve2,2.csv
2020-03-09 16:51:57,0.0,valve2,2.csv
2020-03-09 16:51:58,0.0,valve2,2.csv
2020-03-09 16:51:59,0.0,valve2,2.csv
2020-03-09 16:52:00,0.0,valve2,2.csv
2020-03-09 16:52:01,0.0,valve2,2.csv
2020-03-09 16:52:02,0.0,valve2,2.csv
2020-03-09 16:52:03,0.0,valve2,2.csv
2020-03-09 16:52:04,0.0,valve2,2.csv
2020-03-09 16:52:05,0.0,valve2,2.csv
2020-03-09 16:52:06,0.0,valve2,2.csv
2020-03-09 16:52:07,0.0,valve2,2.csv
2020-03-09 16:52:08,0.0,valve2,2.csv
2020-03-09 16:52:09,0.0,valve2,2.csv
2020-03-09 16:52:10,0.0,valve2,2.csv
2020-03-09 16:52:11,0.0,valve2,2.csv
2020-03-09 16:52:12,0.0,valve2,2.csv
2020-03-09 16:52:13,0.0,valve2,2.csv
2020-03-09 16:52:14,0.0,valve2,2.csv
2020-03-09 16:52:15,0.0,valve2,2.csv
2020-03-09 16:52:16,0.0,valve2,2.csv
2020-03-09 16:52:18,0.0,valve2,2.csv
2020-03-09 16:52:19,0.0,valve2,2.csv
2020-03-09 16:52:20,0.0,valve2,2.csv
2020-03-09 16:52:21,0.0,valve2,2.csv
2020-03-09 16:52:22,0.0,valve2,2.csv
2020-03-09 16:52:23,0.0,valve2,2.csv
2020-03-09 16:52:24,0.0,valve2,2.csv
2020-03-09 16:52:25,0.0,valve2,2.csv
2020-03-09 16:52:26,0.0,valve2,2.csv
2020-03-09 16:52:27,0.0,valve2,2.csv
2020-03-09 16:52:28,0.0,valve2,2.csv
2020-03-09 16:52:29,0.0,valve2,2.csv
2020-03-09 16:52:30,0.0,valve2,2.csv
2020-03-09 16:52:31,1.0,valve2,2.csv
2020-03-09 16:52:32,0.0,valve2,2.csv
2020-03-09 16:52:33,0.0,valve2,2.csv
2020-03-09 16:52:34,0.0,valve2,2.csv
2020-03-09 16:52:35,0.0,valve2,2.csv
2020-03-09 16:52:36,0.0,valve2,2.csv
2020-03-09 16:52:37,0.0,valve2,2.csv
2020-03-09 16:52:38,0.0,valve2,2.csv
2020-03-09 16:52:39,0.0,valve2,2.csv
2020-03-09 16:52:41,0.0,valve2,2.csv
2020-03-09 16:52:42,0.0,valve2,2.csv
2020-03-09 16:52:43,0.0,valve2,2.csv
2020-03-09 16:52:44,0.0,valve2,2.csv
2020-03-09 16:52:45,0.0,valve2,2.csv
2020-03-09 16:52:46,0.0,valve2,2.csv
2020-03-09 16:52:47,0.0,valve2,2.csv
2020-03-09 16:52:48,0.0,valve2,2.csv
2020-03-09 16:52:49,0.0,valve2,2.csv
2020-03-09 16:52:50,0.0,valve2,2.csv
2020-03-09 16:52:51,0.0,valve2,2.csv
2020-03-09 16:52:52,0.0,valve2,2.csv
2020-03-09 16:52:53,0.0,valve2,2.csv
2020-03-09 16:52:54,0.0,valve2,2.csv
2020-03-09 16:52:56,0.0,valve2,2.csv
2020-03-09 16:52:57,0.0,valve2,2.csv
2020-03-09 16:52:58,0.0,valve2,2.csv
2020-03-09 16:52:59,0.0,valve2,2.csv
2020-03-09 16:53:00,0.0,valve2,2.csv
2020-03-09 16:53:01,0.0,valve2,2.csv
2020-03-09 16:53:02,0.0,valve2,2.csv
2020-03-09 16:53:03,0.0,valve2,2.csv
2020-03-09 16:53:04,0.0,valve2,2.csv
2020-03-09 16:53:05,0.0,valve2,2.csv
2020-03-09 16:53:06,0.0,valve2,2.csv
2020-03-09 16:53:07,0.0,valve2,2.csv
2020-03-09 16:53:08,0.0,valve2,2.csv
2020-03-09 16:53:10,0.0,valve2,2.csv
2020-03-09 16:53:11,0.0,valve2,2.csv
2020-03-09 16:53:12,0.0,valve2,2.csv
2020-03-09 16:53:13,0.0,valve2,2.csv
2020-03-09 16:53:14,0.0,valve2,2.csv
2020-03-09 16:53:15,0.0,valve2,2.csv
2020-03-09 16:53:16,0.0,valve2,2.csv
2020-03-09 16:53:17,0.0,valve2,2.csv
2020-03-09 16:53:18,0.0,valve2,2.csv
2020-03-09 16:53:19,0.0,valve2,2.csv
2020-03-09 16:53:20,0.0,valve2,2.csv
2020-03-09 16:53:21,0.0,valve2,2.csv
2020-03-09 16:53:22,0.0,valve2,2.csv
2020-03-09 16:53:23,0.0,valve2,2.csv
2020-03-09 16:53:24,0.0,valve2,2.csv
2020-03-09 16:53:26,0.0,valve2,2.csv
2020-03-09 16:53:27,0.0,valve2,2.csv
2020-03-09 16:53:28,0.0,valve2,2.csv
2020-03-09 16:53:29,0.0,valve2,2.csv
2020-03-09 16:53:30,0.0,valve2,2.csv
2020-03-09 16:53:31,1.0,valve2,2.csv
2020-03-09 16:53:32,0.0,valve2,2.csv
2020-03-09 16:53:33,0.0,valve2,2.csv
2020-03-09 16:53:34,0.0,valve2,2.csv
2020-03-09 16:53:35,0.0,valve2,2.csv
2020-03-09 16:53:36,0.0,valve2,2.csv
2020-03-09 16:53:37,0.0,valve2,2.csv
2020-03-09 16:53:38,0.0,valve2,2.csv
2020-03-09 16:53:39,0.0,valve2,2.csv
2020-03-09 16:53:40,0.0,valve2,2.csv
2020-03-09 16:53:41,0.0,valve2,2.csv
2020-03-09 16:53:42,0.0,valve2,2.csv
2020-03-09 16:53:43,0.0,valve2,2.csv
2020-03-09 16:53:44,0.0,valve2,2.csv
2020-03-09 16:53:45,0.0,valve2,2.csv
2020-03-09 16:53:47,0.0,valve2,2.csv
2020-03-09 16:53:48,0.0,valve2,2.csv
2020-03-09 16:53:49,0.0,valve2,2.csv
2020-03-09 16:53:50,0.0,valve2,2.csv
2020-03-09 16:53:51,0.0,valve2,2.csv
2020-03-09 16:53:52,0.0,valve2,2.csv
2020-03-09 16:53:53,0.0,valve2,2.csv
2020-03-09 16:53:54,0.0,valve2,2.csv
2020-03-09 16:53:55,0.0,valve2,2.csv
2020-03-09 16:53:56,0.0,valve2,2.csv
2020-03-09 16:53:57,0.0,valve2,2.csv
2020-03-09 16:53:58,0.0,valve2,2.csv
2020-03-09 16:53:59,0.0,valve2,2.csv
2020-03-09 16:54:00,0.0,valve2,2.csv
2020-03-09 16:54:01,0.0,valve2,2.csv
2020-03-09 16:54:02,0.0,valve2,2.csv
2020-03-09 16:54:03,0.0,valve2,2.csv
2020-03-09 16:54:04,0.0,valve2,2.csv
2020-03-09 16:54:06,0.0,valve2,2.csv
2020-03-09 16:54:07,0.0,valve2,2.csv
2020-03-09 16:54:08,0.0,valve2,2.csv
2020-03-09 16:54:09,0.0,valve2,2.csv
2020-03-09 16:54:10,0.0,valve2,2.csv
2020-03-09 16:54:11,0.0,valve2,2.csv
2020-03-09 16:54:12,0.0,valve2,2.csv
2020-03-09 16:54:13,0.0,valve2,2.csv
2020-03-09 16:54:14,0.0,valve2,2.csv
2020-03-09 16:54:15,0.0,valve2,2.csv
2020-03-09 16:54:16,0.0,valve2,2.csv
2020-03-09 16:54:17,0.0,valve2,2.csv
2020-03-09 16:54:18,0.0,valve2,2.csv
2020-03-09 16:54:19,0.0,valve2,2.csv
2020-03-09 16:54:20,0.0,valve2,2.csv
2020-03-09 16:54:21,0.0,valve2,2.csv
2020-03-09 16:54:23,0.0,valve2,2.csv
2020-03-09 16:54:24,0.0,valve2,2.csv
2020-03-09 16:54:25,0.0,valve2,2.csv
2020-03-09 16:54:26,0.0,valve2,2.csv
2020-03-09 16:54:27,0.0,valve2,2.csv
2020-03-09 16:54:28,0.0,valve2,2.csv
2020-03-09 16:54:29,0.0,valve2,2.csv
2020-03-09 16:54:30,0.0,valve2,2.csv
2020-03-09 16:54:31,0.0,valve2,2.csv
2020-03-09 16:54:32,0.0,valve2,2.csv
2020-03-09 16:54:33,0.0,valve2,2.csv
2020-03-09 16:54:34,0.0,valve2,2.csv
2020-03-09 16:54:35,0.0,valve2,2.csv
2020-03-09 16:54:36,0.0,valve2,2.csv
2020-03-09 16:54:37,0.0,valve2,2.csv
2020-03-09 16:54:39,0.0,valve2,2.csv
2020-03-09 16:54:40,0.0,valve2,2.csv
2020-03-09 16:54:41,0.0,valve2,2.csv
2020-03-09 16:54:42,0.0,valve2,2.csv
2020-03-09 16:54:43,0.0,valve2,2.csv
2020-03-09 16:54:44,0.0,valve2,2.csv
2020-03-09 16:54:45,0.0,valve2,2.csv
2020-03-09 16:54:46,0.0,valve2,2.csv
2020-03-09 16:54:47,0.0,valve2,2.csv
2020-03-09 16:54:48,0.0,valve2,2.csv
2020-03-09 16:54:49,0.0,valve2,2.csv
2020-03-09 16:54:50,0.0,valve2,2.csv
2020-03-09 16:54:51,0.0,valve2,2.csv
2020-03-09 16:54:52,0.0,valve2,2.csv
2020-03-09 16:54:54,0.0,valve2,2.csv
2020-03-09 16:54:55,0.0,valve2,2.csv
2020-03-09 16:54:56,0.0,valve2,2.csv
2020-03-09 16:54:57,0.0,valve2,2.csv
2020-03-09 16:54:58,0.0,valve2,2.csv
2020-03-09 16:54:59,0.0,valve2,2.csv
2020-03-09 16:55:01,0.0,valve2,2.csv
2020-03-09 16:55:02,0.0,valve2,2.csv
2020-03-09 16:55:03,0.0,valve2,2.csv
2020-03-09 16:55:04,0.0,valve2,2.csv
2020-03-09 16:55:05,0.0,valve2,2.csv
2020-03-09 16:55:06,0.0,valve2,2.csv
2020-03-09 16:55:07,0.0,valve2,2.csv
2020-03-09 16:55:08,0.0,valve2,2.csv
2020-03-09 16:55:09,0.0,valve2,2.csv
2020-03-09 16:55:10,0.0,valve2,2.csv
2020-03-09 16:55:11,0.0,valve2,2.csv
2020-03-09 16:55:12,0.0,valve2,2.csv
2020-03-09 16:55:13,0.0,valve2,2.csv
2020-03-09 16:55:14,0.0,valve2,2.csv
2020-03-09 16:55:15,0.0,valve2,2.csv
2020-03-09 16:55:16,0.0,valve2,2.csv
2020-03-09 16:55:18,0.0,valve2,2.csv
2020-03-09 16:55:19,0.0,valve2,2.csv
2020-03-09 16:55:20,0.0,valve2,2.csv
2020-03-09 16:55:21,0.0,valve2,2.csv
2020-03-09 16:55:22,0.0,valve2,2.csv
2020-03-09 16:55:23,0.0,valve2,2.csv
2020-03-09 16:55:24,0.0,valve2,2.csv
2020-03-09 16:55:25,0.0,valve2,2.csv
2020-03-09 16:55:26,0.0,valve2,2.csv
2020-03-09 16:55:27,0.0,valve2,2.csv
2020-03-09 16:55:28,0.0,valve2,2.csv
2020-03-09 16:55:29,0.0,valve2,2.csv
2020-03-09 16:55:30,0.0,valve2,2.csv
2020-03-09 16:55:31,0.0,valve2,2.csv
2020-03-09 16:55:32,0.0,valve2,2.csv
2020-03-09 16:55:33,0.0,valve2,2.csv
2020-03-09 16:55:34,0.0,valve2,2.csv
2020-03-09 16:55:35,0.0,valve2,2.csv
2020-03-09 16:55:37,0.0,valve2,2.csv
2020-03-09 16:55:38,0.0,valve2,2.csv
2020-03-09 16:55:39,0.0,valve2,2.csv
2020-03-09 16:55:40,0.0,valve2,2.csv
2020-03-09 16:55:41,0.0,valve2,2.csv
2020-03-09 16:55:42,0.0,valve2,2.csv
2020-03-09 16:55:43,0.0,valve2,2.csv
2020-03-09 16:55:44,0.0,valve2,2.csv
2020-03-09 16:55:45,0.0,valve2,2.csv
2020-03-09 16:55:46,0.0,valve2,2.csv
2020-03-09 16:55:47,0.0,valve2,2.csv
2020-03-09 16:55:48,0.0,valve2,2.csv
2020-03-09 16:55:49,0.0,valve2,2.csv
2020-03-09 16:55:50,0.0,valve2,2.csv
2020-03-09 16:55:51,0.0,valve2,2.csv
2020-03-09 16:55:52,0.0,valve2,2.csv
2020-03-09 16:55:53,0.0,valve2,2.csv
2020-03-09 16:55:55,0.0,valve2,2.csv
2020-03-09 16:55:56,0.0,valve2,2.csv
2020-03-09 16:55:57,0.0,valve2,2.csv
2020-03-09 16:55:58,0.0,valve2,2.csv
2020-03-09 16:55:59,0.0,valve2,2.csv
2020-03-09 16:56:00,0.0,valve2,2.csv
2020-03-09 16:56:01,0.0,valve2,2.csv
2020-03-09 16:56:02,0.0,valve2,2.csv
2020-03-09 16:56:03,0.0,valve2,2.csv
2020-03-09 16:56:04,0.0,valve2,2.csv
2020-03-09 16:56:05,0.0,valve2,2.csv
2020-03-09 16:56:06,0.0,valve2,2.csv
2020-03-09 16:56:07,0.0,valve2,2.csv
2020-03-09 16:56:08,0.0,valve2,2.csv
2020-03-09 16:56:09,0.0,valve2,2.csv
2020-03-09 16:56:10,0.0,valve2,2.csv
2020-03-09 16:56:11,0.0,valve2,2.csv
2020-03-09 16:56:12,0.0,valve2,2.csv
2020-03-09 16:56:14,0.0,valve2,2.csv
2020-03-09 16:56:15,0.0,valve2,2.csv
2020-03-09 16:56:16,0.0,valve2,2.csv
2020-03-09 16:56:17,0.0,valve2,2.csv
2020-03-09 16:56:18,0.0,valve2,2.csv
2020-03-09 16:56:19,0.0,valve2,2.csv
2020-03-09 16:56:20,0.0,valve2,2.csv
2020-03-09 16:56:21,0.0,valve2,2.csv
2020-03-09 16:56:22,0.0,valve2,2.csv
2020-03-09 16:56:23,0.0,valve2,2.csv
2020-03-09 16:56:24,0.0,valve2,2.csv
2020-03-09 16:56:25,0.0,valve2,2.csv
2020-03-09 16:56:26,0.0,valve2,2.csv
2020-03-09 16:56:28,0.0,valve2,2.csv
2020-03-09 16:56:29,0.0,valve2,2.csv
2020-03-09 16:56:30,0.0,valve2,2.csv
