dataset,model,seed,fold,window_index,y_true,y_pred,score,threshold
batadal,cnn,42,0,0,0,0,0.09418459236621857,0.1144268065690994
batadal,cnn,42,0,1,0,0,0.08456522971391678,0.1144268065690994
batadal,cnn,42,0,2,0,0,0.09024129807949066,0.1144268065690994
batadal,cnn,42,0,3,0,0,0.09651654213666916,0.1144268065690994
batadal,cnn,42,0,4,0,0,0.09259253740310669,0.1144268065690994
batadal,cnn,42,0,5,0,0,0.09498997032642365,0.1144268065690994
batadal,cnn,42,0,6,0,0,0.09710557758808136,0.1144268065690994
batadal,cnn,42,0,7,0,0,0.09169244766235352,0.1144268065690994
batadal,cnn,42,0,8,0,0,0.09297780692577362,0.1144268065690994
batadal,cnn,42,0,9,0,0,0.09715745598077774,0.1144268065690994
batadal,cnn,42,0,10,0,0,0.10220389068126678,0.1144268065690994
batadal,cnn,42,0,11,0,0,0.10530354827642441,0.1144268065690994
batadal,cnn,42,0,12,0,0,0.10130874812602997,0.1144268065690994
batadal,cnn,42,0,13,0,0,0.0947350338101387,0.1144268065690994
batadal,cnn,42,0,14,0,0,0.09509528428316116,0.1144268065690994
batadal,cnn,42,0,15,0,0,0.0906122624874115,0.1144268065690994
batadal,cnn,42,0,16,0,0,0.09157875180244446,0.1144268065690994
batadal,cnn,42,0,17,0,0,0.09794548898935318,0.1144268065690994
batadal,cnn,42,0,18,0,0,0.09526067972183228,0.1144268065690994
batadal,cnn,42,0,19,0,0,0.09361834824085236,0.1144268065690994
batadal,cnn,42,0,20,0,0,0.09757676720619202,0.1144268065690994
batadal,cnn,42,0,21,0,0,0.10761961340904236,0.1144268065690994
batadal,cnn,42,0,22,0,0,0.09312848746776581,0.1144268065690994
batadal,cnn,42,0,23,0,0,0.09908398985862732,0.1144268065690994
batadal,cnn,42,0,24,0,0,0.09689917415380478,0.1144268065690994
batadal,cnn,42,0,25,0,0,0.09143951535224915,0.1144268065690994
batadal,cnn,42,0,26,0,0,0.08977755904197693,0.1144268065690994
batadal,cnn,42,0,27,0,0,0.09458964318037033,0.1144268065690994
batadal,cnn,42,0,28,0,0,0.0935729444026947,0.1144268065690994
batadal,cnn,42,0,29,0,0,0.09401136636734009,0.1144268065690994
batadal,cnn,42,0,30,0,0,0.09594614058732986,0.1144268065690994
batadal,cnn,42,0,31,0,0,0.08661086112260818,0.1144268065690994
batadal,cnn,42,0,32,0,0,0.08556707203388214,0.1144268065690994
batadal,cnn,42,0,33,0,0,0.09639538824558258,0.1144268065690994
batadal,cnn,42,0,34,0,0,0.09123649448156357,0.1144268065690994
batadal,cnn,42,0,35,0,0,0.09319117665290833,0.1144268065690994
batadal,cnn,42,0,36,0,0,0.08593658357858658,0.1144268065690994
batadal,cnn,42,0,37,0,0,0.08935730904340744,0.1144268065690994
batadal,cnn,42,0,38,0,0,0.07573849707841873,0.1144268065690994
batadal,cnn,42,0,39,0,0,0.09479644149541855,0.1144268065690994
batadal,cnn,42,0,40,0,0,0.09192384034395218,0.1144268065690994
batadal,cnn,42,0,41,0,0,0.08774080872535706,0.1144268065690994
batadal,cnn,42,0,42,0,0,0.08258084952831268,0.1144268065690994
batadal,cnn,42,0,43,0,0,0.08501988649368286,0.1144268065690994
batadal,cnn,42,0,44,0,0,0.08477561920881271,0.1144268065690994
batadal,cnn,42,0,45,0,0,0.07712584733963013,0.1144268065690994
batadal,cnn,42,0,46,0,0,0.08988025039434433,0.1144268065690994
batadal,cnn,42,0,47,0,0,0.09003374725580215,0.1144268065690994
batadal,cnn,42,0,48,0,0,0.08958963304758072,0.1144268065690994
batadal,cnn,42,0,49,0,0,0.09190648049116135,0.1144268065690994
batadal,cnn,42,0,50,0,0,0.09126820415258408,0.1144268065690994
batadal,cnn,42,0,51,0,0,0.09369120746850967,0.1144268065690994
batadal,cnn,42,0,52,0,0,0.09641885757446289,0.1144268065690994
batadal,cnn,42,0,53,0,0,0.0918116569519043,0.1144268065690994
batadal,cnn,42,0,54,0,0,0.08438979089260101,0.1144268065690994
batadal,cnn,42,0,55,0,0,0.09068542718887329,0.1144268065690994
batadal,cnn,42,0,56,0,0,0.08010274171829224,0.1144268065690994
batadal,cnn,42,0,57,0,0,0.07286775857210159,0.1144268065690994
batadal,cnn,42,0,58,0,0,0.08523719012737274,0.1144268065690994
batadal,cnn,42,0,59,0,0,0.08673056960105896,0.1144268065690994
batadal,cnn,42,0,60,0,0,0.07296087592840195,0.1144268065690994
batadal,cnn,42,0,61,0,0,0.08201798796653748,0.1144268065690994
batadal,cnn,42,0,62,0,0,0.08855986595153809,0.1144268065690994
batadal,cnn,42,0,63,0,0,0.07961338758468628,0.1144268065690994
batadal,cnn,42,0,64,0,0,0.07857809960842133,0.1144268065690994
batadal,cnn,42,0,65,0,0,0.08857005089521408,0.1144268065690994
batadal,cnn,42,0,66,0,0,0.07866138964891434,0.1144268065690994
batadal,cnn,42,0,67,0,0,0.08252865076065063,0.1144268065690994
batadal,cnn,42,0,68,1,0,0.0811150074005127,0.1144268065690994
batadal,cnn,42,0,69,1,0,0.07725200802087784,0.1144268065690994
batadal,cnn,42,0,70,1,0,0.07585857063531876,0.1144268065690994
batadal,cnn,42,0,71,1,0,0.08399598300457001,0.1144268065690994
batadal,cnn,42,0,72,1,0,0.07845921069383621,0.1144268065690994
batadal,cnn,42,0,73,1,0,0.08024526387453079,0.1144268065690994
batadal,cnn,42,0,74,1,0,0.08079124242067337,0.1144268065690994
batadal,cnn,42,0,75,1,0,0.08467991650104523,0.1144268065690994
batadal,cnn,42,0,76,1,0,0.08630881458520889,0.1144268065690994
batadal,cnn,42,0,77,1,0,0.09577276557683945,0.1144268065690994
batadal,cnn,42,0,78,1,0,0.09614552557468414,0.1144268065690994
batadal,cnn,42,0,79,1,0,0.09264673292636871,0.1144268065690994
batadal,cnn,42,0,80,1,0,0.09135917574167252,0.1144268065690994
batadal,cnn,42,0,81,1,0,0.08067121356725693,0.1144268065690994
batadal,cnn,42,0,82,1,0,0.0870278924703598,0.1144268065690994
batadal,cnn,42,0,83,1,0,0.09230577200651169,0.1144268065690994
batadal,cnn,42,0,84,1,0,0.07702139019966125,0.1144268065690994
batadal,cnn,42,0,85,1,0,0.06710010766983032,0.1144268065690994
batadal,cnn,42,0,86,1,0,0.07059285789728165,0.1144268065690994
batadal,cnn,42,0,87,1,0,0.0719214454293251,0.1144268065690994
batadal,cnn,42,0,88,1,0,0.0678633600473404,0.1144268065690994
batadal,cnn,42,0,89,1,0,0.07277586311101913,0.1144268065690994
batadal,cnn,42,0,90,1,0,0.07575665414333344,0.1144268065690994
batadal,cnn,42,0,91,1,0,0.08227583765983582,0.1144268065690994
batadal,cnn,42,0,92,1,0,0.08056081831455231,0.1144268065690994
batadal,cnn,42,0,93,1,0,0.07867159694433212,0.1144268065690994
batadal,cnn,42,0,94,1,0,0.07537854462862015,0.1144268065690994
batadal,cnn,42,0,95,1,0,0.08086851239204407,0.1144268065690994
batadal,cnn,42,0,96,1,0,0.08347579836845398,0.1144268065690994
batadal,cnn,42,0,97,1,0,0.07605154812335968,0.1144268065690994
batadal,cnn,42,0,98,1,0,0.0737314224243164,0.1144268065690994
batadal,cnn,42,0,99,1,0,0.07777013629674911,0.1144268065690994
batadal,cnn,42,0,100,1,0,0.07456085830926895,0.1144268065690994
batadal,cnn,42,0,101,1,0,0.07481589913368225,0.1144268065690994
batadal,cnn,42,0,102,1,0,0.08729434013366699,0.1144268065690994
batadal,cnn,42,0,103,1,0,0.08281952887773514,0.1144268065690994
batadal,cnn,42,0,104,1,0,0.09398147463798523,0.1144268065690994
batadal,cnn,42,0,105,1,0,0.08455930650234222,0.1144268065690994
batadal,cnn,42,0,106,1,0,0.08764920383691788,0.1144268065690994
batadal,cnn,42,0,107,1,0,0.08051767945289612,0.1144268065690994
batadal,cnn,42,0,108,1,0,0.0914059430360794,0.1144268065690994
batadal,cnn,42,0,109,1,0,0.08677352964878082,0.1144268065690994
batadal,cnn,42,0,110,1,0,0.07886051386594772,0.1144268065690994
batadal,cnn,42,0,111,1,0,0.0809045284986496,0.1144268065690994
batadal,cnn,42,0,112,1,0,0.08311796188354492,0.1144268065690994
batadal,cnn,42,0,113,1,0,0.08403301984071732,0.1144268065690994
batadal,cnn,42,0,114,1,0,0.0847247913479805,0.1144268065690994
batadal,cnn,42,0,115,1,0,0.08863469213247299,0.1144268065690994
batadal,cnn,42,0,116,1,0,0.08172613382339478,0.1144268065690994
batadal,cnn,42,0,117,1,0,0.07364422082901001,0.1144268065690994
batadal,cnn,42,0,118,1,0,0.0798720121383667,0.1144268065690994
batadal,cnn,42,0,119,1,0,0.08348118513822556,0.1144268065690994
batadal,cnn,42,0,120,1,0,0.06722665578126907,0.1144268065690994
batadal,cnn,42,0,121,1,0,0.07948336750268936,0.1144268065690994
batadal,cnn,42,0,122,1,0,0.07757879048585892,0.1144268065690994
batadal,cnn,42,0,123,1,0,0.08042965829372406,0.1144268065690994
batadal,cnn,42,0,124,1,0,0.08223095536231995,0.1144268065690994
batadal,cnn,42,0,125,1,0,0.08604175597429276,0.1144268065690994
batadal,cnn,42,0,126,1,0,0.08630804717540741,0.1144268065690994
batadal,cnn,42,0,127,1,0,0.08542674034833908,0.1144268065690994
batadal,cnn,42,0,128,1,0,0.08580567687749863,0.1144268065690994
batadal,cnn,42,0,129,1,0,0.08391707390546799,0.1144268065690994
batadal,cnn,42,0,130,1,0,0.08046728372573853,0.1144268065690994
batadal,cnn,42,0,131,1,0,0.0918697640299797,0.1144268065690994
batadal,cnn,42,0,132,1,0,0.09407097846269608,0.1144268065690994
batadal,cnn,42,0,133,1,0,0.08240175992250443,0.1144268065690994
batadal,cnn,42,0,134,1,0,0.0862889513373375,0.1144268065690994
batadal,cnn,42,0,135,1,0,0.0868820771574974,0.1144268065690994
batadal,cnn,42,0,136,1,0,0.08392142504453659,0.1144268065690994
batadal,cnn,42,0,137,1,0,0.08436580747365952,0.1144268065690994
batadal,cnn,42,0,138,1,0,0.0841260626912117,0.1144268065690994
batadal,cnn,42,0,139,1,0,0.08084188401699066,0.1144268065690994
batadal,cnn,42,0,140,1,0,0.08253847062587738,0.1144268065690994
batadal,cnn,42,0,141,1,0,0.08256466686725616,0.1144268065690994
batadal,cnn,42,0,142,1,0,0.07662380486726761,0.1144268065690994
batadal,cnn,42,0,143,1,0,0.07399491965770721,0.1144268065690994
batadal,cnn,42,0,144,1,0,0.0784565657377243,0.1144268065690994
batadal,cnn,42,0,145,1,0,0.06573054939508438,0.1144268065690994
batadal,cnn,42,0,146,1,0,0.07582925260066986,0.1144268065690994
batadal,cnn,42,0,147,1,0,0.0749993622303009,0.1144268065690994
batadal,cnn,42,0,148,1,0,0.07786911725997925,0.1144268065690994
batadal,cnn,42,0,149,1,0,0.07566831260919571,0.1144268065690994
batadal,cnn,42,0,150,1,0,0.09407832473516464,0.1144268065690994
batadal,cnn,42,0,151,1,0,0.08161284774541855,0.1144268065690994
batadal,cnn,42,0,152,1,0,0.08652067929506302,0.1144268065690994
batadal,cnn,42,0,153,1,0,0.0731855109333992,0.1144268065690994
batadal,cnn,42,0,154,1,0,0.08303474634885788,0.1144268065690994
batadal,cnn,42,0,155,1,0,0.08071647584438324,0.1144268065690994
batadal,cnn,42,0,156,1,0,0.07790833711624146,0.1144268065690994
batadal,cnn,42,0,157,1,0,0.07211866229772568,0.1144268065690994
batadal,cnn,42,0,158,1,0,0.08329064399003983,0.1144268065690994
batadal,cnn,42,0,159,1,0,0.08083701878786087,0.1144268065690994
batadal,cnn,42,0,160,1,0,0.0786459743976593,0.1144268065690994
batadal,cnn,42,0,161,1,0,0.08103875070810318,0.1144268065690994
batadal,cnn,42,0,162,1,0,0.0848839059472084,0.1144268065690994
batadal,cnn,42,0,163,1,0,0.07989808171987534,0.1144268065690994
batadal,cnn,42,0,164,1,0,0.08846984058618546,0.1144268065690994
batadal,cnn,42,0,165,1,0,0.07691808044910431,0.1144268065690994
batadal,cnn,42,0,166,1,0,0.09223205596208572,0.1144268065690994
batadal,cnn,42,0,167,1,0,0.08555907011032104,0.1144268065690994
batadal,cnn,42,0,168,1,0,0.09297126531600952,0.1144268065690994
batadal,cnn,42,0,169,1,0,0.08648919314146042,0.1144268065690994
batadal,cnn,42,0,170,1,0,0.09067126363515854,0.1144268065690994
batadal,cnn,42,0,171,1,0,0.08645360171794891,0.1144268065690994
batadal,cnn,42,0,172,1,0,0.09115137159824371,0.1144268065690994
batadal,cnn,42,0,173,1,0,0.08446884155273438,0.1144268065690994
batadal,cnn,42,0,174,0,0,0.09355980902910233,0.1144268065690994
batadal,cnn,42,0,175,0,0,0.07644180953502655,0.1144268065690994
batadal,cnn,42,0,176,0,0,0.0839821845293045,0.1144268065690994
batadal,cnn,42,0,177,0,0,0.07957654446363449,0.1144268065690994
batadal,cnn,42,0,178,0,0,0.08894485235214233,0.1144268065690994
batadal,cnn,42,0,179,0,0,0.07595095038414001,0.1144268065690994
batadal,cnn,42,0,180,0,0,0.08343996107578278,0.1144268065690994
batadal,cnn,42,0,181,0,0,0.07960095256567001,0.1144268065690994
batadal,cnn,42,0,182,0,0,0.081258125603199,0.1144268065690994
batadal,cnn,42,0,183,0,0,0.08467660844326019,0.1144268065690994
batadal,cnn,42,0,184,0,0,0.08984791487455368,0.1144268065690994
batadal,cnn,42,0,185,0,0,0.08430323004722595,0.1144268065690994
batadal,cnn,42,0,186,0,0,0.08543259650468826,0.1144268065690994
batadal,cnn,42,0,187,0,0,0.0829898864030838,0.1144268065690994
batadal,cnn,42,0,188,0,0,0.08656146377325058,0.1144268065690994
batadal,cnn,42,0,189,0,0,0.07699011266231537,0.1144268065690994
batadal,cnn,42,0,190,0,0,0.08345957845449448,0.1144268065690994
batadal,cnn,42,0,191,0,0,0.08219695836305618,0.1144268065690994
batadal,cnn,42,0,192,0,0,0.08888043463230133,0.1144268065690994
batadal,cnn,42,0,193,0,0,0.07844403386116028,0.1144268065690994
batadal,cnn,42,0,194,0,0,0.0897892639040947,0.1144268065690994
batadal,cnn,42,0,195,0,0,0.0801854059100151,0.1144268065690994
batadal,cnn,42,0,196,0,0,0.09498464316129684,0.1144268065690994
batadal,cnn,42,0,197,0,0,0.08519428968429565,0.1144268065690994
batadal,cnn,42,0,198,0,0,0.09809830784797668,0.1144268065690994
batadal,cnn,42,0,199,0,0,0.08105895668268204,0.1144268065690994
batadal,cnn,42,0,200,0,0,0.0987451821565628,0.1144268065690994
batadal,cnn,42,0,201,0,0,0.08509799838066101,0.1144268065690994
batadal,cnn,42,0,202,0,0,0.0905042365193367,0.1144268065690994
batadal,cnn,42,0,203,0,0,0.08558076620101929,0.1144268065690994
batadal,cnn,42,0,204,0,0,0.08754447102546692,0.1144268065690994
batadal,cnn,42,0,205,0,0,0.06927729398012161,0.1144268065690994
batadal,cnn,42,0,206,0,0,0.08668658137321472,0.1144268065690994
batadal,cnn,42,0,207,0,0,0.07875040918588638,0.1144268065690994
batadal,cnn,42,0,208,0,0,0.0794905498623848,0.1144268065690994
batadal,cnn,42,0,209,0,0,0.07445820420980453,0.1144268065690994
batadal,cnn,42,0,210,0,0,0.0891185775399208,0.1144268065690994
batadal,cnn,42,0,211,0,0,0.0726131871342659,0.1144268065690994
batadal,cnn,42,0,212,0,0,0.07595125585794449,0.1144268065690994
batadal,cnn,42,0,213,0,0,0.06741777062416077,0.1144268065690994
batadal,cnn,42,0,214,0,0,0.08880197256803513,0.1144268065690994
batadal,cnn,42,0,215,0,0,0.08018095046281815,0.1144268065690994
batadal,cnn,42,0,216,0,0,0.08325659483671188,0.1144268065690994
batadal,cnn,42,0,217,0,0,0.08012210577726364,0.1144268065690994
batadal,cnn,42,0,218,0,0,0.09304894506931305,0.1144268065690994
batadal,cnn,42,0,219,0,0,0.08064280450344086,0.1144268065690994
batadal,cnn,42,0,220,0,0,0.0993025004863739,0.1144268065690994
batadal,cnn,42,0,221,0,0,0.09548625349998474,0.1144268065690994
batadal,cnn,42,0,222,0,0,0.10556182265281677,0.1144268065690994
batadal,cnn,42,0,223,0,0,0.08971424400806427,0.1144268065690994
batadal,cnn,42,0,224,0,0,0.0888919085264206,0.1144268065690994
batadal,cnn,42,0,225,0,0,0.08618507534265518,0.1144268065690994
batadal,cnn,42,0,226,0,0,0.09190801531076431,0.1144268065690994
batadal,cnn,42,0,227,0,0,0.08076517283916473,0.1144268065690994
batadal,cnn,42,0,228,0,0,0.09265958517789841,0.1144268065690994
batadal,cnn,42,0,229,0,0,0.08446571975946426,0.1144268065690994
batadal,cnn,42,0,230,0,0,0.08421382308006287,0.1144268065690994
batadal,cnn,42,0,231,0,0,0.08514757454395294,0.1144268065690994
batadal,cnn,42,0,232,0,0,0.08785458654165268,0.1144268065690994
batadal,cnn,42,0,233,0,0,0.08611863106489182,0.1144268065690994
batadal,cnn,42,0,234,0,0,0.09166025370359421,0.1144268065690994
batadal,cnn,42,0,235,0,0,0.08422815054655075,0.1144268065690994
batadal,cnn,42,0,236,0,0,0.07699981331825256,0.1144268065690994
batadal,cnn,42,0,237,0,0,0.07504993677139282,0.1144268065690994
batadal,cnn,42,0,238,0,0,0.08016607165336609,0.1144268065690994
batadal,cnn,42,0,239,0,0,0.0803493782877922,0.1144268065690994
batadal,cnn,42,0,240,0,0,0.08711930364370346,0.1144268065690994
batadal,cnn,42,0,241,0,0,0.0848887637257576,0.1144268065690994
batadal,cnn,42,0,242,0,0,0.09023430943489075,0.1144268065690994
batadal,cnn,42,0,243,0,0,0.08607755601406097,0.1144268065690994
batadal,cnn,42,0,244,0,0,0.08901195228099823,0.1144268065690994
batadal,cnn,42,0,245,0,0,0.08807435631752014,0.1144268065690994
batadal,cnn,42,0,246,0,0,0.0979330986738205,0.1144268065690994
batadal,cnn,42,0,247,0,0,0.09087438881397247,0.1144268065690994
batadal,cnn,42,0,248,0,0,0.08999140560626984,0.1144268065690994
batadal,cnn,42,0,249,0,0,0.09592339396476746,0.1144268065690994
batadal,cnn,42,0,250,0,0,0.09152620285749435,0.1144268065690994
batadal,cnn,42,0,251,0,0,0.09321809560060501,0.1144268065690994
batadal,cnn,42,0,252,0,0,0.09480234980583191,0.1144268065690994
batadal,cnn,42,0,253,0,0,0.08557172119617462,0.1144268065690994
batadal,cnn,42,0,254,0,0,0.09099719673395157,0.1144268065690994
batadal,cnn,42,0,255,0,0,0.08689375221729279,0.1144268065690994
batadal,cnn,42,0,256,0,0,0.09236083924770355,0.1144268065690994
batadal,cnn,42,0,257,0,0,0.09016618877649307,0.1144268065690994
batadal,cnn,42,0,258,0,0,0.09154157340526581,0.1144268065690994
batadal,cnn,42,0,259,0,0,0.1012624055147171,0.1144268065690994
batadal,cnn,42,0,260,0,0,0.09367368370294571,0.1144268065690994
batadal,cnn,42,0,261,0,0,0.08940616250038147,0.1144268065690994
batadal,cnn,42,0,262,0,0,0.09066701680421829,0.1144268065690994
batadal,cnn,42,0,263,0,0,0.0821962058544159,0.1144268065690994
batadal,cnn,42,0,264,0,0,0.08376765251159668,0.1144268065690994
batadal,cnn,42,0,265,0,0,0.07399900257587433,0.1144268065690994
batadal,cnn,42,0,266,0,0,0.07966429740190506,0.1144268065690994
batadal,cnn,42,0,267,0,0,0.0822606310248375,0.1144268065690994
batadal,cnn,42,0,268,0,0,0.08547554910182953,0.1144268065690994
batadal,cnn,42,0,269,0,0,0.08156175911426544,0.1144268065690994
batadal,cnn,42,0,270,0,0,0.0913035124540329,0.1144268065690994
batadal,cnn,42,0,271,0,0,0.09185657650232315,0.1144268065690994
batadal,cnn,42,0,272,0,0,0.09078545868396759,0.1144268065690994
batadal,cnn,42,0,273,0,0,0.09092012047767639,0.1144268065690994
batadal,cnn,42,0,274,0,0,0.10630323737859726,0.1144268065690994
batadal,cnn,42,0,275,0,0,0.08681981265544891,0.1144268065690994
batadal,cnn,42,0,276,0,0,0.08796830475330353,0.1144268065690994
batadal,cnn,42,0,277,0,0,0.08869204670190811,0.1144268065690994
batadal,cnn,42,0,278,0,0,0.09157302230596542,0.1144268065690994
batadal,cnn,42,0,279,0,0,0.08538061380386353,0.1144268065690994
batadal,cnn,42,0,280,0,0,0.09329912066459656,0.1144268065690994
batadal,cnn,42,0,281,0,0,0.0968887135386467,0.1144268065690994
batadal,cnn,42,0,282,0,0,0.09612065553665161,0.1144268065690994
batadal,cnn,42,0,283,0,0,0.08625112473964691,0.1144268065690994
batadal,cnn,42,0,284,0,0,0.08743317425251007,0.1144268065690994
batadal,cnn,42,0,285,0,0,0.1077742874622345,0.1144268065690994
batadal,cnn,42,0,286,0,0,0.08146064728498459,0.1144268065690994
batadal,cnn,42,0,287,0,0,0.09592270851135254,0.1144268065690994
batadal,cnn,42,0,288,0,0,0.1082734689116478,0.1144268065690994
batadal,cnn,42,0,289,0,0,0.110204316675663,0.1144268065690994
batadal,cnn,42,0,290,0,0,0.09338109195232391,0.1144268065690994
batadal,cnn,42,0,291,0,0,0.10716173052787781,0.1144268065690994
batadal,cnn,42,0,292,0,1,0.11476188898086548,0.1144268065690994
batadal,cnn,42,0,293,0,0,0.11167450249195099,0.1144268065690994
batadal,cnn,42,0,294,0,1,0.11993683129549026,0.1144268065690994
batadal,cnn,42,0,295,0,0,0.11433563381433487,0.1144268065690994
batadal,cnn,42,0,296,0,0,0.11245877295732498,0.1144268065690994
batadal,cnn,42,0,297,0,0,0.10308770090341568,0.1144268065690994
batadal,cnn,42,0,298,0,0,0.10847257822751999,0.1144268065690994
batadal,cnn,42,0,299,0,0,0.10752177238464355,0.1144268065690994
batadal,cnn,42,0,300,0,0,0.1096586287021637,0.1144268065690994
batadal,cnn,42,0,301,1,1,0.11830806732177734,0.1144268065690994
batadal,cnn,42,0,302,1,0,0.10654909908771515,0.1144268065690994
batadal,cnn,42,0,303,1,0,0.11409572511911392,0.1144268065690994
batadal,cnn,42,0,304,1,1,0.1228976920247078,0.1144268065690994
batadal,cnn,42,0,305,1,1,0.11692759394645691,0.1144268065690994
batadal,cnn,42,0,306,1,1,0.1179094910621643,0.1144268065690994
batadal,cnn,42,0,307,1,1,0.12038183957338333,0.1144268065690994
batadal,cnn,42,0,308,1,1,0.11621782928705215,0.1144268065690994
batadal,cnn,42,0,309,1,1,0.12344990670681,0.1144268065690994
batadal,cnn,42,0,310,1,1,0.12153807282447815,0.1144268065690994
batadal,cnn,42,0,311,1,0,0.10765459388494492,0.1144268065690994
batadal,cnn,42,0,312,1,0,0.10989412665367126,0.1144268065690994
batadal,cnn,42,0,313,1,1,0.12003101408481598,0.1144268065690994
batadal,cnn,42,0,314,1,1,0.11507119983434677,0.1144268065690994
batadal,cnn,42,0,315,1,1,0.11617527902126312,0.1144268065690994
batadal,cnn,42,0,316,1,1,0.13406819105148315,0.1144268065690994
batadal,cnn,42,0,317,1,1,0.13165202736854553,0.1144268065690994
batadal,cnn,42,0,318,1,1,0.13753506541252136,0.1144268065690994
batadal,cnn,42,0,319,1,1,0.11447181552648544,0.1144268065690994
batadal,cnn,42,0,320,1,0,0.11439778655767441,0.1144268065690994
batadal,cnn,42,0,321,1,1,0.1191401481628418,0.1144268065690994
batadal,cnn,42,0,322,1,0,0.1125786229968071,0.1144268065690994
batadal,cnn,42,0,323,1,1,0.11449295282363892,0.1144268065690994
batadal,cnn,42,0,324,1,1,0.12510505318641663,0.1144268065690994
batadal,cnn,42,0,325,1,0,0.11040537059307098,0.1144268065690994
batadal,cnn,42,0,326,1,0,0.10635339468717575,0.1144268065690994
batadal,cnn,42,0,327,1,0,0.1112401932477951,0.1144268065690994
batadal,cnn,42,0,328,1,1,0.12515829503536224,0.1144268065690994
batadal,cnn,42,0,329,1,1,0.11885374784469604,0.1144268065690994
batadal,cnn,42,0,330,1,1,0.12369832396507263,0.1144268065690994
batadal,cnn,42,0,331,1,1,0.12012962251901627,0.1144268065690994
batadal,cnn,42,0,332,1,0,0.11151543259620667,0.1144268065690994
batadal,cnn,42,0,333,1,1,0.12405728548765182,0.1144268065690994
batadal,cnn,42,0,334,1,1,0.1279149353504181,0.1144268065690994
batadal,cnn,42,0,335,1,1,0.1340983659029007,0.1144268065690994
batadal,cnn,42,0,336,1,1,0.13949446380138397,0.1144268065690994
batadal,cnn,42,0,337,1,1,0.1266755610704422,0.1144268065690994
batadal,cnn,42,0,338,1,0,0.1108163520693779,0.1144268065690994
batadal,cnn,42,0,339,1,0,0.11095193028450012,0.1144268065690994
batadal,cnn,42,0,340,1,1,0.12333156913518906,0.1144268065690994
batadal,cnn,42,0,341,1,1,0.13683246076107025,0.1144268065690994
batadal,cnn,42,0,342,1,1,0.14036133885383606,0.1144268065690994
batadal,cnn,42,0,343,1,1,0.13240684568881989,0.1144268065690994
batadal,cnn,42,0,344,1,1,0.12306562066078186,0.1144268065690994
batadal,cnn,42,0,345,1,0,0.11293143033981323,0.1144268065690994
batadal,cnn,42,0,346,1,1,0.12666939198970795,0.1144268065690994
batadal,cnn,42,0,347,1,1,0.12888997793197632,0.1144268065690994
batadal,cnn,42,0,348,1,1,0.13209107518196106,0.1144268065690994
batadal,cnn,42,0,349,1,1,0.14249223470687866,0.1144268065690994
batadal,cnn,42,0,350,1,1,0.13036462664604187,0.1144268065690994
batadal,cnn,42,0,351,1,1,0.12586236000061035,0.1144268065690994
batadal,cnn,42,0,352,1,1,0.1237650141119957,0.1144268065690994
batadal,cnn,42,0,353,1,1,0.13901950418949127,0.1144268065690994
batadal,cnn,42,0,354,1,1,0.14032700657844543,0.1144268065690994
batadal,cnn,42,0,355,1,1,0.1340937465429306,0.1144268065690994
batadal,cnn,42,0,356,1,1,0.12608256936073303,0.1144268065690994
batadal,cnn,42,0,357,1,1,0.12957224249839783,0.1144268065690994
batadal,cnn,42,0,358,1,1,0.1332218199968338,0.1144268065690994
batadal,cnn,42,0,359,1,1,0.1341426521539688,0.1144268065690994
batadal,cnn,42,0,360,1,1,0.13465166091918945,0.1144268065690994
batadal,cnn,42,0,361,1,1,0.14713826775550842,0.1144268065690994
batadal,cnn,42,0,362,1,1,0.14409421384334564,0.1144268065690994
batadal,cnn,42,0,363,1,1,0.1444132775068283,0.1144268065690994
batadal,cnn,42,0,364,1,1,0.15650387108325958,0.1144268065690994
batadal,cnn,42,0,365,1,1,0.15684647858142853,0.1144268065690994
batadal,cnn,42,0,366,1,1,0.18340694904327393,0.1144268065690994
batadal,cnn,42,0,367,1,1,0.16618362069129944,0.1144268065690994
batadal,cnn,42,0,368,1,1,0.15794774889945984,0.1144268065690994
batadal,cnn,42,0,369,1,1,0.16027191281318665,0.1144268065690994
batadal,cnn,42,0,370,1,1,0.16476447880268097,0.1144268065690994
batadal,cnn,42,0,371,1,1,0.16442611813545227,0.1144268065690994
batadal,cnn,42,0,372,1,1,0.17922943830490112,0.1144268065690994
batadal,cnn,42,0,373,1,1,0.17910119891166687,0.1144268065690994
batadal,cnn,42,0,374,1,1,0.1677585244178772,0.1144268065690994
batadal,cnn,42,0,375,1,1,0.15688031911849976,0.1144268065690994
batadal,cnn,42,0,376,1,1,0.17198732495307922,0.1144268065690994
batadal,cnn,42,0,377,1,1,0.16459539532661438,0.1144268065690994
batadal,cnn,42,0,378,1,1,0.154107004404068,0.1144268065690994
batadal,cnn,42,0,379,1,1,0.16291216015815735,0.1144268065690994
batadal,cnn,42,0,380,1,1,0.17031395435333252,0.1144268065690994
batadal,cnn,42,0,381,1,1,0.16617074608802795,0.1144268065690994
batadal,cnn,42,0,382,1,1,0.1702815592288971,0.1144268065690994
batadal,cnn,42,0,383,1,1,0.1895192563533783,0.1144268065690994
batadal,cnn,42,0,384,1,1,0.17818902432918549,0.1144268065690994
batadal,cnn,42,0,385,1,1,0.16311630606651306,0.1144268065690994
batadal,cnn,42,0,386,1,1,0.14769817888736725,0.1144268065690994
batadal,cnn,42,0,387,1,1,0.14431746304035187,0.1144268065690994
batadal,cnn,42,0,388,1,1,0.15515939891338348,0.1144268065690994
batadal,cnn,42,0,389,1,1,0.16055023670196533,0.1144268065690994
batadal,cnn,42,0,390,1,1,0.17302845418453217,0.1144268065690994
batadal,cnn,42,0,391,1,1,0.15638762712478638,0.1144268065690994
batadal,cnn,42,0,392,1,1,0.15252618491649628,0.1144268065690994
batadal,cnn,42,0,393,1,1,0.13056842982769012,0.1144268065690994
batadal,cnn,42,0,394,1,1,0.14180298149585724,0.1144268065690994
batadal,cnn,42,0,395,1,1,0.14029079675674438,0.1144268065690994
batadal,cnn,42,0,396,1,1,0.15184295177459717,0.1144268065690994
batadal,cnn,42,0,397,1,1,0.15393400192260742,0.1144268065690994
batadal,cnn,42,0,398,1,1,0.14687466621398926,0.1144268065690994
batadal,cnn,42,0,399,1,1,0.1295068860054016,0.1144268065690994
batadal,cnn,42,0,400,1,1,0.12896156311035156,0.1144268065690994
batadal,cnn,42,0,401,1,1,0.1275925487279892,0.1144268065690994
batadal,cnn,42,0,402,1,1,0.13799113035202026,0.1144268065690994
batadal,cnn,42,0,403,1,1,0.12691152095794678,0.1144268065690994
batadal,cnn,42,0,404,1,1,0.12282136082649231,0.1144268065690994
batadal,cnn,42,0,405,1,0,0.11246319860219955,0.1144268065690994
batadal,cnn,42,0,406,1,1,0.12089256197214127,0.1144268065690994
batadal,cnn,42,0,407,1,1,0.13042987883090973,0.1144268065690994
batadal,cnn,42,0,408,1,1,0.13894954323768616,0.1144268065690994
batadal,cnn,42,0,409,1,1,0.14252889156341553,0.1144268065690994
batadal,cnn,42,0,410,1,1,0.13503403961658478,0.1144268065690994
batadal,cnn,42,0,411,1,1,0.11651872843503952,0.1144268065690994
batadal,cnn,42,0,412,1,1,0.1297755092382431,0.1144268065690994
batadal,cnn,42,0,413,1,1,0.12988786399364471,0.1144268065690994
batadal,cnn,42,0,414,1,1,0.12388010323047638,0.1144268065690994
batadal,cnn,42,0,415,1,1,0.12785562872886658,0.1144268065690994
batadal,cnn,42,0,416,1,1,0.13007852435112,0.1144268065690994
batadal,cnn,42,0,417,1,1,0.12457118183374405,0.1144268065690994
batadal,cnn,42,0,418,1,1,0.12511226534843445,0.1144268065690994
batadal,cnn,42,0,419,1,1,0.1167513057589531,0.1144268065690994
batadal,cnn,42,0,420,1,0,0.11354520916938782,0.1144268065690994
batadal,cnn,42,0,421,1,0,0.10384480655193329,0.1144268065690994
batadal,cnn,42,0,422,1,0,0.10910748690366745,0.1144268065690994
batadal,cnn,42,0,423,1,0,0.11195767670869827,0.1144268065690994
batadal,cnn,42,0,424,1,0,0.11125487089157104,0.1144268065690994
batadal,cnn,42,0,425,1,0,0.10779430717229843,0.1144268065690994
batadal,cnn,42,0,426,1,0,0.11275818943977356,0.1144268065690994
batadal,cnn,42,0,427,1,0,0.10496895760297775,0.1144268065690994
batadal,cnn,42,0,428,1,0,0.10262834280729294,0.1144268065690994
batadal,cnn,42,0,429,1,0,0.10510069876909256,0.1144268065690994
batadal,cnn,42,0,430,1,0,0.1051715686917305,0.1144268065690994
batadal,cnn,42,0,431,1,0,0.10022582113742828,0.1144268065690994
batadal,cnn,42,0,432,1,0,0.10883390158414841,0.1144268065690994
batadal,cnn,42,0,433,1,0,0.09574831277132034,0.1144268065690994
batadal,cnn,42,0,434,1,0,0.09590888768434525,0.1144268065690994
batadal,cnn,42,0,435,1,0,0.1047569289803505,0.1144268065690994
batadal,cnn,42,0,436,1,0,0.11076422780752182,0.1144268065690994
batadal,cnn,42,0,437,1,0,0.11426747590303421,0.1144268065690994
batadal,cnn,42,0,438,1,0,0.1103285625576973,0.1144268065690994
batadal,cnn,42,0,439,1,0,0.107718326151371,0.1144268065690994
batadal,cnn,42,0,440,1,0,0.10627051442861557,0.1144268065690994
batadal,cnn,42,0,441,1,0,0.1026219055056572,0.1144268065690994
batadal,cnn,42,0,442,1,0,0.10767422616481781,0.1144268065690994
batadal,cnn,42,0,443,1,0,0.10412874817848206,0.1144268065690994
batadal,cnn,42,0,444,1,0,0.10293750464916229,0.1144268065690994
batadal,cnn,42,0,445,1,0,0.09868417680263519,0.1144268065690994
batadal,cnn,42,0,446,1,0,0.10185857117176056,0.1144268065690994
batadal,cnn,42,0,447,1,0,0.09808633476495743,0.1144268065690994
batadal,cnn,42,0,448,1,0,0.10582475364208221,0.1144268065690994
batadal,cnn,42,0,449,1,0,0.10613162815570831,0.1144268065690994
batadal,cnn,42,0,450,1,0,0.09632200002670288,0.1144268065690994
batadal,cnn,42,0,451,1,0,0.09145290404558182,0.1144268065690994
batadal,cnn,42,0,452,1,0,0.104342021048069,0.1144268065690994
batadal,cnn,42,0,453,1,0,0.09154267609119415,0.1144268065690994
batadal,cnn,42,0,454,1,0,0.08022668957710266,0.1144268065690994
batadal,cnn,42,0,455,1,0,0.08085151016712189,0.1144268065690994
batadal,cnn,42,0,456,1,0,0.08402685075998306,0.1144268065690994
batadal,cnn,42,0,457,1,0,0.09196385741233826,0.1144268065690994
batadal,cnn,42,0,458,1,0,0.08821150660514832,0.1144268065690994
batadal,cnn,42,0,459,1,0,0.08772940933704376,0.1144268065690994
batadal,cnn,42,0,460,1,0,0.0848112404346466,0.1144268065690994
batadal,cnn,42,0,461,1,0,0.08926378190517426,0.1144268065690994
batadal,cnn,42,0,462,1,0,0.09042992442846298,0.1144268065690994
batadal,cnn,42,0,463,1,0,0.08582023531198502,0.1144268065690994
batadal,cnn,42,0,464,1,0,0.08455590158700943,0.1144268065690994
batadal,cnn,42,0,465,1,0,0.08957047760486603,0.1144268065690994
batadal,cnn,42,0,466,1,0,0.07621540129184723,0.1144268065690994
batadal,cnn,42,0,467,1,0,0.07390861958265305,0.1144268065690994
batadal,cnn,42,0,468,1,0,0.07030698657035828,0.1144268065690994
batadal,cnn,42,0,469,1,0,0.08830243349075317,0.1144268065690994
batadal,cnn,42,0,470,1,0,0.08574220538139343,0.1144268065690994
batadal,cnn,42,0,471,1,0,0.0836440846323967,0.1144268065690994
batadal,cnn,42,0,472,1,0,0.07602845132350922,0.1144268065690994
batadal,cnn,42,0,473,0,0,0.07794290781021118,0.1144268065690994
batadal,cnn,42,0,474,0,0,0.08696897327899933,0.1144268065690994
batadal,cnn,42,0,475,0,0,0.08926253020763397,0.1144268065690994
batadal,cnn,42,0,476,0,0,0.08224765956401825,0.1144268065690994
batadal,cnn,42,0,477,0,0,0.08027270436286926,0.1144268065690994
batadal,cnn,42,0,478,0,0,0.07953702658414841,0.1144268065690994
batadal,cnn,42,0,479,0,0,0.07878575474023819,0.1144268065690994
batadal,cnn,42,0,480,0,0,0.08082357048988342,0.1144268065690994
batadal,cnn,42,0,481,0,0,0.07756294310092926,0.1144268065690994
batadal,cnn,42,0,482,0,0,0.08205890655517578,0.1144268065690994
batadal,cnn,42,0,483,0,0,0.08158411830663681,0.1144268065690994
batadal,cnn,42,0,484,0,0,0.08416178822517395,0.1144268065690994
batadal,cnn,42,0,485,0,0,0.08375059068202972,0.1144268065690994
batadal,cnn,42,0,486,0,0,0.08689035475254059,0.1144268065690994
batadal,cnn,42,0,487,0,0,0.09746772795915604,0.1144268065690994
batadal,cnn,42,0,488,0,0,0.0935143306851387,0.1144268065690994
batadal,cnn,42,0,489,0,0,0.09329553693532944,0.1144268065690994
batadal,cnn,42,0,490,0,0,0.09273423999547958,0.1144268065690994
batadal,cnn,42,0,491,0,0,0.09350056946277618,0.1144268065690994
batadal,cnn,42,0,492,0,0,0.09038592129945755,0.1144268065690994
batadal,cnn,42,0,493,0,0,0.09118229895830154,0.1144268065690994
batadal,cnn,42,0,494,0,0,0.08590692281723022,0.1144268065690994
batadal,cnn,42,0,495,0,0,0.09565229713916779,0.1144268065690994
batadal,cnn,42,0,496,0,0,0.0873275101184845,0.1144268065690994
batadal,cnn,42,0,497,0,0,0.0946875512599945,0.1144268065690994
batadal,cnn,42,0,498,0,0,0.09500996768474579,0.1144268065690994
batadal,cnn,42,0,499,0,0,0.10068841278553009,0.1144268065690994
batadal,cnn,42,0,500,0,0,0.09636542201042175,0.1144268065690994
batadal,cnn,42,0,501,0,0,0.09500236809253693,0.1144268065690994
batadal,cnn,42,0,502,0,0,0.09051286429166794,0.1144268065690994
batadal,cnn,42,0,503,0,0,0.09997706115245819,0.1144268065690994
batadal,cnn,42,0,504,0,0,0.09254434704780579,0.1144268065690994
batadal,cnn,42,0,505,0,0,0.09832054376602173,0.1144268065690994
batadal,cnn,42,0,506,0,0,0.09483981877565384,0.1144268065690994
batadal,cnn,42,0,507,0,0,0.10196180641651154,0.1144268065690994
batadal,cnn,42,0,508,0,0,0.09612324088811874,0.1144268065690994
batadal,cnn,42,0,509,0,0,0.09670455753803253,0.1144268065690994
batadal,cnn,42,0,510,0,0,0.10205347090959549,0.1144268065690994
batadal,cnn,42,0,511,0,0,0.09968163818120956,0.1144268065690994
batadal,cnn,42,0,512,0,0,0.10243745893239975,0.1144268065690994
batadal,cnn,42,0,513,0,0,0.09325946122407913,0.1144268065690994
batadal,cnn,42,0,514,0,0,0.08803275972604752,0.1144268065690994
batadal,cnn,42,0,515,0,0,0.08966457098722458,0.1144268065690994
batadal,cnn,42,0,516,0,0,0.10282512754201889,0.1144268065690994
batadal,cnn,42,0,517,0,0,0.08896657824516296,0.1144268065690994
batadal,cnn,42,0,518,0,0,0.08631740510463715,0.1144268065690994
batadal,cnn,42,0,519,0,0,0.09180188179016113,0.1144268065690994
batadal,cnn,42,0,520,0,0,0.093434639275074,0.1144268065690994
batadal,cnn,42,0,521,0,0,0.09050688147544861,0.1144268065690994
batadal,cnn,42,0,522,0,0,0.0898805558681488,0.1144268065690994
batadal,cnn,42,0,523,0,0,0.0880759060382843,0.1144268065690994
batadal,cnn,42,0,524,0,0,0.09156941622495651,0.1144268065690994
batadal,cnn,42,0,525,0,0,0.08982089906930923,0.1144268065690994
batadal,cnn,42,0,526,0,0,0.08741528540849686,0.1144268065690994
batadal,cnn,42,0,527,0,0,0.08891623467206955,0.1144268065690994
batadal,cnn,42,0,528,0,0,0.09235885739326477,0.1144268065690994
batadal,cnn,42,0,529,0,0,0.08666788041591644,0.1144268065690994
batadal,cnn,42,0,530,0,0,0.08896232396364212,0.1144268065690994
batadal,cnn,42,0,531,0,0,0.09703610092401505,0.1144268065690994
batadal,cnn,42,0,532,0,0,0.09116632491350174,0.1144268065690994
batadal,cnn,42,0,533,0,0,0.09598729759454727,0.1144268065690994
batadal,cnn,42,0,534,0,0,0.11000905930995941,0.1144268065690994
batadal,cnn,42,0,535,0,0,0.09825591742992401,0.1144268065690994
batadal,cnn,42,0,536,0,0,0.09591051936149597,0.1144268065690994
batadal,cnn,42,0,537,0,0,0.09278766810894012,0.1144268065690994
batadal,cnn,42,0,538,0,0,0.09282176196575165,0.1144268065690994
batadal,cnn,42,0,539,0,0,0.09315766394138336,0.1144268065690994
batadal,cnn,42,0,540,0,0,0.08770833164453506,0.1144268065690994
batadal,cnn,42,0,541,0,0,0.08421490341424942,0.1144268065690994
batadal,cnn,42,0,542,0,0,0.07758141309022903,0.1144268065690994
batadal,cnn,42,0,543,0,0,0.0850176215171814,0.1144268065690994
batadal,cnn,42,0,544,0,0,0.0849330872297287,0.1144268065690994
batadal,cnn,42,0,545,0,0,0.08170083165168762,0.1144268065690994
batadal,cnn,42,0,546,0,0,0.09506715834140778,0.1144268065690994
batadal,cnn,42,0,547,0,0,0.09593619406223297,0.1144268065690994
batadal,cnn,42,0,548,0,0,0.09156479686498642,0.1144268065690994
batadal,cnn,42,0,549,0,0,0.08472450077533722,0.1144268065690994
batadal,cnn,42,0,550,0,0,0.09512096643447876,0.1144268065690994
batadal,cnn,42,0,551,0,0,0.09606681019067764,0.1144268065690994
batadal,cnn,42,0,552,0,0,0.09554645419120789,0.1144268065690994
batadal,cnn,42,0,553,0,0,0.08797922730445862,0.1144268065690994
batadal,cnn,42,0,554,0,0,0.09397850930690765,0.1144268065690994
batadal,cnn,42,0,555,0,0,0.10570509731769562,0.1144268065690994
batadal,cnn,42,0,556,0,0,0.09167845547199249,0.1144268065690994
batadal,cnn,42,0,557,0,0,0.09687162190675735,0.1144268065690994
batadal,cnn,42,0,558,0,0,0.10619783401489258,0.1144268065690994
batadal,cnn,42,0,559,0,0,0.09463971108198166,0.1144268065690994
batadal,cnn,42,0,560,0,0,0.0920824408531189,0.1144268065690994
batadal,cnn,42,0,561,0,0,0.0944816842675209,0.1144268065690994
batadal,cnn,42,0,562,0,0,0.10360870510339737,0.1144268065690994
batadal,cnn,42,0,563,0,0,0.1007499098777771,0.1144268065690994
batadal,cnn,42,0,564,0,0,0.09393507242202759,0.1144268065690994
batadal,cnn,42,0,565,0,0,0.09426181018352509,0.1144268065690994
batadal,cnn,42,0,566,0,0,0.09146257489919662,0.1144268065690994
batadal,cnn,42,0,567,0,0,0.09258722513914108,0.1144268065690994
batadal,cnn,42,0,568,0,0,0.08868909627199173,0.1144268065690994
batadal,cnn,42,0,569,0,0,0.08162017166614532,0.1144268065690994
batadal,cnn,42,0,570,0,0,0.08394894003868103,0.1144268065690994
batadal,cnn,42,0,571,0,0,0.0839366465806961,0.1144268065690994
batadal,cnn,42,0,572,0,0,0.0909980833530426,0.1144268065690994
batadal,cnn,42,0,573,0,0,0.08727329969406128,0.1144268065690994
batadal,cnn,42,0,574,0,0,0.08363807946443558,0.1144268065690994
batadal,cnn,42,0,575,0,0,0.07205411791801453,0.1144268065690994
batadal,cnn,42,0,576,0,0,0.08009253442287445,0.1144268065690994
batadal,cnn,42,0,577,0,0,0.07947306334972382,0.1144268065690994
batadal,cnn,42,0,578,0,0,0.08283553272485733,0.1144268065690994
batadal,cnn,42,0,579,0,0,0.07820086181163788,0.1144268065690994
batadal,cnn,42,0,580,0,0,0.09304437041282654,0.1144268065690994
batadal,cnn,42,0,581,0,0,0.08645811676979065,0.1144268065690994
batadal,cnn,42,0,582,0,0,0.09517782926559448,0.1144268065690994
batadal,cnn,42,0,583,0,0,0.09085284918546677,0.1144268065690994
batadal,cnn,42,0,584,0,0,0.0894361287355423,0.1144268065690994
batadal,cnn,42,0,585,0,0,0.09301240742206573,0.1144268065690994
batadal,cnn,42,0,586,0,0,0.08452247828245163,0.1144268065690994
batadal,cnn,42,0,587,0,0,0.08317156881093979,0.1144268065690994
batadal,cnn,42,0,588,0,0,0.08737905323505402,0.1144268065690994
batadal,cnn,42,0,589,0,0,0.08279712498188019,0.1144268065690994
batadal,cnn,42,0,590,0,0,0.07379333674907684,0.1144268065690994
batadal,cnn,42,0,591,0,0,0.08184988051652908,0.1144268065690994
batadal,cnn,42,0,592,0,0,0.08660613745450974,0.1144268065690994
batadal,cnn,42,0,593,0,0,0.09568186849355698,0.1144268065690994
batadal,cnn,42,0,594,0,0,0.10823693126440048,0.1144268065690994
batadal,cnn,42,0,595,0,0,0.09476258605718613,0.1144268065690994
batadal,cnn,42,0,596,0,0,0.08229121565818787,0.1144268065690994
batadal,cnn,42,0,597,0,0,0.0941382423043251,0.1144268065690994
batadal,cnn,42,0,598,0,0,0.08439098298549652,0.1144268065690994
batadal,cnn,42,0,599,0,0,0.07906560599803925,0.1144268065690994
batadal,cnn,42,0,600,0,0,0.09227271378040314,0.1144268065690994
batadal,cnn,42,0,601,0,0,0.08623013645410538,0.1144268065690994
batadal,cnn,42,0,602,0,0,0.08345426619052887,0.1144268065690994
batadal,cnn,42,0,603,0,0,0.08846510946750641,0.1144268065690994
batadal,cnn,42,0,604,0,0,0.08932952582836151,0.1144268065690994
batadal,cnn,42,0,605,0,0,0.09349684417247772,0.1144268065690994
batadal,cnn,42,0,606,0,0,0.09094200283288956,0.1144268065690994
batadal,cnn,42,0,607,0,0,0.08435844630002975,0.1144268065690994
batadal,cnn,42,0,608,0,0,0.08845719695091248,0.1144268065690994
batadal,cnn,42,0,609,0,0,0.07656519114971161,0.1144268065690994
batadal,cnn,42,0,610,0,0,0.09143726527690887,0.1144268065690994
batadal,cnn,42,0,611,0,0,0.09119594842195511,0.1144268065690994
batadal,cnn,42,0,612,0,0,0.0891982913017273,0.1144268065690994
batadal,cnn,42,0,613,0,0,0.08872964233160019,0.1144268065690994
batadal,cnn,42,0,614,0,0,0.08497252315282822,0.1144268065690994
batadal,cnn,42,0,615,0,0,0.0812186747789383,0.1144268065690994
batadal,cnn,42,0,616,0,0,0.07993088662624359,0.1144268065690994
batadal,cnn,42,0,617,0,0,0.08433771133422852,0.1144268065690994
batadal,cnn,42,0,618,0,0,0.08669237047433853,0.1144268065690994
batadal,cnn,42,0,619,0,0,0.08407250046730042,0.1144268065690994
batadal,cnn,42,0,620,0,0,0.07851596176624298,0.1144268065690994
batadal,cnn,42,0,621,0,0,0.07973557710647583,0.1144268065690994
batadal,cnn,42,0,622,0,0,0.07874501496553421,0.1144268065690994
batadal,cnn,42,0,623,0,0,0.07584436237812042,0.1144268065690994
batadal,cnn,42,0,624,0,0,0.08199013024568558,0.1144268065690994
batadal,cnn,42,0,625,0,0,0.09136257320642471,0.1144268065690994
batadal,cnn,42,0,626,0,0,0.08910635113716125,0.1144268065690994
batadal,cnn,42,0,627,0,0,0.09273453801870346,0.1144268065690994
batadal,cnn,42,0,628,0,0,0.08446377515792847,0.1144268065690994
batadal,cnn,42,0,629,0,0,0.08000687509775162,0.1144268065690994
batadal,cnn,42,0,630,0,0,0.08850904554128647,0.1144268065690994
batadal,cnn,42,0,631,0,0,0.09598303586244583,0.1144268065690994
batadal,cnn,42,0,632,0,0,0.08855387568473816,0.1144268065690994
batadal,cnn,42,0,633,0,0,0.08506908267736435,0.1144268065690994
batadal,cnn,42,0,634,0,0,0.08316449075937271,0.1144268065690994
batadal,cnn,42,0,635,0,0,0.08357900381088257,0.1144268065690994
batadal,cnn,42,0,636,0,0,0.08822638541460037,0.1144268065690994
batadal,cnn,42,0,637,0,0,0.07984723895788193,0.1144268065690994
batadal,cnn,42,0,638,0,0,0.07887431979179382,0.1144268065690994
batadal,cnn,42,0,639,0,0,0.06946451216936111,0.1144268065690994
batadal,cnn,42,0,640,0,0,0.07751399278640747,0.1144268065690994
batadal,cnn,42,0,641,0,0,0.08040526509284973,0.1144268065690994
batadal,cnn,42,0,642,0,0,0.08006235212087631,0.1144268065690994
batadal,cnn,42,0,643,0,0,0.0849163606762886,0.1144268065690994
batadal,cnn,42,0,644,0,0,0.08157652616500854,0.1144268065690994
batadal,cnn,42,0,645,0,0,0.07898211479187012,0.1144268065690994
batadal,cnn,42,0,646,0,0,0.08498241752386093,0.1144268065690994
batadal,cnn,42,0,647,0,0,0.07568253576755524,0.1144268065690994
batadal,cnn,42,0,648,0,0,0.07779062539339066,0.1144268065690994
batadal,cnn,42,0,649,0,0,0.07539801299571991,0.1144268065690994
batadal,cnn,42,0,650,0,0,0.07864458113908768,0.1144268065690994
batadal,cnn,42,0,651,0,0,0.07438551634550095,0.1144268065690994
batadal,cnn,42,0,652,0,0,0.08335355669260025,0.1144268065690994
batadal,cnn,42,0,653,0,0,0.08850095421075821,0.1144268065690994
batadal,cnn,42,0,654,0,0,0.0837782770395279,0.1144268065690994
batadal,cnn,42,0,655,0,0,0.07466945052146912,0.1144268065690994
batadal,cnn,42,0,656,0,0,0.08560537546873093,0.1144268065690994
batadal,cnn,42,0,657,0,0,0.08242812007665634,0.1144268065690994
batadal,cnn,42,0,658,0,0,0.08785831183195114,0.1144268065690994
batadal,cnn,42,0,659,0,0,0.08630993217229843,0.1144268065690994
batadal,cnn,42,0,660,0,0,0.08665875345468521,0.1144268065690994
batadal,cnn,42,0,661,0,0,0.09137894958257675,0.1144268065690994
batadal,cnn,42,0,662,0,0,0.08262528479099274,0.1144268065690994
batadal,cnn,42,0,663,0,0,0.07544538378715515,0.1144268065690994
batadal,cnn,42,0,664,0,0,0.08793928474187851,0.1144268065690994
batadal,cnn,42,0,665,0,0,0.10012765973806381,0.1144268065690994
batadal,cnn,42,0,666,0,0,0.08163709938526154,0.1144268065690994
batadal,cnn,42,0,667,0,0,0.08337745070457458,0.1144268065690994
batadal,cnn,42,0,668,0,0,0.08365672081708908,0.1144268065690994
batadal,cnn,42,0,669,0,0,0.08567533642053604,0.1144268065690994
batadal,cnn,42,0,670,0,0,0.0835026428103447,0.1144268065690994
batadal,cnn,42,0,671,0,0,0.08256129175424576,0.1144268065690994
batadal,cnn,42,0,672,0,0,0.08725792914628983,0.1144268065690994
batadal,cnn,42,0,673,0,0,0.08353865891695023,0.1144268065690994
batadal,cnn,42,0,674,0,0,0.09685318917036057,0.1144268065690994
batadal,cnn,42,0,675,0,0,0.1015356183052063,0.1144268065690994
batadal,cnn,42,0,676,0,0,0.09621310234069824,0.1144268065690994
batadal,cnn,42,0,677,0,0,0.10036768019199371,0.1144268065690994
batadal,cnn,42,0,678,0,0,0.10687745362520218,0.1144268065690994
batadal,cnn,42,0,679,0,0,0.08693010360002518,0.1144268065690994
batadal,cnn,42,0,680,0,0,0.08912746608257294,0.1144268065690994
batadal,cnn,42,0,681,0,0,0.10014575719833374,0.1144268065690994
batadal,cnn,42,0,682,0,0,0.088411845266819,0.1144268065690994
batadal,cnn,42,0,683,0,0,0.0773392841219902,0.1144268065690994
batadal,cnn,42,0,684,0,0,0.08276792615652084,0.1144268065690994
batadal,cnn,42,0,685,0,0,0.08064976334571838,0.1144268065690994
batadal,cnn,42,0,686,0,0,0.08475606888532639,0.1144268065690994
batadal,cnn,42,0,687,0,0,0.08228306472301483,0.1144268065690994
batadal,cnn,42,0,688,0,0,0.07960942387580872,0.1144268065690994
batadal,cnn,42,0,689,0,0,0.08408740907907486,0.1144268065690994
batadal,cnn,42,0,690,0,0,0.08650264889001846,0.1144268065690994
batadal,cnn,42,0,691,0,0,0.08248034119606018,0.1144268065690994
batadal,cnn,42,0,692,0,0,0.08982208371162415,0.1144268065690994
batadal,cnn,42,0,693,0,0,0.09583179652690887,0.1144268065690994
batadal,cnn,42,0,694,0,0,0.091260626912117,0.1144268065690994
batadal,cnn,42,0,695,0,0,0.09687492251396179,0.1144268065690994
batadal,cnn,42,0,696,0,0,0.08960819244384766,0.1144268065690994
batadal,cnn,42,0,697,0,0,0.09422139078378677,0.1144268065690994
batadal,cnn,42,0,698,0,0,0.09448704123497009,0.1144268065690994
batadal,cnn,42,0,699,0,0,0.10071806609630585,0.1144268065690994
batadal,cnn,42,0,700,0,0,0.10629577934741974,0.1144268065690994
batadal,cnn,42,0,701,0,0,0.09909418225288391,0.1144268065690994
batadal,cnn,42,0,702,0,0,0.09307399392127991,0.1144268065690994
batadal,cnn,42,0,703,0,0,0.10152322798967361,0.1144268065690994
batadal,cnn,42,0,704,0,0,0.0919402614235878,0.1144268065690994
batadal,cnn,42,0,705,0,0,0.09889831393957138,0.1144268065690994
batadal,cnn,42,0,706,0,0,0.10746999830007553,0.1144268065690994
batadal,cnn,42,0,707,0,0,0.11099208891391754,0.1144268065690994
batadal,cnn,42,0,708,0,0,0.0977218821644783,0.1144268065690994
batadal,cnn,42,0,709,0,0,0.0928119346499443,0.1144268065690994
batadal,cnn,42,0,710,0,0,0.09936574101448059,0.1144268065690994
batadal,cnn,42,0,711,0,0,0.10058575868606567,0.1144268065690994
batadal,cnn,42,0,712,0,0,0.0928008183836937,0.1144268065690994
batadal,cnn,42,0,713,0,0,0.10242953896522522,0.1144268065690994
batadal,cnn,42,0,714,0,0,0.09330327063798904,0.1144268065690994
batadal,cnn,42,0,715,0,0,0.10495086759328842,0.1144268065690994
batadal,cnn,42,0,716,0,0,0.10904369503259659,0.1144268065690994
batadal,cnn,42,0,717,0,0,0.10796887427568436,0.1144268065690994
batadal,cnn,42,0,718,0,0,0.10062633454799652,0.1144268065690994
batadal,cnn,42,0,719,0,0,0.09507625550031662,0.1144268065690994
batadal,cnn,42,0,720,0,0,0.09820695966482162,0.1144268065690994
batadal,cnn,42,0,721,0,0,0.10217969864606857,0.1144268065690994
batadal,cnn,42,0,722,0,0,0.10829172283411026,0.1144268065690994
batadal,cnn,42,0,723,0,0,0.10389024019241333,0.1144268065690994
batadal,cnn,42,0,724,0,0,0.10373756289482117,0.1144268065690994
batadal,cnn,42,0,725,0,0,0.11054842919111252,0.1144268065690994
batadal,cnn,42,0,726,0,0,0.10235702246427536,0.1144268065690994
batadal,cnn,42,0,727,0,0,0.10330894589424133,0.1144268065690994
batadal,cnn,42,0,728,0,0,0.1017889529466629,0.1144268065690994
batadal,cnn,42,0,729,0,0,0.09879663586616516,0.1144268065690994
batadal,cnn,42,0,730,0,0,0.0984257310628891,0.1144268065690994
batadal,cnn,42,0,731,0,0,0.10782010108232498,0.1144268065690994
batadal,cnn,42,0,732,0,0,0.11006671190261841,0.1144268065690994
batadal,cnn,42,0,733,0,0,0.10661977529525757,0.1144268065690994
batadal,cnn,42,0,734,0,0,0.10424584150314331,0.1144268065690994
batadal,cnn,42,0,735,0,0,0.10439399629831314,0.1144268065690994
batadal,cnn,42,0,736,0,0,0.10659261047840118,0.1144268065690994
batadal,cnn,123,0,0,0,0,0.09988979995250702,0.1154278814792633
batadal,cnn,123,0,1,0,0,0.0886998102068901,0.1154278814792633
batadal,cnn,123,0,2,0,0,0.0836750715970993,0.1154278814792633
batadal,cnn,123,0,3,0,0,0.08797059208154678,0.1154278814792633
batadal,cnn,123,0,4,0,0,0.0933176577091217,0.1154278814792633
batadal,cnn,123,0,5,0,0,0.08885613083839417,0.1154278814792633
batadal,cnn,123,0,6,0,0,0.09023474901914597,0.1154278814792633
batadal,cnn,123,0,7,0,0,0.09318841993808746,0.1154278814792633
batadal,cnn,123,0,8,0,0,0.08954650163650513,0.1154278814792633
batadal,cnn,123,0,9,0,0,0.09392708539962769,0.1154278814792633
batadal,cnn,123,0,10,0,0,0.09501853585243225,0.1154278814792633
batadal,cnn,123,0,11,0,0,0.0988706573843956,0.1154278814792633
batadal,cnn,123,0,12,0,0,0.08915705978870392,0.1154278814792633
batadal,cnn,123,0,13,0,0,0.09073706716299057,0.1154278814792633
batadal,cnn,123,0,14,0,0,0.0838531106710434,0.1154278814792633
batadal,cnn,123,0,15,0,0,0.08551529794931412,0.1154278814792633
batadal,cnn,123,0,16,0,0,0.09331891685724258,0.1154278814792633
batadal,cnn,123,0,17,0,0,0.09389912337064743,0.1154278814792633
batadal,cnn,123,0,18,0,0,0.09372707456350327,0.1154278814792633
batadal,cnn,123,0,19,0,0,0.09285568445920944,0.1154278814792633
batadal,cnn,123,0,20,0,0,0.09883379191160202,0.1154278814792633
batadal,cnn,123,0,21,0,0,0.09905406832695007,0.1154278814792633
batadal,cnn,123,0,22,0,0,0.08847180008888245,0.1154278814792633
batadal,cnn,123,0,23,0,0,0.09737255424261093,0.1154278814792633
batadal,cnn,123,0,24,0,0,0.10224247723817825,0.1154278814792633
batadal,cnn,123,0,25,0,0,0.09746333956718445,0.1154278814792633
batadal,cnn,123,0,26,0,0,0.09619330614805222,0.1154278814792633
batadal,cnn,123,0,27,0,0,0.09796148538589478,0.1154278814792633
batadal,cnn,123,0,28,0,0,0.09653915464878082,0.1154278814792633
batadal,cnn,123,0,29,0,0,0.10156074166297913,0.1154278814792633
batadal,cnn,123,0,30,0,0,0.09105654805898666,0.1154278814792633
batadal,cnn,123,0,31,0,0,0.09250078350305557,0.1154278814792633
batadal,cnn,123,0,32,0,0,0.0905194878578186,0.1154278814792633
batadal,cnn,123,0,33,0,0,0.08876238018274307,0.1154278814792633
batadal,cnn,123,0,34,0,0,0.08449415117502213,0.1154278814792633
batadal,cnn,123,0,35,0,0,0.09667178243398666,0.1154278814792633
batadal,cnn,123,0,36,0,0,0.08457741141319275,0.1154278814792633
batadal,cnn,123,0,37,0,0,0.08869190514087677,0.1154278814792633
batadal,cnn,123,0,38,0,0,0.0822913870215416,0.1154278814792633
batadal,cnn,123,0,39,0,0,0.09477512538433075,0.1154278814792633
batadal,cnn,123,0,40,0,0,0.09009621292352676,0.1154278814792633
batadal,cnn,123,0,41,0,0,0.09572915732860565,0.1154278814792633
batadal,cnn,123,0,42,0,0,0.08051241189241409,0.1154278814792633
batadal,cnn,123,0,43,0,0,0.08674770593643188,0.1154278814792633
batadal,cnn,123,0,44,0,0,0.08703435957431793,0.1154278814792633
batadal,cnn,123,0,45,0,0,0.08302197605371475,0.1154278814792633
batadal,cnn,123,0,46,0,0,0.0819627195596695,0.1154278814792633
batadal,cnn,123,0,47,0,0,0.09623098373413086,0.1154278814792633
batadal,cnn,123,0,48,0,0,0.09091104567050934,0.1154278814792633
batadal,cnn,123,0,49,0,0,0.09083066135644913,0.1154278814792633
batadal,cnn,123,0,50,0,0,0.08851272612810135,0.1154278814792633
batadal,cnn,123,0,51,0,0,0.0924782007932663,0.1154278814792633
batadal,cnn,123,0,52,0,0,0.08600905537605286,0.1154278814792633
batadal,cnn,123,0,53,0,0,0.09711046516895294,0.1154278814792633
batadal,cnn,123,0,54,0,0,0.08638209104537964,0.1154278814792633
batadal,cnn,123,0,55,0,0,0.07868503034114838,0.1154278814792633
batadal,cnn,123,0,56,0,0,0.07669880986213684,0.1154278814792633
batadal,cnn,123,0,57,0,0,0.07647959887981415,0.1154278814792633
batadal,cnn,123,0,58,0,0,0.07748287916183472,0.1154278814792633
batadal,cnn,123,0,59,0,0,0.08604029566049576,0.1154278814792633
batadal,cnn,123,0,60,0,0,0.08045005798339844,0.1154278814792633
batadal,cnn,123,0,61,0,0,0.07790997624397278,0.1154278814792633
batadal,cnn,123,0,62,0,0,0.07128573209047318,0.1154278814792633
batadal,cnn,123,0,63,0,0,0.09617093205451965,0.1154278814792633
batadal,cnn,123,0,64,0,0,0.08693481236696243,0.1154278814792633
batadal,cnn,123,0,65,0,0,0.07997619360685349,0.1154278814792633
batadal,cnn,123,0,66,0,0,0.0763833075761795,0.1154278814792633
batadal,cnn,123,0,67,0,0,0.08725986629724503,0.1154278814792633
batadal,cnn,123,0,68,1,0,0.0765986293554306,0.1154278814792633
batadal,cnn,123,0,69,1,0,0.08046872913837433,0.1154278814792633
batadal,cnn,123,0,70,1,0,0.08629509061574936,0.1154278814792633
batadal,cnn,123,0,71,1,0,0.08038325607776642,0.1154278814792633
batadal,cnn,123,0,72,1,0,0.08393137156963348,0.1154278814792633
batadal,cnn,123,0,73,1,0,0.08303529024124146,0.1154278814792633
batadal,cnn,123,0,74,1,0,0.07375302165746689,0.1154278814792633
batadal,cnn,123,0,75,1,0,0.08313031494617462,0.1154278814792633
batadal,cnn,123,0,76,1,0,0.08914511650800705,0.1154278814792633
batadal,cnn,123,0,77,1,0,0.09264091402292252,0.1154278814792633
batadal,cnn,123,0,78,1,0,0.09019041806459427,0.1154278814792633
batadal,cnn,123,0,79,1,0,0.085273876786232,0.1154278814792633
batadal,cnn,123,0,80,1,0,0.08222894370555878,0.1154278814792633
batadal,cnn,123,0,81,1,0,0.07552985846996307,0.1154278814792633
batadal,cnn,123,0,82,1,0,0.08588764071464539,0.1154278814792633
batadal,cnn,123,0,83,1,0,0.08269854635000229,0.1154278814792633
batadal,cnn,123,0,84,1,0,0.06894567608833313,0.1154278814792633
batadal,cnn,123,0,85,1,0,0.07606757432222366,0.1154278814792633
batadal,cnn,123,0,86,1,0,0.07076380401849747,0.1154278814792633
batadal,cnn,123,0,87,1,0,0.07172073423862457,0.1154278814792633
batadal,cnn,123,0,88,1,0,0.08186370879411697,0.1154278814792633
batadal,cnn,123,0,89,1,0,0.0813383162021637,0.1154278814792633
batadal,cnn,123,0,90,1,0,0.07020525634288788,0.1154278814792633
batadal,cnn,123,0,91,1,0,0.07270726561546326,0.1154278814792633
batadal,cnn,123,0,92,1,0,0.07544493675231934,0.1154278814792633
batadal,cnn,123,0,93,1,0,0.07936688512563705,0.1154278814792633
batadal,cnn,123,0,94,1,0,0.0796123743057251,0.1154278814792633
batadal,cnn,123,0,95,1,0,0.08830972015857697,0.1154278814792633
batadal,cnn,123,0,96,1,0,0.08234691619873047,0.1154278814792633
batadal,cnn,123,0,97,1,0,0.07197946310043335,0.1154278814792633
batadal,cnn,123,0,98,1,0,0.07522299140691757,0.1154278814792633
batadal,cnn,123,0,99,1,0,0.07943480461835861,0.1154278814792633
batadal,cnn,123,0,100,1,0,0.07940807938575745,0.1154278814792633
batadal,cnn,123,0,101,1,0,0.08034027367830276,0.1154278814792633
batadal,cnn,123,0,102,1,0,0.08183030039072037,0.1154278814792633
batadal,cnn,123,0,103,1,0,0.07671213150024414,0.1154278814792633
batadal,cnn,123,0,104,1,0,0.08517269045114517,0.1154278814792633
batadal,cnn,123,0,105,1,0,0.09541214257478714,0.1154278814792633
batadal,cnn,123,0,106,1,0,0.08966762572526932,0.1154278814792633
batadal,cnn,123,0,107,1,0,0.08019230514764786,0.1154278814792633
batadal,cnn,123,0,108,1,0,0.08131980150938034,0.1154278814792633
batadal,cnn,123,0,109,1,0,0.08395466208457947,0.1154278814792633
batadal,cnn,123,0,110,1,0,0.08032090961933136,0.1154278814792633
batadal,cnn,123,0,111,1,0,0.08209968358278275,0.1154278814792633
batadal,cnn,123,0,112,1,0,0.08084427565336227,0.1154278814792633
batadal,cnn,123,0,113,1,0,0.0909121036529541,0.1154278814792633
batadal,cnn,123,0,114,1,0,0.08616293966770172,0.1154278814792633
batadal,cnn,123,0,115,1,0,0.08339104056358337,0.1154278814792633
batadal,cnn,123,0,116,1,0,0.07643458247184753,0.1154278814792633
batadal,cnn,123,0,117,1,0,0.07920778542757034,0.1154278814792633
batadal,cnn,123,0,118,1,0,0.08139844238758087,0.1154278814792633
batadal,cnn,123,0,119,1,0,0.08116571605205536,0.1154278814792633
batadal,cnn,123,0,120,1,0,0.07546412944793701,0.1154278814792633
batadal,cnn,123,0,121,1,0,0.08085892349481583,0.1154278814792633
batadal,cnn,123,0,122,1,0,0.08113016933202744,0.1154278814792633
batadal,cnn,123,0,123,1,0,0.07942887395620346,0.1154278814792633
batadal,cnn,123,0,124,1,0,0.07544562965631485,0.1154278814792633
batadal,cnn,123,0,125,1,0,0.08277541399002075,0.1154278814792633
batadal,cnn,123,0,126,1,0,0.09018774330615997,0.1154278814792633
batadal,cnn,123,0,127,1,0,0.08330964297056198,0.1154278814792633
batadal,cnn,123,0,128,1,0,0.08115509897470474,0.1154278814792633
batadal,cnn,123,0,129,1,0,0.08042939007282257,0.1154278814792633
batadal,cnn,123,0,130,1,0,0.07978281378746033,0.1154278814792633
batadal,cnn,123,0,131,1,0,0.08313852548599243,0.1154278814792633
batadal,cnn,123,0,132,1,0,0.09228161722421646,0.1154278814792633
batadal,cnn,123,0,133,1,0,0.08051452040672302,0.1154278814792633
batadal,cnn,123,0,134,1,0,0.08482105284929276,0.1154278814792633
batadal,cnn,123,0,135,1,0,0.08285936713218689,0.1154278814792633
batadal,cnn,123,0,136,1,0,0.08443913608789444,0.1154278814792633
batadal,cnn,123,0,137,1,0,0.08785951882600784,0.1154278814792633
batadal,cnn,123,0,138,1,0,0.08761436492204666,0.1154278814792633
batadal,cnn,123,0,139,1,0,0.09637711197137833,0.1154278814792633
batadal,cnn,123,0,140,1,0,0.08458923548460007,0.1154278814792633
batadal,cnn,123,0,141,1,0,0.07434754073619843,0.1154278814792633
batadal,cnn,123,0,142,1,0,0.08089499175548553,0.1154278814792633
batadal,cnn,123,0,143,1,0,0.0894026979804039,0.1154278814792633
batadal,cnn,123,0,144,1,0,0.0810457244515419,0.1154278814792633
batadal,cnn,123,0,145,1,0,0.07688822597265244,0.1154278814792633
batadal,cnn,123,0,146,1,0,0.07900751382112503,0.1154278814792633
batadal,cnn,123,0,147,1,0,0.0746709331870079,0.1154278814792633
batadal,cnn,123,0,148,1,0,0.07833418250083923,0.1154278814792633
batadal,cnn,123,0,149,1,0,0.07738547027111053,0.1154278814792633
batadal,cnn,123,0,150,1,0,0.08597756177186966,0.1154278814792633
batadal,cnn,123,0,151,1,0,0.07993365824222565,0.1154278814792633
batadal,cnn,123,0,152,1,0,0.07268105447292328,0.1154278814792633
batadal,cnn,123,0,153,1,0,0.07388658821582794,0.1154278814792633
batadal,cnn,123,0,154,1,0,0.0828966498374939,0.1154278814792633
batadal,cnn,123,0,155,1,0,0.08344217389822006,0.1154278814792633
batadal,cnn,123,0,156,1,0,0.07134505361318588,0.1154278814792633
batadal,cnn,123,0,157,1,0,0.07360359281301498,0.1154278814792633
batadal,cnn,123,0,158,1,0,0.07446157932281494,0.1154278814792633
batadal,cnn,123,0,159,1,0,0.07496679574251175,0.1154278814792633
batadal,cnn,123,0,160,1,0,0.07581080496311188,0.1154278814792633
batadal,cnn,123,0,161,1,0,0.07403268665075302,0.1154278814792633
batadal,cnn,123,0,162,1,0,0.08019764721393585,0.1154278814792633
batadal,cnn,123,0,163,1,0,0.08381492644548416,0.1154278814792633
batadal,cnn,123,0,164,1,0,0.09043615311384201,0.1154278814792633
batadal,cnn,123,0,165,1,0,0.08489105105400085,0.1154278814792633
batadal,cnn,123,0,166,1,0,0.08884698897600174,0.1154278814792633
batadal,cnn,123,0,167,1,0,0.09784259647130966,0.1154278814792633
batadal,cnn,123,0,168,1,0,0.0882510170340538,0.1154278814792633
batadal,cnn,123,0,169,1,0,0.08814608305692673,0.1154278814792633
batadal,cnn,123,0,170,1,0,0.09219837188720703,0.1154278814792633
batadal,cnn,123,0,171,1,0,0.09334982931613922,0.1154278814792633
batadal,cnn,123,0,172,1,0,0.08951257914304733,0.1154278814792633
batadal,cnn,123,0,173,1,0,0.08344186842441559,0.1154278814792633
batadal,cnn,123,0,174,0,0,0.0977892130613327,0.1154278814792633
batadal,cnn,123,0,175,0,0,0.08626689016819,0.1154278814792633
batadal,cnn,123,0,176,0,0,0.08487622439861298,0.1154278814792633
batadal,cnn,123,0,177,0,0,0.07709651440382004,0.1154278814792633
batadal,cnn,123,0,178,0,0,0.0823204442858696,0.1154278814792633
batadal,cnn,123,0,179,0,0,0.08563962578773499,0.1154278814792633
batadal,cnn,123,0,180,0,0,0.0826667845249176,0.1154278814792633
batadal,cnn,123,0,181,0,0,0.08306219428777695,0.1154278814792633
batadal,cnn,123,0,182,0,0,0.08886990696191788,0.1154278814792633
batadal,cnn,123,0,183,0,0,0.08745170384645462,0.1154278814792633
batadal,cnn,123,0,184,0,0,0.0786735936999321,0.1154278814792633
batadal,cnn,123,0,185,0,0,0.07585074752569199,0.1154278814792633
batadal,cnn,123,0,186,0,0,0.07588516920804977,0.1154278814792633
batadal,cnn,123,0,187,0,0,0.08392578363418579,0.1154278814792633
batadal,cnn,123,0,188,0,0,0.07840613275766373,0.1154278814792633
batadal,cnn,123,0,189,0,0,0.07560130208730698,0.1154278814792633
batadal,cnn,123,0,190,0,0,0.0769001767039299,0.1154278814792633
batadal,cnn,123,0,191,0,0,0.07557684928178787,0.1154278814792633
batadal,cnn,123,0,192,0,0,0.07656242698431015,0.1154278814792633
batadal,cnn,123,0,193,0,0,0.07630123198032379,0.1154278814792633
batadal,cnn,123,0,194,0,0,0.08261001855134964,0.1154278814792633
batadal,cnn,123,0,195,0,0,0.0824485495686531,0.1154278814792633
batadal,cnn,123,0,196,0,0,0.08378969132900238,0.1154278814792633
batadal,cnn,123,0,197,0,0,0.07915584743022919,0.1154278814792633
batadal,cnn,123,0,198,0,0,0.08482050895690918,0.1154278814792633
batadal,cnn,123,0,199,0,0,0.08591573685407639,0.1154278814792633
batadal,cnn,123,0,200,0,0,0.08384574204683304,0.1154278814792633
batadal,cnn,123,0,201,0,0,0.08237382024526596,0.1154278814792633
batadal,cnn,123,0,202,0,0,0.08572316914796829,0.1154278814792633
batadal,cnn,123,0,203,0,0,0.07873447984457016,0.1154278814792633
batadal,cnn,123,0,204,0,0,0.07626127451658249,0.1154278814792633
batadal,cnn,123,0,205,0,0,0.07819585502147675,0.1154278814792633
batadal,cnn,123,0,206,0,0,0.08981132507324219,0.1154278814792633
batadal,cnn,123,0,207,0,0,0.09042195975780487,0.1154278814792633
batadal,cnn,123,0,208,0,0,0.09244173020124435,0.1154278814792633
batadal,cnn,123,0,209,0,0,0.08476942777633667,0.1154278814792633
batadal,cnn,123,0,210,0,0,0.07725787162780762,0.1154278814792633
batadal,cnn,123,0,211,0,0,0.07900001853704453,0.1154278814792633
batadal,cnn,123,0,212,0,0,0.07324795424938202,0.1154278814792633
batadal,cnn,123,0,213,0,0,0.07393336296081543,0.1154278814792633
batadal,cnn,123,0,214,0,0,0.0860724076628685,0.1154278814792633
batadal,cnn,123,0,215,0,0,0.08613335341215134,0.1154278814792633
batadal,cnn,123,0,216,0,0,0.08035553246736526,0.1154278814792633
batadal,cnn,123,0,217,0,0,0.07854823768138885,0.1154278814792633
batadal,cnn,123,0,218,0,0,0.08893262594938278,0.1154278814792633
batadal,cnn,123,0,219,0,0,0.08426481485366821,0.1154278814792633
batadal,cnn,123,0,220,0,0,0.0959022268652916,0.1154278814792633
batadal,cnn,123,0,221,0,0,0.09388718754053116,0.1154278814792633
batadal,cnn,123,0,222,0,0,0.08687017112970352,0.1154278814792633
batadal,cnn,123,0,223,0,0,0.09224628657102585,0.1154278814792633
batadal,cnn,123,0,224,0,0,0.0882989764213562,0.1154278814792633
batadal,cnn,123,0,225,0,0,0.09345397353172302,0.1154278814792633
batadal,cnn,123,0,226,0,0,0.08870965242385864,0.1154278814792633
batadal,cnn,123,0,227,0,0,0.09251779317855835,0.1154278814792633
batadal,cnn,123,0,228,0,0,0.09084980934858322,0.1154278814792633
batadal,cnn,123,0,229,0,0,0.08093544095754623,0.1154278814792633
batadal,cnn,123,0,230,0,0,0.08209537714719772,0.1154278814792633
batadal,cnn,123,0,231,0,0,0.08600734919309616,0.1154278814792633
batadal,cnn,123,0,232,0,0,0.08323955535888672,0.1154278814792633
batadal,cnn,123,0,233,0,0,0.07931997627019882,0.1154278814792633
batadal,cnn,123,0,234,0,0,0.08533556759357452,0.1154278814792633
batadal,cnn,123,0,235,0,0,0.0932939350605011,0.1154278814792633
batadal,cnn,123,0,236,0,0,0.09043040126562119,0.1154278814792633
batadal,cnn,123,0,237,0,0,0.08579762279987335,0.1154278814792633
batadal,cnn,123,0,238,0,0,0.08836028724908829,0.1154278814792633
batadal,cnn,123,0,239,0,0,0.09476783871650696,0.1154278814792633
batadal,cnn,123,0,240,0,0,0.0859246626496315,0.1154278814792633
batadal,cnn,123,0,241,0,0,0.09002301841974258,0.1154278814792633
batadal,cnn,123,0,242,0,0,0.0895017609000206,0.1154278814792633
batadal,cnn,123,0,243,0,0,0.09814947098493576,0.1154278814792633
batadal,cnn,123,0,244,0,0,0.09041454643011093,0.1154278814792633
batadal,cnn,123,0,245,0,0,0.09311052411794662,0.1154278814792633
batadal,cnn,123,0,246,0,0,0.09515645354986191,0.1154278814792633
batadal,cnn,123,0,247,0,0,0.09822869300842285,0.1154278814792633
batadal,cnn,123,0,248,0,0,0.08572088927030563,0.1154278814792633
batadal,cnn,123,0,249,0,0,0.10583905875682831,0.1154278814792633
batadal,cnn,123,0,250,0,0,0.0977192372083664,0.1154278814792633
batadal,cnn,123,0,251,0,0,0.0914745032787323,0.1154278814792633
batadal,cnn,123,0,252,0,0,0.09236833453178406,0.1154278814792633
batadal,cnn,123,0,253,0,0,0.09814558923244476,0.1154278814792633
batadal,cnn,123,0,254,0,0,0.0961889922618866,0.1154278814792633
batadal,cnn,123,0,255,0,0,0.10054868459701538,0.1154278814792633
batadal,cnn,123,0,256,0,0,0.09937002509832382,0.1154278814792633
batadal,cnn,123,0,257,0,0,0.10121428221464157,0.1154278814792633
batadal,cnn,123,0,258,0,0,0.10151075571775436,0.1154278814792633
batadal,cnn,123,0,259,0,0,0.10393472760915756,0.1154278814792633
batadal,cnn,123,0,260,0,0,0.10390565544366837,0.1154278814792633
batadal,cnn,123,0,261,0,0,0.1051897257566452,0.1154278814792633
batadal,cnn,123,0,262,0,0,0.1001214012503624,0.1154278814792633
batadal,cnn,123,0,263,0,0,0.08984316140413284,0.1154278814792633
batadal,cnn,123,0,264,0,0,0.09332437813282013,0.1154278814792633
batadal,cnn,123,0,265,0,0,0.0813785195350647,0.1154278814792633
batadal,cnn,123,0,266,0,0,0.07651425153017044,0.1154278814792633
batadal,cnn,123,0,267,0,0,0.08748370409011841,0.1154278814792633
batadal,cnn,123,0,268,0,0,0.09033050388097763,0.1154278814792633
batadal,cnn,123,0,269,0,0,0.0807417556643486,0.1154278814792633
batadal,cnn,123,0,270,0,0,0.0798969492316246,0.1154278814792633
batadal,cnn,123,0,271,0,0,0.08790424466133118,0.1154278814792633
batadal,cnn,123,0,272,0,0,0.08698085695505142,0.1154278814792633
batadal,cnn,123,0,273,0,0,0.09615817666053772,0.1154278814792633
batadal,cnn,123,0,274,0,0,0.09615547209978104,0.1154278814792633
batadal,cnn,123,0,275,0,0,0.09056278318166733,0.1154278814792633
batadal,cnn,123,0,276,0,0,0.09364251792430878,0.1154278814792633
batadal,cnn,123,0,277,0,0,0.09101507812738419,0.1154278814792633
batadal,cnn,123,0,278,0,0,0.08438530564308167,0.1154278814792633
batadal,cnn,123,0,279,0,0,0.09496549516916275,0.1154278814792633
batadal,cnn,123,0,280,0,0,0.101259745657444,0.1154278814792633
batadal,cnn,123,0,281,0,0,0.08918280899524689,0.1154278814792633
batadal,cnn,123,0,282,0,0,0.09238535165786743,0.1154278814792633
batadal,cnn,123,0,283,0,0,0.09868427366018295,0.1154278814792633
batadal,cnn,123,0,284,0,0,0.0939716324210167,0.1154278814792633
batadal,cnn,123,0,285,0,0,0.101796954870224,0.1154278814792633
batadal,cnn,123,0,286,0,0,0.09904191642999649,0.1154278814792633
batadal,cnn,123,0,287,0,0,0.10052680224180222,0.1154278814792633
batadal,cnn,123,0,288,0,0,0.11023814976215363,0.1154278814792633
batadal,cnn,123,0,289,0,1,0.1170576885342598,0.1154278814792633
batadal,cnn,123,0,290,0,0,0.10706997662782669,0.1154278814792633
batadal,cnn,123,0,291,0,0,0.1125146895647049,0.1154278814792633
batadal,cnn,123,0,292,0,0,0.11082805693149567,0.1154278814792633
batadal,cnn,123,0,293,0,0,0.10418840497732162,0.1154278814792633
batadal,cnn,123,0,294,0,0,0.1091216504573822,0.1154278814792633
batadal,cnn,123,0,295,0,0,0.11362913250923157,0.1154278814792633
batadal,cnn,123,0,296,0,0,0.1081843376159668,0.1154278814792633
batadal,cnn,123,0,297,0,0,0.10119561105966568,0.1154278814792633
batadal,cnn,123,0,298,0,0,0.0902768224477768,0.1154278814792633
batadal,cnn,123,0,299,0,0,0.10971593856811523,0.1154278814792633
batadal,cnn,123,0,300,0,0,0.099685899913311,0.1154278814792633
batadal,cnn,123,0,301,1,0,0.10541003197431564,0.1154278814792633
batadal,cnn,123,0,302,1,0,0.10469634085893631,0.1154278814792633
batadal,cnn,123,0,303,1,1,0.1180635467171669,0.1154278814792633
batadal,cnn,123,0,304,1,0,0.10531763732433319,0.1154278814792633
batadal,cnn,123,0,305,1,0,0.10925174504518509,0.1154278814792633
batadal,cnn,123,0,306,1,0,0.1018003299832344,0.1154278814792633
batadal,cnn,123,0,307,1,0,0.11149460077285767,0.1154278814792633
batadal,cnn,123,0,308,1,0,0.11175880581140518,0.1154278814792633
batadal,cnn,123,0,309,1,1,0.12345756590366364,0.1154278814792633
batadal,cnn,123,0,310,1,0,0.1152503564953804,0.1154278814792633
batadal,cnn,123,0,311,1,0,0.10578503459692001,0.1154278814792633
batadal,cnn,123,0,312,1,1,0.12727424502372742,0.1154278814792633
batadal,cnn,123,0,313,1,0,0.10688315331935883,0.1154278814792633
batadal,cnn,123,0,314,1,0,0.11041147261857986,0.1154278814792633
batadal,cnn,123,0,315,1,1,0.1268066167831421,0.1154278814792633
batadal,cnn,123,0,316,1,1,0.13288791477680206,0.1154278814792633
batadal,cnn,123,0,317,1,1,0.12150236964225769,0.1154278814792633
batadal,cnn,123,0,318,1,0,0.11026237159967422,0.1154278814792633
batadal,cnn,123,0,319,1,1,0.12125133723020554,0.1154278814792633
batadal,cnn,123,0,320,1,1,0.11621119827032089,0.1154278814792633
batadal,cnn,123,0,321,1,0,0.09994429349899292,0.1154278814792633
batadal,cnn,123,0,322,1,0,0.10526236891746521,0.1154278814792633
batadal,cnn,123,0,323,1,1,0.11663148552179337,0.1154278814792633
batadal,cnn,123,0,324,1,1,0.1237718015909195,0.1154278814792633
batadal,cnn,123,0,325,1,0,0.10576112568378448,0.1154278814792633
batadal,cnn,123,0,326,1,0,0.09121216088533401,0.1154278814792633
batadal,cnn,123,0,327,1,0,0.10570015013217926,0.1154278814792633
batadal,cnn,123,0,328,1,1,0.11767502874135971,0.1154278814792633
batadal,cnn,123,0,329,1,0,0.11416000127792358,0.1154278814792633
batadal,cnn,123,0,330,1,1,0.11793512105941772,0.1154278814792633
batadal,cnn,123,0,331,1,0,0.11182841658592224,0.1154278814792633
batadal,cnn,123,0,332,1,0,0.09071959555149078,0.1154278814792633
batadal,cnn,123,0,333,1,1,0.11610841006040573,0.1154278814792633
batadal,cnn,123,0,334,1,0,0.11382772773504257,0.1154278814792633
batadal,cnn,123,0,335,1,0,0.10757028311491013,0.1154278814792633
batadal,cnn,123,0,336,1,0,0.10484204441308975,0.1154278814792633
batadal,cnn,123,0,337,1,0,0.10856856405735016,0.1154278814792633
batadal,cnn,123,0,338,1,0,0.11352691799402237,0.1154278814792633
batadal,cnn,123,0,339,1,0,0.10968881845474243,0.1154278814792633
batadal,cnn,123,0,340,1,0,0.11245445907115936,0.1154278814792633
batadal,cnn,123,0,341,1,1,0.12009841203689575,0.1154278814792633
batadal,cnn,123,0,342,1,1,0.11796098947525024,0.1154278814792633
batadal,cnn,123,0,343,1,0,0.10564752668142319,0.1154278814792633
batadal,cnn,123,0,344,1,0,0.1051030158996582,0.1154278814792633
batadal,cnn,123,0,345,1,0,0.106712207198143,0.1154278814792633
batadal,cnn,123,0,346,1,0,0.0983855128288269,0.1154278814792633
batadal,cnn,123,0,347,1,0,0.11054985225200653,0.1154278814792633
batadal,cnn,123,0,348,1,0,0.11463744938373566,0.1154278814792633
batadal,cnn,123,0,349,1,0,0.10227851569652557,0.1154278814792633
batadal,cnn,123,0,350,1,1,0.11555834859609604,0.1154278814792633
batadal,cnn,123,0,351,1,1,0.12320519238710403,0.1154278814792633
batadal,cnn,123,0,352,1,0,0.10514512658119202,0.1154278814792633
batadal,cnn,123,0,353,1,0,0.10847330093383789,0.1154278814792633
batadal,cnn,123,0,354,1,0,0.10285340249538422,0.1154278814792633
batadal,cnn,123,0,355,1,1,0.1254417598247528,0.1154278814792633
batadal,cnn,123,0,356,1,1,0.14067618548870087,0.1154278814792633
batadal,cnn,123,0,357,1,1,0.14004670083522797,0.1154278814792633
batadal,cnn,123,0,358,1,1,0.12691311538219452,0.1154278814792633
batadal,cnn,123,0,359,1,1,0.1166902706027031,0.1154278814792633
batadal,cnn,123,0,360,1,1,0.11792340874671936,0.1154278814792633
batadal,cnn,123,0,361,1,1,0.13093538582324982,0.1154278814792633
batadal,cnn,123,0,362,1,1,0.14638681709766388,0.1154278814792633
batadal,cnn,123,0,363,1,1,0.16009174287319183,0.1154278814792633
batadal,cnn,123,0,364,1,1,0.1466744840145111,0.1154278814792633
batadal,cnn,123,0,365,1,1,0.131693035364151,0.1154278814792633
batadal,cnn,123,0,366,1,1,0.1399422585964203,0.1154278814792633
batadal,cnn,123,0,367,1,1,0.13964231312274933,0.1154278814792633
batadal,cnn,123,0,368,1,1,0.14848001301288605,0.1154278814792633
batadal,cnn,123,0,369,1,1,0.15860795974731445,0.1154278814792633
batadal,cnn,123,0,370,1,1,0.15993951261043549,0.1154278814792633
batadal,cnn,123,0,371,1,1,0.1397450864315033,0.1154278814792633
batadal,cnn,123,0,372,1,1,0.13697728514671326,0.1154278814792633
batadal,cnn,123,0,373,1,1,0.13604755699634552,0.1154278814792633
batadal,cnn,123,0,374,1,1,0.13076665997505188,0.1154278814792633
batadal,cnn,123,0,375,1,1,0.1610633283853531,0.1154278814792633
batadal,cnn,123,0,376,1,1,0.17146138846874237,0.1154278814792633
batadal,cnn,123,0,377,1,1,0.163741335272789,0.1154278814792633
batadal,cnn,123,0,378,1,1,0.15229755640029907,0.1154278814792633
batadal,cnn,123,0,379,1,1,0.14528729021549225,0.1154278814792633
batadal,cnn,123,0,380,1,1,0.14420086145401,0.1154278814792633
batadal,cnn,123,0,381,1,1,0.15419287979602814,0.1154278814792633
batadal,cnn,123,0,382,1,1,0.15738819539546967,0.1154278814792633
batadal,cnn,123,0,383,1,1,0.15942935645580292,0.1154278814792633
batadal,cnn,123,0,384,1,1,0.15854451060295105,0.1154278814792633
batadal,cnn,123,0,385,1,1,0.15249885618686676,0.1154278814792633
batadal,cnn,123,0,386,1,1,0.14995649456977844,0.1154278814792633
batadal,cnn,123,0,387,1,1,0.13914473354816437,0.1154278814792633
batadal,cnn,123,0,388,1,1,0.14003925025463104,0.1154278814792633
batadal,cnn,123,0,389,1,1,0.15925666689872742,0.1154278814792633
batadal,cnn,123,0,390,1,1,0.1626155972480774,0.1154278814792633
batadal,cnn,123,0,391,1,1,0.13532227277755737,0.1154278814792633
batadal,cnn,123,0,392,1,1,0.13195930421352386,0.1154278814792633
batadal,cnn,123,0,393,1,1,0.13361810147762299,0.1154278814792633
batadal,cnn,123,0,394,1,1,0.13006627559661865,0.1154278814792633
batadal,cnn,123,0,395,1,1,0.12038476765155792,0.1154278814792633
batadal,cnn,123,0,396,1,1,0.12707902491092682,0.1154278814792633
batadal,cnn,123,0,397,1,1,0.13588902354240417,0.1154278814792633
batadal,cnn,123,0,398,1,1,0.14581626653671265,0.1154278814792633
batadal,cnn,123,0,399,1,1,0.1377318799495697,0.1154278814792633
batadal,cnn,123,0,400,1,1,0.1238497644662857,0.1154278814792633
batadal,cnn,123,0,401,1,1,0.12055347114801407,0.1154278814792633
batadal,cnn,123,0,402,1,1,0.1275693029165268,0.1154278814792633
batadal,cnn,123,0,403,1,1,0.13161446154117584,0.1154278814792633
batadal,cnn,123,0,404,1,1,0.12708869576454163,0.1154278814792633
batadal,cnn,123,0,405,1,1,0.13143421709537506,0.1154278814792633
batadal,cnn,123,0,406,1,1,0.13096457719802856,0.1154278814792633
batadal,cnn,123,0,407,1,0,0.11135714501142502,0.1154278814792633
batadal,cnn,123,0,408,1,0,0.1149238795042038,0.1154278814792633
batadal,cnn,123,0,409,1,1,0.12708063423633575,0.1154278814792633
batadal,cnn,123,0,410,1,1,0.13278728723526,0.1154278814792633
batadal,cnn,123,0,411,1,1,0.14020802080631256,0.1154278814792633
batadal,cnn,123,0,412,1,1,0.1357404738664627,0.1154278814792633
batadal,cnn,123,0,413,1,1,0.12173325568437576,0.1154278814792633
batadal,cnn,123,0,414,1,0,0.11101334542036057,0.1154278814792633
batadal,cnn,123,0,415,1,0,0.11350305378437042,0.1154278814792633
batadal,cnn,123,0,416,1,1,0.1213018000125885,0.1154278814792633
batadal,cnn,123,0,417,1,1,0.1352567970752716,0.1154278814792633
batadal,cnn,123,0,418,1,1,0.1292169690132141,0.1154278814792633
batadal,cnn,123,0,419,1,0,0.10323631018400192,0.1154278814792633
batadal,cnn,123,0,420,1,0,0.1019737720489502,0.1154278814792633
batadal,cnn,123,0,421,1,0,0.10489938408136368,0.1154278814792633
batadal,cnn,123,0,422,1,0,0.1106548085808754,0.1154278814792633
batadal,cnn,123,0,423,1,0,0.11131410300731659,0.1154278814792633
batadal,cnn,123,0,424,1,1,0.11626945436000824,0.1154278814792633
batadal,cnn,123,0,425,1,0,0.11215855926275253,0.1154278814792633
batadal,cnn,123,0,426,1,0,0.10950102657079697,0.1154278814792633
batadal,cnn,123,0,427,1,0,0.1033206582069397,0.1154278814792633
batadal,cnn,123,0,428,1,0,0.10235507786273956,0.1154278814792633
batadal,cnn,123,0,429,1,0,0.10815726965665817,0.1154278814792633
batadal,cnn,123,0,430,1,0,0.10860051214694977,0.1154278814792633
batadal,cnn,123,0,431,1,0,0.10208871960639954,0.1154278814792633
batadal,cnn,123,0,432,1,0,0.10439807176589966,0.1154278814792633
batadal,cnn,123,0,433,1,0,0.10229840129613876,0.1154278814792633
batadal,cnn,123,0,434,1,0,0.10730940848588943,0.1154278814792633
batadal,cnn,123,0,435,1,0,0.09899041801691055,0.1154278814792633
batadal,cnn,123,0,436,1,0,0.09587832540273666,0.1154278814792633
batadal,cnn,123,0,437,1,0,0.10173866897821426,0.1154278814792633
batadal,cnn,123,0,438,1,0,0.10649874061346054,0.1154278814792633
batadal,cnn,123,0,439,1,0,0.11013438552618027,0.1154278814792633
batadal,cnn,123,0,440,1,0,0.10151448845863342,0.1154278814792633
batadal,cnn,123,0,441,1,0,0.101795494556427,0.1154278814792633
batadal,cnn,123,0,442,1,0,0.1030082032084465,0.1154278814792633
batadal,cnn,123,0,443,1,0,0.09397444874048233,0.1154278814792633
batadal,cnn,123,0,444,1,0,0.09611000865697861,0.1154278814792633
batadal,cnn,123,0,445,1,0,0.10617396980524063,0.1154278814792633
batadal,cnn,123,0,446,1,0,0.10833883285522461,0.1154278814792633
batadal,cnn,123,0,447,1,0,0.10022305697202682,0.1154278814792633
batadal,cnn,123,0,448,1,0,0.10270896553993225,0.1154278814792633
batadal,cnn,123,0,449,1,0,0.09560739248991013,0.1154278814792633
batadal,cnn,123,0,450,1,0,0.09734359383583069,0.1154278814792633
batadal,cnn,123,0,451,1,0,0.10578601807355881,0.1154278814792633
batadal,cnn,123,0,452,1,0,0.10991024971008301,0.1154278814792633
batadal,cnn,123,0,453,1,0,0.0976308137178421,0.1154278814792633
batadal,cnn,123,0,454,1,0,0.09237074851989746,0.1154278814792633
batadal,cnn,123,0,455,1,0,0.09040652960538864,0.1154278814792633
batadal,cnn,123,0,456,1,0,0.09580680727958679,0.1154278814792633
batadal,cnn,123,0,457,1,0,0.08323076367378235,0.1154278814792633
batadal,cnn,123,0,458,1,0,0.08819341659545898,0.1154278814792633
batadal,cnn,123,0,459,1,0,0.083009272813797,0.1154278814792633
batadal,cnn,123,0,460,1,0,0.0812099277973175,0.1154278814792633
batadal,cnn,123,0,461,1,0,0.08527693897485733,0.1154278814792633
batadal,cnn,123,0,462,1,0,0.0826224535703659,0.1154278814792633
batadal,cnn,123,0,463,1,0,0.07931414246559143,0.1154278814792633
batadal,cnn,123,0,464,1,0,0.08715169876813889,0.1154278814792633
batadal,cnn,123,0,465,1,0,0.09150905907154083,0.1154278814792633
batadal,cnn,123,0,466,1,0,0.07873062044382095,0.1154278814792633
batadal,cnn,123,0,467,1,0,0.06991477310657501,0.1154278814792633
batadal,cnn,123,0,468,1,0,0.07418332993984222,0.1154278814792633
batadal,cnn,123,0,469,1,0,0.08580508828163147,0.1154278814792633
batadal,cnn,123,0,470,1,0,0.08849511295557022,0.1154278814792633
batadal,cnn,123,0,471,1,0,0.08288097381591797,0.1154278814792633
batadal,cnn,123,0,472,1,0,0.07919199764728546,0.1154278814792633
batadal,cnn,123,0,473,0,0,0.08042751252651215,0.1154278814792633
batadal,cnn,123,0,474,0,0,0.08751306682825089,0.1154278814792633
batadal,cnn,123,0,475,0,0,0.08691010624170303,0.1154278814792633
batadal,cnn,123,0,476,0,0,0.08239014446735382,0.1154278814792633
batadal,cnn,123,0,477,0,0,0.08202663064002991,0.1154278814792633
batadal,cnn,123,0,478,0,0,0.08713705837726593,0.1154278814792633
batadal,cnn,123,0,479,0,0,0.08650951087474823,0.1154278814792633
batadal,cnn,123,0,480,0,0,0.0858316496014595,0.1154278814792633
batadal,cnn,123,0,481,0,0,0.07828531414270401,0.1154278814792633
batadal,cnn,123,0,482,0,0,0.07770782709121704,0.1154278814792633
batadal,cnn,123,0,483,0,0,0.07411427795886993,0.1154278814792633
batadal,cnn,123,0,484,0,0,0.08596418052911758,0.1154278814792633
batadal,cnn,123,0,485,0,0,0.085409015417099,0.1154278814792633
batadal,cnn,123,0,486,0,0,0.08518785238265991,0.1154278814792633
batadal,cnn,123,0,487,0,0,0.08764857053756714,0.1154278814792633
batadal,cnn,123,0,488,0,0,0.09011278301477432,0.1154278814792633
batadal,cnn,123,0,489,0,0,0.08341037482023239,0.1154278814792633
batadal,cnn,123,0,490,0,0,0.09025198221206665,0.1154278814792633
batadal,cnn,123,0,491,0,0,0.0914430022239685,0.1154278814792633
batadal,cnn,123,0,492,0,0,0.08744482696056366,0.1154278814792633
batadal,cnn,123,0,493,0,0,0.08939525485038757,0.1154278814792633
batadal,cnn,123,0,494,0,0,0.08689754456281662,0.1154278814792633
batadal,cnn,123,0,495,0,0,0.08918452262878418,0.1154278814792633
batadal,cnn,123,0,496,0,0,0.08349240571260452,0.1154278814792633
batadal,cnn,123,0,497,0,0,0.09386497735977173,0.1154278814792633
batadal,cnn,123,0,498,0,0,0.08889618515968323,0.1154278814792633
batadal,cnn,123,0,499,0,0,0.09895399957895279,0.1154278814792633
batadal,cnn,123,0,500,0,0,0.09754124283790588,0.1154278814792633
batadal,cnn,123,0,501,0,0,0.09611902385950089,0.1154278814792633
batadal,cnn,123,0,502,0,0,0.09306801110506058,0.1154278814792633
batadal,cnn,123,0,503,0,0,0.101017065346241,0.1154278814792633
batadal,cnn,123,0,504,0,0,0.10305896401405334,0.1154278814792633
batadal,cnn,123,0,505,0,0,0.10487183928489685,0.1154278814792633
batadal,cnn,123,0,506,0,0,0.10055273771286011,0.1154278814792633
batadal,cnn,123,0,507,0,0,0.0877121165394783,0.1154278814792633
batadal,cnn,123,0,508,0,0,0.09407006204128265,0.1154278814792633
batadal,cnn,123,0,509,0,0,0.10533296316862106,0.1154278814792633
batadal,cnn,123,0,510,0,0,0.09758594632148743,0.1154278814792633
batadal,cnn,123,0,511,0,0,0.09390072524547577,0.1154278814792633
batadal,cnn,123,0,512,0,0,0.09727247059345245,0.1154278814792633
batadal,cnn,123,0,513,0,0,0.09599626809358597,0.1154278814792633
batadal,cnn,123,0,514,0,0,0.10059523582458496,0.1154278814792633
batadal,cnn,123,0,515,0,0,0.10031615197658539,0.1154278814792633
batadal,cnn,123,0,516,0,0,0.10210518538951874,0.1154278814792633
batadal,cnn,123,0,517,0,0,0.08582884073257446,0.1154278814792633
batadal,cnn,123,0,518,0,0,0.0812307670712471,0.1154278814792633
batadal,cnn,123,0,519,0,0,0.08983945846557617,0.1154278814792633
batadal,cnn,123,0,520,0,0,0.0939597338438034,0.1154278814792633
batadal,cnn,123,0,521,0,0,0.09807077050209045,0.1154278814792633
batadal,cnn,123,0,522,0,0,0.09824332594871521,0.1154278814792633
batadal,cnn,123,0,523,0,0,0.09461560845375061,0.1154278814792633
batadal,cnn,123,0,524,0,0,0.09004801511764526,0.1154278814792633
batadal,cnn,123,0,525,0,0,0.09095624089241028,0.1154278814792633
batadal,cnn,123,0,526,0,0,0.0931987315416336,0.1154278814792633
batadal,cnn,123,0,527,0,0,0.09947773069143295,0.1154278814792633
batadal,cnn,123,0,528,0,0,0.09037903696298599,0.1154278814792633
batadal,cnn,123,0,529,0,0,0.08842198550701141,0.1154278814792633
batadal,cnn,123,0,530,0,0,0.08450198173522949,0.1154278814792633
batadal,cnn,123,0,531,0,0,0.08840744197368622,0.1154278814792633
batadal,cnn,123,0,532,0,0,0.08299814164638519,0.1154278814792633
batadal,cnn,123,0,533,0,0,0.09882187098264694,0.1154278814792633
batadal,cnn,123,0,534,0,0,0.09930849820375443,0.1154278814792633
batadal,cnn,123,0,535,0,0,0.08939208090305328,0.1154278814792633
batadal,cnn,123,0,536,0,0,0.08982441574335098,0.1154278814792633
batadal,cnn,123,0,537,0,0,0.09068501740694046,0.1154278814792633
batadal,cnn,123,0,538,0,0,0.08959319442510605,0.1154278814792633
batadal,cnn,123,0,539,0,0,0.09276540577411652,0.1154278814792633
batadal,cnn,123,0,540,0,0,0.08162181824445724,0.1154278814792633
batadal,cnn,123,0,541,0,0,0.0854295939207077,0.1154278814792633
batadal,cnn,123,0,542,0,0,0.0875900462269783,0.1154278814792633
batadal,cnn,123,0,543,0,0,0.08991264551877975,0.1154278814792633
batadal,cnn,123,0,544,0,0,0.09351376444101334,0.1154278814792633
batadal,cnn,123,0,545,0,0,0.09311261773109436,0.1154278814792633
batadal,cnn,123,0,546,0,0,0.09009028226137161,0.1154278814792633
batadal,cnn,123,0,547,0,0,0.0935727208852768,0.1154278814792633
batadal,cnn,123,0,548,0,0,0.08732762932777405,0.1154278814792633
batadal,cnn,123,0,549,0,0,0.09260677546262741,0.1154278814792633
batadal,cnn,123,0,550,0,0,0.09655924141407013,0.1154278814792633
batadal,cnn,123,0,551,0,0,0.092443086206913,0.1154278814792633
batadal,cnn,123,0,552,0,0,0.09601689130067825,0.1154278814792633
batadal,cnn,123,0,553,0,0,0.08868785202503204,0.1154278814792633
batadal,cnn,123,0,554,0,0,0.08794505894184113,0.1154278814792633
batadal,cnn,123,0,555,0,0,0.08328209072351456,0.1154278814792633
batadal,cnn,123,0,556,0,0,0.09132429957389832,0.1154278814792633
batadal,cnn,123,0,557,0,0,0.08767513930797577,0.1154278814792633
batadal,cnn,123,0,558,0,0,0.09307534992694855,0.1154278814792633
batadal,cnn,123,0,559,0,0,0.09813928604125977,0.1154278814792633
batadal,cnn,123,0,560,0,0,0.09243140369653702,0.1154278814792633
batadal,cnn,123,0,561,0,0,0.09386809170246124,0.1154278814792633
batadal,cnn,123,0,562,0,0,0.09037607908248901,0.1154278814792633
batadal,cnn,123,0,563,0,0,0.09451700001955032,0.1154278814792633
batadal,cnn,123,0,564,0,0,0.08928867429494858,0.1154278814792633
batadal,cnn,123,0,565,0,0,0.09733683615922928,0.1154278814792633
batadal,cnn,123,0,566,0,0,0.09742284566164017,0.1154278814792633
batadal,cnn,123,0,567,0,0,0.0937231034040451,0.1154278814792633
batadal,cnn,123,0,568,0,0,0.1022568866610527,0.1154278814792633
batadal,cnn,123,0,569,0,0,0.08032172173261642,0.1154278814792633
batadal,cnn,123,0,570,0,0,0.07723930478096008,0.1154278814792633
batadal,cnn,123,0,571,0,0,0.08053285628557205,0.1154278814792633
batadal,cnn,123,0,572,0,0,0.09093694388866425,0.1154278814792633
batadal,cnn,123,0,573,0,0,0.08822628110647202,0.1154278814792633
batadal,cnn,123,0,574,0,0,0.08024968951940536,0.1154278814792633
batadal,cnn,123,0,575,0,0,0.07705724984407425,0.1154278814792633
batadal,cnn,123,0,576,0,0,0.08065441250801086,0.1154278814792633
batadal,cnn,123,0,577,0,0,0.08786565810441971,0.1154278814792633
batadal,cnn,123,0,578,0,0,0.08419022709131241,0.1154278814792633
batadal,cnn,123,0,579,0,0,0.08522278070449829,0.1154278814792633
batadal,cnn,123,0,580,0,0,0.09039442241191864,0.1154278814792633
batadal,cnn,123,0,581,0,0,0.09104905277490616,0.1154278814792633
batadal,cnn,123,0,582,0,0,0.09137886017560959,0.1154278814792633
batadal,cnn,123,0,583,0,0,0.08395344018936157,0.1154278814792633
batadal,cnn,123,0,584,0,0,0.09164559096097946,0.1154278814792633
batadal,cnn,123,0,585,0,0,0.09005321562290192,0.1154278814792633
batadal,cnn,123,0,586,0,0,0.08715984225273132,0.1154278814792633
batadal,cnn,123,0,587,0,0,0.0862676352262497,0.1154278814792633
batadal,cnn,123,0,588,0,0,0.08108256012201309,0.1154278814792633
batadal,cnn,123,0,589,0,0,0.08324780315160751,0.1154278814792633
batadal,cnn,123,0,590,0,0,0.083529531955719,0.1154278814792633
batadal,cnn,123,0,591,0,0,0.08755633980035782,0.1154278814792633
batadal,cnn,123,0,592,0,0,0.09171966463327408,0.1154278814792633
batadal,cnn,123,0,593,0,0,0.0906905010342598,0.1154278814792633
batadal,cnn,123,0,594,0,0,0.08809605240821838,0.1154278814792633
batadal,cnn,123,0,595,0,0,0.09340834617614746,0.1154278814792633
batadal,cnn,123,0,596,0,0,0.09411909431219101,0.1154278814792633
batadal,cnn,123,0,597,0,0,0.0895606204867363,0.1154278814792633
batadal,cnn,123,0,598,0,0,0.09179414808750153,0.1154278814792633
batadal,cnn,123,0,599,0,0,0.08381534367799759,0.1154278814792633
batadal,cnn,123,0,600,0,0,0.0896618664264679,0.1154278814792633
batadal,cnn,123,0,601,0,0,0.08709632605314255,0.1154278814792633
batadal,cnn,123,0,602,0,0,0.08516991883516312,0.1154278814792633
batadal,cnn,123,0,603,0,0,0.08776670694351196,0.1154278814792633
batadal,cnn,123,0,604,0,0,0.08505358546972275,0.1154278814792633
batadal,cnn,123,0,605,0,0,0.07763221859931946,0.1154278814792633
batadal,cnn,123,0,606,0,0,0.08618944138288498,0.1154278814792633
batadal,cnn,123,0,607,0,0,0.08204824477434158,0.1154278814792633
batadal,cnn,123,0,608,0,0,0.0850234106183052,0.1154278814792633
batadal,cnn,123,0,609,0,0,0.07907482236623764,0.1154278814792633
batadal,cnn,123,0,610,0,0,0.08867998421192169,0.1154278814792633
batadal,cnn,123,0,611,0,0,0.08983463048934937,0.1154278814792633
batadal,cnn,123,0,612,0,0,0.08599062263965607,0.1154278814792633
batadal,cnn,123,0,613,0,0,0.08192083239555359,0.1154278814792633
batadal,cnn,123,0,614,0,0,0.09302520751953125,0.1154278814792633
batadal,cnn,123,0,615,0,0,0.09121489524841309,0.1154278814792633
batadal,cnn,123,0,616,0,0,0.08809304982423782,0.1154278814792633
batadal,cnn,123,0,617,0,0,0.08761624246835709,0.1154278814792633
batadal,cnn,123,0,618,0,0,0.08774679899215698,0.1154278814792633
batadal,cnn,123,0,619,0,0,0.08694271743297577,0.1154278814792633
batadal,cnn,123,0,620,0,0,0.07713139802217484,0.1154278814792633
batadal,cnn,123,0,621,0,0,0.0905846580862999,0.1154278814792633
batadal,cnn,123,0,622,0,0,0.08616965264081955,0.1154278814792633
batadal,cnn,123,0,623,0,0,0.07862629741430283,0.1154278814792633
batadal,cnn,123,0,624,0,0,0.08346356451511383,0.1154278814792633
batadal,cnn,123,0,625,0,0,0.0858873575925827,0.1154278814792633
batadal,cnn,123,0,626,0,0,0.08247198164463043,0.1154278814792633
batadal,cnn,123,0,627,0,0,0.0975283682346344,0.1154278814792633
batadal,cnn,123,0,628,0,0,0.10472410917282104,0.1154278814792633
batadal,cnn,123,0,629,0,0,0.08349922299385071,0.1154278814792633
batadal,cnn,123,0,630,0,0,0.07450758665800095,0.1154278814792633
batadal,cnn,123,0,631,0,0,0.08918562531471252,0.1154278814792633
batadal,cnn,123,0,632,0,0,0.08880262076854706,0.1154278814792633
batadal,cnn,123,0,633,0,0,0.08176814019680023,0.1154278814792633
batadal,cnn,123,0,634,0,0,0.08866395056247711,0.1154278814792633
batadal,cnn,123,0,635,0,0,0.08589084446430206,0.1154278814792633
batadal,cnn,123,0,636,0,0,0.07669272273778915,0.1154278814792633
batadal,cnn,123,0,637,0,0,0.07325723022222519,0.1154278814792633
batadal,cnn,123,0,638,0,0,0.083686463534832,0.1154278814792633
batadal,cnn,123,0,639,0,0,0.07400314509868622,0.1154278814792633
batadal,cnn,123,0,640,0,0,0.08416029810905457,0.1154278814792633
batadal,cnn,123,0,641,0,0,0.096037857234478,0.1154278814792633
batadal,cnn,123,0,642,0,0,0.08047380298376083,0.1154278814792633
batadal,cnn,123,0,643,0,0,0.0670064389705658,0.1154278814792633
batadal,cnn,123,0,644,0,0,0.07390301674604416,0.1154278814792633
batadal,cnn,123,0,645,0,0,0.08457701653242111,0.1154278814792633
batadal,cnn,123,0,646,0,0,0.09433185309171677,0.1154278814792633
batadal,cnn,123,0,647,0,0,0.08322522789239883,0.1154278814792633
batadal,cnn,123,0,648,0,0,0.08551856130361557,0.1154278814792633
batadal,cnn,123,0,649,0,0,0.06790177524089813,0.1154278814792633
batadal,cnn,123,0,650,0,0,0.07080667465925217,0.1154278814792633
batadal,cnn,123,0,651,0,0,0.07756032049655914,0.1154278814792633
batadal,cnn,123,0,652,0,0,0.08059507608413696,0.1154278814792633
batadal,cnn,123,0,653,0,0,0.07208132743835449,0.1154278814792633
batadal,cnn,123,0,654,0,0,0.08824705332517624,0.1154278814792633
batadal,cnn,123,0,655,0,0,0.07524004578590393,0.1154278814792633
batadal,cnn,123,0,656,0,0,0.07895801216363907,0.1154278814792633
batadal,cnn,123,0,657,0,0,0.0794844925403595,0.1154278814792633
batadal,cnn,123,0,658,0,0,0.08259976655244827,0.1154278814792633
batadal,cnn,123,0,659,0,0,0.07985994964838028,0.1154278814792633
batadal,cnn,123,0,660,0,0,0.07543996721506119,0.1154278814792633
batadal,cnn,123,0,661,0,0,0.0847034826874733,0.1154278814792633
batadal,cnn,123,0,662,0,0,0.0798020139336586,0.1154278814792633
batadal,cnn,123,0,663,0,0,0.07614898681640625,0.1154278814792633
batadal,cnn,123,0,664,0,0,0.08953294157981873,0.1154278814792633
batadal,cnn,123,0,665,0,0,0.07825837284326553,0.1154278814792633
batadal,cnn,123,0,666,0,0,0.08275888115167618,0.1154278814792633
batadal,cnn,123,0,667,0,0,0.0948757752776146,0.1154278814792633
batadal,cnn,123,0,668,0,0,0.08864055573940277,0.1154278814792633
batadal,cnn,123,0,669,0,0,0.08485981822013855,0.1154278814792633
batadal,cnn,123,0,670,0,0,0.0938062071800232,0.1154278814792633
batadal,cnn,123,0,671,0,0,0.0865454450249672,0.1154278814792633
batadal,cnn,123,0,672,0,0,0.08810121566057205,0.1154278814792633
batadal,cnn,123,0,673,0,0,0.09273828566074371,0.1154278814792633
batadal,cnn,123,0,674,0,0,0.09560093283653259,0.1154278814792633
batadal,cnn,123,0,675,0,0,0.09422849863767624,0.1154278814792633
batadal,cnn,123,0,676,0,0,0.09692243486642838,0.1154278814792633
batadal,cnn,123,0,677,0,0,0.09703584015369415,0.1154278814792633
batadal,cnn,123,0,678,0,0,0.09392371773719788,0.1154278814792633
batadal,cnn,123,0,679,0,0,0.08666122704744339,0.1154278814792633
batadal,cnn,123,0,680,0,0,0.10329467803239822,0.1154278814792633
batadal,cnn,123,0,681,0,0,0.10336357355117798,0.1154278814792633
batadal,cnn,123,0,682,0,0,0.08492766320705414,0.1154278814792633
batadal,cnn,123,0,683,0,0,0.09774895012378693,0.1154278814792633
batadal,cnn,123,0,684,0,0,0.08155770599842072,0.1154278814792633
batadal,cnn,123,0,685,0,0,0.07984838634729385,0.1154278814792633
batadal,cnn,123,0,686,0,0,0.09587278217077255,0.1154278814792633
batadal,cnn,123,0,687,0,0,0.09234807640314102,0.1154278814792633
batadal,cnn,123,0,688,0,0,0.0812394991517067,0.1154278814792633
batadal,cnn,123,0,689,0,0,0.08245069533586502,0.1154278814792633
batadal,cnn,123,0,690,0,0,0.09119034558534622,0.1154278814792633
batadal,cnn,123,0,691,0,0,0.07913130521774292,0.1154278814792633
batadal,cnn,123,0,692,0,0,0.0972437635064125,0.1154278814792633
batadal,cnn,123,0,693,0,0,0.09842175245285034,0.1154278814792633
batadal,cnn,123,0,694,0,0,0.08792989701032639,0.1154278814792633
batadal,cnn,123,0,695,0,0,0.10006922483444214,0.1154278814792633
batadal,cnn,123,0,696,0,0,0.09838300943374634,0.1154278814792633
batadal,cnn,123,0,697,0,0,0.0976477786898613,0.1154278814792633
batadal,cnn,123,0,698,0,0,0.09743408113718033,0.1154278814792633
batadal,cnn,123,0,699,0,0,0.10117395222187042,0.1154278814792633
batadal,cnn,123,0,700,0,0,0.09727293998003006,0.1154278814792633
batadal,cnn,123,0,701,0,0,0.09092195332050323,0.1154278814792633
batadal,cnn,123,0,702,0,0,0.10069803893566132,0.1154278814792633
batadal,cnn,123,0,703,0,0,0.0975431278347969,0.1154278814792633
batadal,cnn,123,0,704,0,0,0.10310085117816925,0.1154278814792633
batadal,cnn,123,0,705,0,0,0.10607858747243881,0.1154278814792633
batadal,cnn,123,0,706,0,0,0.10179336369037628,0.1154278814792633
batadal,cnn,123,0,707,0,0,0.10187410563230515,0.1154278814792633
batadal,cnn,123,0,708,0,0,0.09932685643434525,0.1154278814792633
batadal,cnn,123,0,709,0,0,0.10796871036291122,0.1154278814792633
batadal,cnn,123,0,710,0,0,0.09530939161777496,0.1154278814792633
batadal,cnn,123,0,711,0,0,0.09618987143039703,0.1154278814792633
batadal,cnn,123,0,712,0,0,0.10516589879989624,0.1154278814792633
batadal,cnn,123,0,713,0,0,0.10872755944728851,0.1154278814792633
batadal,cnn,123,0,714,0,0,0.09252095967531204,0.1154278814792633
batadal,cnn,123,0,715,0,0,0.10223743319511414,0.1154278814792633
batadal,cnn,123,0,716,0,0,0.09841003268957138,0.1154278814792633
batadal,cnn,123,0,717,0,0,0.10998212546110153,0.1154278814792633
batadal,cnn,123,0,718,0,0,0.10488857328891754,0.1154278814792633
batadal,cnn,123,0,719,0,0,0.1061515063047409,0.1154278814792633
batadal,cnn,123,0,720,0,0,0.1141679659485817,0.1154278814792633
batadal,cnn,123,0,721,0,0,0.10771424323320389,0.1154278814792633
batadal,cnn,123,0,722,0,0,0.1053381860256195,0.1154278814792633
batadal,cnn,123,0,723,0,0,0.0987112820148468,0.1154278814792633
batadal,cnn,123,0,724,0,0,0.09951554983854294,0.1154278814792633
batadal,cnn,123,0,725,0,0,0.1085788831114769,0.1154278814792633
batadal,cnn,123,0,726,0,0,0.09243182092905045,0.1154278814792633
batadal,cnn,123,0,727,0,0,0.0993996262550354,0.1154278814792633
batadal,cnn,123,0,728,0,0,0.09425540268421173,0.1154278814792633
batadal,cnn,123,0,729,0,0,0.09852735698223114,0.1154278814792633
batadal,cnn,123,0,730,0,0,0.09089246392250061,0.1154278814792633
batadal,cnn,123,0,731,0,0,0.10210929811000824,0.1154278814792633
batadal,cnn,123,0,732,0,0,0.10415485501289368,0.1154278814792633
batadal,cnn,123,0,733,0,0,0.10326725244522095,0.1154278814792633
batadal,cnn,123,0,734,0,0,0.1033240333199501,0.1154278814792633
batadal,cnn,123,0,735,0,0,0.10618142783641815,0.1154278814792633
batadal,cnn,123,0,736,0,0,0.11157026141881943,0.1154278814792633
batadal,cnn,2026,0,0,0,0,0.10536856949329376,0.1210808157920837
batadal,cnn,2026,0,1,0,0,0.0992983803153038,0.1210808157920837
batadal,cnn,2026,0,2,0,0,0.09128957986831665,0.1210808157920837
batadal,cnn,2026,0,3,0,0,0.09065914899110794,0.1210808157920837
batadal,cnn,2026,0,4,0,0,0.09021352976560593,0.1210808157920837
batadal,cnn,2026,0,5,0,0,0.08957041054964066,0.1210808157920837
batadal,cnn,2026,0,6,0,0,0.09236768633127213,0.1210808157920837
batadal,cnn,2026,0,7,0,0,0.10650022327899933,0.1210808157920837
batadal,cnn,2026,0,8,0,0,0.10351027548313141,0.1210808157920837
batadal,cnn,2026,0,9,0,0,0.1003529354929924,0.1210808157920837
batadal,cnn,2026,0,10,0,0,0.08960080146789551,0.1210808157920837
batadal,cnn,2026,0,11,0,0,0.1033754050731659,0.1210808157920837
batadal,cnn,2026,0,12,0,0,0.09132735431194305,0.1210808157920837
batadal,cnn,2026,0,13,0,0,0.08916133642196655,0.1210808157920837
batadal,cnn,2026,0,14,0,0,0.08906794339418411,0.1210808157920837
batadal,cnn,2026,0,15,0,0,0.09912481158971786,0.1210808157920837
batadal,cnn,2026,0,16,0,0,0.0997796282172203,0.1210808157920837
batadal,cnn,2026,0,17,0,0,0.10515035688877106,0.1210808157920837
batadal,cnn,2026,0,18,0,0,0.09611167758703232,0.1210808157920837
batadal,cnn,2026,0,19,0,0,0.10365209728479385,0.1210808157920837
batadal,cnn,2026,0,20,0,0,0.10174726694822311,0.1210808157920837
batadal,cnn,2026,0,21,0,0,0.10886615514755249,0.1210808157920837
batadal,cnn,2026,0,22,0,0,0.09340832382440567,0.1210808157920837
batadal,cnn,2026,0,23,0,0,0.09716266393661499,0.1210808157920837
batadal,cnn,2026,0,24,0,0,0.10029949247837067,0.1210808157920837
batadal,cnn,2026,0,25,0,0,0.10274042189121246,0.1210808157920837
batadal,cnn,2026,0,26,0,0,0.09903210401535034,0.1210808157920837
batadal,cnn,2026,0,27,0,0,0.09597387164831161,0.1210808157920837
batadal,cnn,2026,0,28,0,0,0.10059090703725815,0.1210808157920837
batadal,cnn,2026,0,29,0,0,0.10731614381074905,0.1210808157920837
batadal,cnn,2026,0,30,0,0,0.10056785494089127,0.1210808157920837
batadal,cnn,2026,0,31,0,0,0.103057362139225,0.1210808157920837
batadal,cnn,2026,0,32,0,0,0.10053101181983948,0.1210808157920837
batadal,cnn,2026,0,33,0,0,0.09753976762294769,0.1210808157920837
batadal,cnn,2026,0,34,0,0,0.08475589007139206,0.1210808157920837
batadal,cnn,2026,0,35,0,0,0.09315378963947296,0.1210808157920837
batadal,cnn,2026,0,36,0,0,0.0944259911775589,0.1210808157920837
batadal,cnn,2026,0,37,0,0,0.0934186726808548,0.1210808157920837
batadal,cnn,2026,0,38,0,0,0.09157077968120575,0.1210808157920837
batadal,cnn,2026,0,39,0,0,0.09906017035245895,0.1210808157920837
batadal,cnn,2026,0,40,0,0,0.09966468811035156,0.1210808157920837
batadal,cnn,2026,0,41,0,0,0.09795550256967545,0.1210808157920837
batadal,cnn,2026,0,42,0,0,0.088548444211483,0.1210808157920837
batadal,cnn,2026,0,43,0,0,0.09323644638061523,0.1210808157920837
batadal,cnn,2026,0,44,0,0,0.09709381312131882,0.1210808157920837
batadal,cnn,2026,0,45,0,0,0.09421853721141815,0.1210808157920837
batadal,cnn,2026,0,46,0,0,0.09752306342124939,0.1210808157920837
batadal,cnn,2026,0,47,0,0,0.100825235247612,0.1210808157920837
batadal,cnn,2026,0,48,0,0,0.09436000883579254,0.1210808157920837
batadal,cnn,2026,0,49,0,0,0.10208828747272491,0.1210808157920837
batadal,cnn,2026,0,50,0,0,0.09801971167325974,0.1210808157920837
batadal,cnn,2026,0,51,0,0,0.09470363706350327,0.1210808157920837
batadal,cnn,2026,0,52,0,0,0.09502369165420532,0.1210808157920837
batadal,cnn,2026,0,53,0,0,0.10197871923446655,0.1210808157920837
batadal,cnn,2026,0,54,0,0,0.08431749045848846,0.1210808157920837
batadal,cnn,2026,0,55,0,0,0.08634625375270844,0.1210808157920837
batadal,cnn,2026,0,56,0,0,0.0882159024477005,0.1210808157920837
batadal,cnn,2026,0,57,0,0,0.093075692653656,0.1210808157920837
batadal,cnn,2026,0,58,0,0,0.08307605981826782,0.1210808157920837
batadal,cnn,2026,0,59,0,0,0.09493929892778397,0.1210808157920837
batadal,cnn,2026,0,60,0,0,0.0800405889749527,0.1210808157920837
batadal,cnn,2026,0,61,0,0,0.08548048138618469,0.1210808157920837
batadal,cnn,2026,0,62,0,0,0.07610160112380981,0.1210808157920837
batadal,cnn,2026,0,63,0,0,0.08567681163549423,0.1210808157920837
batadal,cnn,2026,0,64,0,0,0.0951993390917778,0.1210808157920837
batadal,cnn,2026,0,65,0,0,0.08922739326953888,0.1210808157920837
batadal,cnn,2026,0,66,0,0,0.07257957756519318,0.1210808157920837
batadal,cnn,2026,0,67,0,0,0.08366797119379044,0.1210808157920837
batadal,cnn,2026,0,68,1,0,0.08963146805763245,0.1210808157920837
batadal,cnn,2026,0,69,1,0,0.09577462077140808,0.1210808157920837
batadal,cnn,2026,0,70,1,0,0.08587398380041122,0.1210808157920837
batadal,cnn,2026,0,71,1,0,0.09725307673215866,0.1210808157920837
batadal,cnn,2026,0,72,1,0,0.09514797478914261,0.1210808157920837
batadal,cnn,2026,0,73,1,0,0.08804187178611755,0.1210808157920837
batadal,cnn,2026,0,74,1,0,0.08379381150007248,0.1210808157920837
batadal,cnn,2026,0,75,1,0,0.08644913882017136,0.1210808157920837
batadal,cnn,2026,0,76,1,0,0.08509539812803268,0.1210808157920837
batadal,cnn,2026,0,77,1,0,0.09805760532617569,0.1210808157920837
batadal,cnn,2026,0,78,1,0,0.09158773720264435,0.1210808157920837
batadal,cnn,2026,0,79,1,0,0.09517067670822144,0.1210808157920837
batadal,cnn,2026,0,80,1,0,0.0932248905301094,0.1210808157920837
batadal,cnn,2026,0,81,1,0,0.09595581889152527,0.1210808157920837
batadal,cnn,2026,0,82,1,0,0.08891971409320831,0.1210808157920837
batadal,cnn,2026,0,83,1,0,0.08036716282367706,0.1210808157920837
batadal,cnn,2026,0,84,1,0,0.07772156596183777,0.1210808157920837
batadal,cnn,2026,0,85,1,0,0.08320705592632294,0.1210808157920837
batadal,cnn,2026,0,86,1,0,0.07262727618217468,0.1210808157920837
batadal,cnn,2026,0,87,1,0,0.08245546370744705,0.1210808157920837
batadal,cnn,2026,0,88,1,0,0.08243074268102646,0.1210808157920837
batadal,cnn,2026,0,89,1,0,0.07975015789270401,0.1210808157920837
batadal,cnn,2026,0,90,1,0,0.07160647213459015,0.1210808157920837
batadal,cnn,2026,0,91,1,0,0.07811181247234344,0.1210808157920837
batadal,cnn,2026,0,92,1,0,0.07628622651100159,0.1210808157920837
batadal,cnn,2026,0,93,1,0,0.08548603951931,0.1210808157920837
batadal,cnn,2026,0,94,1,0,0.08498253673315048,0.1210808157920837
batadal,cnn,2026,0,95,1,0,0.08434029668569565,0.1210808157920837
batadal,cnn,2026,0,96,1,0,0.08126550912857056,0.1210808157920837
batadal,cnn,2026,0,97,1,0,0.07589642703533173,0.1210808157920837
batadal,cnn,2026,0,98,1,0,0.07962626218795776,0.1210808157920837
batadal,cnn,2026,0,99,1,0,0.083070307970047,0.1210808157920837
batadal,cnn,2026,0,100,1,0,0.08007477968931198,0.1210808157920837
batadal,cnn,2026,0,101,1,0,0.0850633904337883,0.1210808157920837
batadal,cnn,2026,0,102,1,0,0.0863410010933876,0.1210808157920837
batadal,cnn,2026,0,103,1,0,0.08397138863801956,0.1210808157920837
batadal,cnn,2026,0,104,1,0,0.08840713649988174,0.1210808157920837
batadal,cnn,2026,0,105,1,0,0.09182009845972061,0.1210808157920837
batadal,cnn,2026,0,106,1,0,0.09126487374305725,0.1210808157920837
batadal,cnn,2026,0,107,1,0,0.08692949265241623,0.1210808157920837
batadal,cnn,2026,0,108,1,0,0.08529637008905411,0.1210808157920837
batadal,cnn,2026,0,109,1,0,0.08588119596242905,0.1210808157920837
batadal,cnn,2026,0,110,1,0,0.08752508461475372,0.1210808157920837
batadal,cnn,2026,0,111,1,0,0.08642780035734177,0.1210808157920837
batadal,cnn,2026,0,112,1,0,0.08576572686433792,0.1210808157920837
batadal,cnn,2026,0,113,1,0,0.09001047164201736,0.1210808157920837
batadal,cnn,2026,0,114,1,0,0.09205339103937149,0.1210808157920837
batadal,cnn,2026,0,115,1,0,0.0903889536857605,0.1210808157920837
batadal,cnn,2026,0,116,1,0,0.08565676957368851,0.1210808157920837
batadal,cnn,2026,0,117,1,0,0.08054187893867493,0.1210808157920837
batadal,cnn,2026,0,118,1,0,0.08387556672096252,0.1210808157920837
batadal,cnn,2026,0,119,1,0,0.08170470595359802,0.1210808157920837
batadal,cnn,2026,0,120,1,0,0.0832313820719719,0.1210808157920837
batadal,cnn,2026,0,121,1,0,0.08875219523906708,0.1210808157920837
batadal,cnn,2026,0,122,1,0,0.07841014862060547,0.1210808157920837
batadal,cnn,2026,0,123,1,0,0.0888017937541008,0.1210808157920837
batadal,cnn,2026,0,124,1,0,0.08596260100603104,0.1210808157920837
batadal,cnn,2026,0,125,1,0,0.08372561633586884,0.1210808157920837
batadal,cnn,2026,0,126,1,0,0.088911272585392,0.1210808157920837
batadal,cnn,2026,0,127,1,0,0.09271707385778427,0.1210808157920837
batadal,cnn,2026,0,128,1,0,0.09541139006614685,0.1210808157920837
batadal,cnn,2026,0,129,1,0,0.09098934382200241,0.1210808157920837
batadal,cnn,2026,0,130,1,0,0.08893625438213348,0.1210808157920837
batadal,cnn,2026,0,131,1,0,0.09396237134933472,0.1210808157920837
batadal,cnn,2026,0,132,1,0,0.08941317349672318,0.1210808157920837
batadal,cnn,2026,0,133,1,0,0.09224452823400497,0.1210808157920837
batadal,cnn,2026,0,134,1,0,0.08913937211036682,0.1210808157920837
batadal,cnn,2026,0,135,1,0,0.09299318492412567,0.1210808157920837
batadal,cnn,2026,0,136,1,0,0.09434547275304794,0.1210808157920837
batadal,cnn,2026,0,137,1,0,0.0939389169216156,0.1210808157920837
batadal,cnn,2026,0,138,1,0,0.08647764474153519,0.1210808157920837
batadal,cnn,2026,0,139,1,0,0.09286338835954666,0.1210808157920837
batadal,cnn,2026,0,140,1,0,0.0962260439991951,0.1210808157920837
batadal,cnn,2026,0,141,1,0,0.0918307900428772,0.1210808157920837
batadal,cnn,2026,0,142,1,0,0.09445160627365112,0.1210808157920837
batadal,cnn,2026,0,143,1,0,0.09455953538417816,0.1210808157920837
batadal,cnn,2026,0,144,1,0,0.07343298941850662,0.1210808157920837
batadal,cnn,2026,0,145,1,0,0.08307524025440216,0.1210808157920837
batadal,cnn,2026,0,146,1,0,0.07922535389661789,0.1210808157920837
batadal,cnn,2026,0,147,1,0,0.08164374530315399,0.1210808157920837
batadal,cnn,2026,0,148,1,0,0.08281122893095016,0.1210808157920837
batadal,cnn,2026,0,149,1,0,0.09101860970258713,0.1210808157920837
batadal,cnn,2026,0,150,1,0,0.08793091773986816,0.1210808157920837
batadal,cnn,2026,0,151,1,0,0.09067516028881073,0.1210808157920837
batadal,cnn,2026,0,152,1,0,0.08722539991140366,0.1210808157920837
batadal,cnn,2026,0,153,1,0,0.09221097826957703,0.1210808157920837
batadal,cnn,2026,0,154,1,0,0.08711004257202148,0.1210808157920837
batadal,cnn,2026,0,155,1,0,0.08164885640144348,0.1210808157920837
batadal,cnn,2026,0,156,1,0,0.07490622252225876,0.1210808157920837
batadal,cnn,2026,0,157,1,0,0.08972065895795822,0.1210808157920837
batadal,cnn,2026,0,158,1,0,0.07994480431079865,0.1210808157920837
batadal,cnn,2026,0,159,1,0,0.0853293389081955,0.1210808157920837
batadal,cnn,2026,0,160,1,0,0.09064344316720963,0.1210808157920837
batadal,cnn,2026,0,161,1,0,0.08931136131286621,0.1210808157920837
batadal,cnn,2026,0,162,1,0,0.08975920081138611,0.1210808157920837
batadal,cnn,2026,0,163,1,0,0.0947590097784996,0.1210808157920837
batadal,cnn,2026,0,164,1,0,0.09851380437612534,0.1210808157920837
batadal,cnn,2026,0,165,1,0,0.10231311619281769,0.1210808157920837
batadal,cnn,2026,0,166,1,0,0.10072843730449677,0.1210808157920837
batadal,cnn,2026,0,167,1,0,0.10297553986310959,0.1210808157920837
batadal,cnn,2026,0,168,1,0,0.0986718013882637,0.1210808157920837
batadal,cnn,2026,0,169,1,0,0.09851057827472687,0.1210808157920837
batadal,cnn,2026,0,170,1,0,0.09536266326904297,0.1210808157920837
batadal,cnn,2026,0,171,1,0,0.10143674910068512,0.1210808157920837
batadal,cnn,2026,0,172,1,0,0.09204115718603134,0.1210808157920837
batadal,cnn,2026,0,173,1,0,0.09196268767118454,0.1210808157920837
batadal,cnn,2026,0,174,0,0,0.08321350067853928,0.1210808157920837
batadal,cnn,2026,0,175,0,0,0.09970815479755402,0.1210808157920837
batadal,cnn,2026,0,176,0,0,0.09991738945245743,0.1210808157920837
batadal,cnn,2026,0,177,0,0,0.09419452399015427,0.1210808157920837
batadal,cnn,2026,0,178,0,0,0.08616206794977188,0.1210808157920837
batadal,cnn,2026,0,179,0,0,0.09511444717645645,0.1210808157920837
batadal,cnn,2026,0,180,0,0,0.0971347913146019,0.1210808157920837
batadal,cnn,2026,0,181,0,0,0.09609901160001755,0.1210808157920837
batadal,cnn,2026,0,182,0,0,0.09097211807966232,0.1210808157920837
batadal,cnn,2026,0,183,0,0,0.10047480463981628,0.1210808157920837
batadal,cnn,2026,0,184,0,0,0.09342636168003082,0.1210808157920837
batadal,cnn,2026,0,185,0,0,0.08997320383787155,0.1210808157920837
batadal,cnn,2026,0,186,0,0,0.08495578914880753,0.1210808157920837
batadal,cnn,2026,0,187,0,0,0.09356209635734558,0.1210808157920837
batadal,cnn,2026,0,188,0,0,0.10598593950271606,0.1210808157920837
batadal,cnn,2026,0,189,0,0,0.10540769249200821,0.1210808157920837
batadal,cnn,2026,0,190,0,0,0.09772787988185883,0.1210808157920837
batadal,cnn,2026,0,191,0,0,0.09693215042352676,0.1210808157920837
batadal,cnn,2026,0,192,0,0,0.09033960103988647,0.1210808157920837
batadal,cnn,2026,0,193,0,0,0.08975978195667267,0.1210808157920837
batadal,cnn,2026,0,194,0,0,0.08562406897544861,0.1210808157920837
batadal,cnn,2026,0,195,0,0,0.09300925582647324,0.1210808157920837
batadal,cnn,2026,0,196,0,0,0.09975742548704147,0.1210808157920837
batadal,cnn,2026,0,197,0,0,0.09572168439626694,0.1210808157920837
batadal,cnn,2026,0,198,0,0,0.10080030560493469,0.1210808157920837
batadal,cnn,2026,0,199,0,0,0.11022230237722397,0.1210808157920837
batadal,cnn,2026,0,200,0,0,0.10292486846446991,0.1210808157920837
batadal,cnn,2026,0,201,0,0,0.09123700112104416,0.1210808157920837
batadal,cnn,2026,0,202,0,0,0.09395898133516312,0.1210808157920837
batadal,cnn,2026,0,203,0,0,0.08471538871526718,0.1210808157920837
batadal,cnn,2026,0,204,0,0,0.08151466399431229,0.1210808157920837
batadal,cnn,2026,0,205,0,0,0.08505129814147949,0.1210808157920837
batadal,cnn,2026,0,206,0,0,0.0991094782948494,0.1210808157920837
batadal,cnn,2026,0,207,0,0,0.09884390234947205,0.1210808157920837
batadal,cnn,2026,0,208,0,0,0.09184998273849487,0.1210808157920837
batadal,cnn,2026,0,209,0,0,0.09382357448339462,0.1210808157920837
batadal,cnn,2026,0,210,0,0,0.09656070917844772,0.1210808157920837
batadal,cnn,2026,0,211,0,0,0.0858369991183281,0.1210808157920837
batadal,cnn,2026,0,212,0,0,0.09262330085039139,0.1210808157920837
batadal,cnn,2026,0,213,0,0,0.08972501009702682,0.1210808157920837
batadal,cnn,2026,0,214,0,0,0.08916503190994263,0.1210808157920837
batadal,cnn,2026,0,215,0,0,0.10580209642648697,0.1210808157920837
batadal,cnn,2026,0,216,0,0,0.1041358932852745,0.1210808157920837
batadal,cnn,2026,0,217,0,0,0.09334398061037064,0.1210808157920837
batadal,cnn,2026,0,218,0,0,0.08707870543003082,0.1210808157920837
batadal,cnn,2026,0,219,0,0,0.10561098158359528,0.1210808157920837
batadal,cnn,2026,0,220,0,0,0.10198633372783661,0.1210808157920837
batadal,cnn,2026,0,221,0,0,0.10671663284301758,0.1210808157920837
batadal,cnn,2026,0,222,0,0,0.10960095375776291,0.1210808157920837
batadal,cnn,2026,0,223,0,0,0.11245256662368774,0.1210808157920837
batadal,cnn,2026,0,224,0,0,0.09843815863132477,0.1210808157920837
batadal,cnn,2026,0,225,0,0,0.10000582039356232,0.1210808157920837
batadal,cnn,2026,0,226,0,0,0.09867679327726364,0.1210808157920837
batadal,cnn,2026,0,227,0,0,0.10077131539583206,0.1210808157920837
batadal,cnn,2026,0,228,0,0,0.09970183670520782,0.1210808157920837
batadal,cnn,2026,0,229,0,0,0.0985489934682846,0.1210808157920837
batadal,cnn,2026,0,230,0,0,0.0909268856048584,0.1210808157920837
batadal,cnn,2026,0,231,0,0,0.10566170513629913,0.1210808157920837
batadal,cnn,2026,0,232,0,0,0.1003587618470192,0.1210808157920837
batadal,cnn,2026,0,233,0,0,0.10537665337324142,0.1210808157920837
batadal,cnn,2026,0,234,0,0,0.0917196273803711,0.1210808157920837
batadal,cnn,2026,0,235,0,0,0.09748707711696625,0.1210808157920837
batadal,cnn,2026,0,236,0,0,0.10457339882850647,0.1210808157920837
batadal,cnn,2026,0,237,0,0,0.09724444150924683,0.1210808157920837
batadal,cnn,2026,0,238,0,0,0.10323568433523178,0.1210808157920837
batadal,cnn,2026,0,239,0,0,0.102747343480587,0.1210808157920837
batadal,cnn,2026,0,240,0,0,0.09919100999832153,0.1210808157920837
batadal,cnn,2026,0,241,0,0,0.1066242977976799,0.1210808157920837
batadal,cnn,2026,0,242,0,0,0.10049983114004135,0.1210808157920837
batadal,cnn,2026,0,243,0,0,0.1173037439584732,0.1210808157920837
batadal,cnn,2026,0,244,0,0,0.1124458909034729,0.1210808157920837
batadal,cnn,2026,0,245,0,0,0.11154931783676147,0.1210808157920837
batadal,cnn,2026,0,246,0,0,0.10500764846801758,0.1210808157920837
batadal,cnn,2026,0,247,0,0,0.10004982352256775,0.1210808157920837
batadal,cnn,2026,0,248,0,0,0.10492734611034393,0.1210808157920837
batadal,cnn,2026,0,249,0,1,0.12352199852466583,0.1210808157920837
batadal,cnn,2026,0,250,0,0,0.11553575843572617,0.1210808157920837
batadal,cnn,2026,0,251,0,0,0.11747949570417404,0.1210808157920837
batadal,cnn,2026,0,252,0,0,0.10821685940027237,0.1210808157920837
batadal,cnn,2026,0,253,0,0,0.10634809732437134,0.1210808157920837
batadal,cnn,2026,0,254,0,0,0.09767848253250122,0.1210808157920837
batadal,cnn,2026,0,255,0,0,0.1136554554104805,0.1210808157920837
batadal,cnn,2026,0,256,0,0,0.11080916225910187,0.1210808157920837
batadal,cnn,2026,0,257,0,0,0.11307434737682343,0.1210808157920837
batadal,cnn,2026,0,258,0,0,0.10715733468532562,0.1210808157920837
batadal,cnn,2026,0,259,0,1,0.12344996631145477,0.1210808157920837
batadal,cnn,2026,0,260,0,0,0.11415764689445496,0.1210808157920837
batadal,cnn,2026,0,261,0,0,0.10748410224914551,0.1210808157920837
batadal,cnn,2026,0,262,0,0,0.09921018779277802,0.1210808157920837
batadal,cnn,2026,0,263,0,0,0.09940987825393677,0.1210808157920837
batadal,cnn,2026,0,264,0,0,0.10044629126787186,0.1210808157920837
batadal,cnn,2026,0,265,0,0,0.09793108701705933,0.1210808157920837
batadal,cnn,2026,0,266,0,0,0.08706514537334442,0.1210808157920837
batadal,cnn,2026,0,267,0,0,0.09325477480888367,0.1210808157920837
batadal,cnn,2026,0,268,0,0,0.09737590700387955,0.1210808157920837
batadal,cnn,2026,0,269,0,0,0.10257663577795029,0.1210808157920837
batadal,cnn,2026,0,270,0,0,0.0982944592833519,0.1210808157920837
batadal,cnn,2026,0,271,0,0,0.10500956326723099,0.1210808157920837
batadal,cnn,2026,0,272,0,0,0.09915465116500854,0.1210808157920837
batadal,cnn,2026,0,273,0,0,0.11604945361614227,0.1210808157920837
batadal,cnn,2026,0,274,0,0,0.11509991437196732,0.1210808157920837
batadal,cnn,2026,0,275,0,0,0.1114383339881897,0.1210808157920837
batadal,cnn,2026,0,276,0,0,0.10595529526472092,0.1210808157920837
batadal,cnn,2026,0,277,0,0,0.1021280363202095,0.1210808157920837
batadal,cnn,2026,0,278,0,0,0.10318054258823395,0.1210808157920837
batadal,cnn,2026,0,279,0,0,0.1131632998585701,0.1210808157920837
batadal,cnn,2026,0,280,0,0,0.11852994561195374,0.1210808157920837
batadal,cnn,2026,0,281,0,0,0.11643042415380478,0.1210808157920837
batadal,cnn,2026,0,282,0,0,0.10565008968114853,0.1210808157920837
batadal,cnn,2026,0,283,0,0,0.11784965544939041,0.1210808157920837
batadal,cnn,2026,0,284,0,0,0.11229991167783737,0.1210808157920837
batadal,cnn,2026,0,285,0,0,0.10603778809309006,0.1210808157920837
batadal,cnn,2026,0,286,0,0,0.1058444082736969,0.1210808157920837
batadal,cnn,2026,0,287,0,0,0.10974768549203873,0.1210808157920837
batadal,cnn,2026,0,288,0,1,0.1218707263469696,0.1210808157920837
batadal,cnn,2026,0,289,0,1,0.13030928373336792,0.1210808157920837
batadal,cnn,2026,0,290,0,0,0.1133827492594719,0.1210808157920837
batadal,cnn,2026,0,291,0,1,0.12326082587242126,0.1210808157920837
batadal,cnn,2026,0,292,0,0,0.1103440374135971,0.1210808157920837
batadal,cnn,2026,0,293,0,0,0.11542785912752151,0.1210808157920837
batadal,cnn,2026,0,294,0,0,0.1134539395570755,0.1210808157920837
batadal,cnn,2026,0,295,0,1,0.125585675239563,0.1210808157920837
batadal,cnn,2026,0,296,0,1,0.13527147471904755,0.1210808157920837
batadal,cnn,2026,0,297,0,1,0.12917843461036682,0.1210808157920837
batadal,cnn,2026,0,298,0,1,0.12153122574090958,0.1210808157920837
batadal,cnn,2026,0,299,0,1,0.13105759024620056,0.1210808157920837
batadal,cnn,2026,0,300,0,1,0.12945613265037537,0.1210808157920837
batadal,cnn,2026,0,301,1,0,0.11864809691905975,0.1210808157920837
batadal,cnn,2026,0,302,1,1,0.12432758510112762,0.1210808157920837
batadal,cnn,2026,0,303,1,1,0.14307722449302673,0.1210808157920837
batadal,cnn,2026,0,304,1,1,0.1420687437057495,0.1210808157920837
batadal,cnn,2026,0,305,1,1,0.1312740445137024,0.1210808157920837
batadal,cnn,2026,0,306,1,1,0.1315000206232071,0.1210808157920837
batadal,cnn,2026,0,307,1,1,0.14440010488033295,0.1210808157920837
batadal,cnn,2026,0,308,1,1,0.13813455402851105,0.1210808157920837
batadal,cnn,2026,0,309,1,1,0.1517215073108673,0.1210808157920837
batadal,cnn,2026,0,310,1,1,0.1464846283197403,0.1210808157920837
batadal,cnn,2026,0,311,1,1,0.1444810926914215,0.1210808157920837
batadal,cnn,2026,0,312,1,1,0.1444856971502304,0.1210808157920837
batadal,cnn,2026,0,313,1,1,0.12396285682916641,0.1210808157920837
batadal,cnn,2026,0,314,1,1,0.1264822632074356,0.1210808157920837
batadal,cnn,2026,0,315,1,1,0.13115617632865906,0.1210808157920837
batadal,cnn,2026,0,316,1,1,0.13432466983795166,0.1210808157920837
batadal,cnn,2026,0,317,1,1,0.1292693167924881,0.1210808157920837
batadal,cnn,2026,0,318,1,1,0.12689420580863953,0.1210808157920837
batadal,cnn,2026,0,319,1,1,0.14460211992263794,0.1210808157920837
batadal,cnn,2026,0,320,1,1,0.13105632364749908,0.1210808157920837
batadal,cnn,2026,0,321,1,0,0.1127813532948494,0.1210808157920837
batadal,cnn,2026,0,322,1,0,0.1138148382306099,0.1210808157920837
batadal,cnn,2026,0,323,1,1,0.12394149601459503,0.1210808157920837
batadal,cnn,2026,0,324,1,1,0.12391035258769989,0.1210808157920837
batadal,cnn,2026,0,325,1,0,0.1180945336818695,0.1210808157920837
batadal,cnn,2026,0,326,1,1,0.13304269313812256,0.1210808157920837
batadal,cnn,2026,0,327,1,1,0.12285798788070679,0.1210808157920837
batadal,cnn,2026,0,328,1,0,0.11191714555025101,0.1210808157920837
batadal,cnn,2026,0,329,1,0,0.1191428080201149,0.1210808157920837
batadal,cnn,2026,0,330,1,1,0.12881439924240112,0.1210808157920837
batadal,cnn,2026,0,331,1,1,0.1257738173007965,0.1210808157920837
batadal,cnn,2026,0,332,1,0,0.1146729439496994,0.1210808157920837
batadal,cnn,2026,0,333,1,1,0.1362367421388626,0.1210808157920837
batadal,cnn,2026,0,334,1,1,0.12371735274791718,0.1210808157920837
batadal,cnn,2026,0,335,1,1,0.1301119178533554,0.1210808157920837
batadal,cnn,2026,0,336,1,1,0.13581356406211853,0.1210808157920837
batadal,cnn,2026,0,337,1,1,0.1325528770685196,0.1210808157920837
batadal,cnn,2026,0,338,1,0,0.1190493106842041,0.1210808157920837
batadal,cnn,2026,0,339,1,0,0.11267181485891342,0.1210808157920837
batadal,cnn,2026,0,340,1,0,0.11766307801008224,0.1210808157920837
batadal,cnn,2026,0,341,1,0,0.1151893213391304,0.1210808157920837
batadal,cnn,2026,0,342,1,0,0.10703462362289429,0.1210808157920837
batadal,cnn,2026,0,343,1,1,0.12293685972690582,0.1210808157920837
batadal,cnn,2026,0,344,1,1,0.12840712070465088,0.1210808157920837
batadal,cnn,2026,0,345,1,1,0.12461792677640915,0.1210808157920837
batadal,cnn,2026,0,346,1,0,0.11659101396799088,0.1210808157920837
batadal,cnn,2026,0,347,1,0,0.114664226770401,0.1210808157920837
batadal,cnn,2026,0,348,1,0,0.11924845725297928,0.1210808157920837
batadal,cnn,2026,0,349,1,0,0.11763708293437958,0.1210808157920837
batadal,cnn,2026,0,350,1,0,0.11125452071428299,0.1210808157920837
batadal,cnn,2026,0,351,1,0,0.12068983167409897,0.1210808157920837
batadal,cnn,2026,0,352,1,1,0.12993736565113068,0.1210808157920837
batadal,cnn,2026,0,353,1,1,0.13329485058784485,0.1210808157920837
batadal,cnn,2026,0,354,1,1,0.12763722240924835,0.1210808157920837
batadal,cnn,2026,0,355,1,1,0.13156402111053467,0.1210808157920837
batadal,cnn,2026,0,356,1,1,0.1267613172531128,0.1210808157920837
batadal,cnn,2026,0,357,1,1,0.13775528967380524,0.1210808157920837
batadal,cnn,2026,0,358,1,1,0.140493243932724,0.1210808157920837
batadal,cnn,2026,0,359,1,1,0.14610756933689117,0.1210808157920837
batadal,cnn,2026,0,360,1,1,0.14584292471408844,0.1210808157920837
batadal,cnn,2026,0,361,1,1,0.13634072244167328,0.1210808157920837
batadal,cnn,2026,0,362,1,1,0.1352384388446808,0.1210808157920837
batadal,cnn,2026,0,363,1,1,0.13437221944332123,0.1210808157920837
batadal,cnn,2026,0,364,1,1,0.14333584904670715,0.1210808157920837
batadal,cnn,2026,0,365,1,1,0.15077830851078033,0.1210808157920837
batadal,cnn,2026,0,366,1,1,0.15676695108413696,0.1210808157920837
batadal,cnn,2026,0,367,1,1,0.1571752429008484,0.1210808157920837
batadal,cnn,2026,0,368,1,1,0.15311171114444733,0.1210808157920837
batadal,cnn,2026,0,369,1,1,0.14908239245414734,0.1210808157920837
batadal,cnn,2026,0,370,1,1,0.15530377626419067,0.1210808157920837
batadal,cnn,2026,0,371,1,1,0.15923641622066498,0.1210808157920837
batadal,cnn,2026,0,372,1,1,0.15108706057071686,0.1210808157920837
batadal,cnn,2026,0,373,1,1,0.1467769294977188,0.1210808157920837
batadal,cnn,2026,0,374,1,1,0.15920394659042358,0.1210808157920837
batadal,cnn,2026,0,375,1,1,0.17452731728553772,0.1210808157920837
batadal,cnn,2026,0,376,1,1,0.17565803229808807,0.1210808157920837
batadal,cnn,2026,0,377,1,1,0.16043813526630402,0.1210808157920837
batadal,cnn,2026,0,378,1,1,0.15447349846363068,0.1210808157920837
batadal,cnn,2026,0,379,1,1,0.15445959568023682,0.1210808157920837
batadal,cnn,2026,0,380,1,1,0.16045545041561127,0.1210808157920837
batadal,cnn,2026,0,381,1,1,0.1711513102054596,0.1210808157920837
batadal,cnn,2026,0,382,1,1,0.18178518116474152,0.1210808157920837
batadal,cnn,2026,0,383,1,1,0.18320418894290924,0.1210808157920837
batadal,cnn,2026,0,384,1,1,0.1681707799434662,0.1210808157920837
batadal,cnn,2026,0,385,1,1,0.160770982503891,0.1210808157920837
batadal,cnn,2026,0,386,1,1,0.17304548621177673,0.1210808157920837
batadal,cnn,2026,0,387,1,1,0.17320579290390015,0.1210808157920837
batadal,cnn,2026,0,388,1,1,0.16885845363140106,0.1210808157920837
batadal,cnn,2026,0,389,1,1,0.15564526617527008,0.1210808157920837
batadal,cnn,2026,0,390,1,1,0.1617320030927658,0.1210808157920837
batadal,cnn,2026,0,391,1,1,0.1483355164527893,0.1210808157920837
batadal,cnn,2026,0,392,1,1,0.15017272531986237,0.1210808157920837
batadal,cnn,2026,0,393,1,1,0.15061749517917633,0.1210808157920837
batadal,cnn,2026,0,394,1,1,0.15333251655101776,0.1210808157920837
batadal,cnn,2026,0,395,1,1,0.15656708180904388,0.1210808157920837
batadal,cnn,2026,0,396,1,1,0.1480531245470047,0.1210808157920837
batadal,cnn,2026,0,397,1,1,0.13702061772346497,0.1210808157920837
batadal,cnn,2026,0,398,1,1,0.14765186607837677,0.1210808157920837
batadal,cnn,2026,0,399,1,1,0.14413492381572723,0.1210808157920837
batadal,cnn,2026,0,400,1,1,0.1476256549358368,0.1210808157920837
batadal,cnn,2026,0,401,1,1,0.14548739790916443,0.1210808157920837
batadal,cnn,2026,0,402,1,1,0.14478754997253418,0.1210808157920837
batadal,cnn,2026,0,403,1,1,0.13832727074623108,0.1210808157920837
batadal,cnn,2026,0,404,1,1,0.1330574005842209,0.1210808157920837
batadal,cnn,2026,0,405,1,1,0.13532987236976624,0.1210808157920837
batadal,cnn,2026,0,406,1,1,0.14196962118148804,0.1210808157920837
batadal,cnn,2026,0,407,1,1,0.13616417348384857,0.1210808157920837
batadal,cnn,2026,0,408,1,1,0.13290584087371826,0.1210808157920837
batadal,cnn,2026,0,409,1,1,0.1321382373571396,0.1210808157920837
batadal,cnn,2026,0,410,1,1,0.13878507912158966,0.1210808157920837
batadal,cnn,2026,0,411,1,1,0.1461743265390396,0.1210808157920837
batadal,cnn,2026,0,412,1,1,0.13984984159469604,0.1210808157920837
batadal,cnn,2026,0,413,1,1,0.1440809965133667,0.1210808157920837
batadal,cnn,2026,0,414,1,1,0.14320936799049377,0.1210808157920837
batadal,cnn,2026,0,415,1,1,0.1373271495103836,0.1210808157920837
batadal,cnn,2026,0,416,1,1,0.13702721893787384,0.1210808157920837
batadal,cnn,2026,0,417,1,1,0.14539167284965515,0.1210808157920837
batadal,cnn,2026,0,418,1,1,0.13778656721115112,0.1210808157920837
batadal,cnn,2026,0,419,1,1,0.13522367179393768,0.1210808157920837
batadal,cnn,2026,0,420,1,1,0.13568630814552307,0.1210808157920837
batadal,cnn,2026,0,421,1,1,0.13329975306987762,0.1210808157920837
batadal,cnn,2026,0,422,1,1,0.13373607397079468,0.1210808157920837
batadal,cnn,2026,0,423,1,1,0.1298704594373703,0.1210808157920837
batadal,cnn,2026,0,424,1,1,0.13145193457603455,0.1210808157920837
batadal,cnn,2026,0,425,1,1,0.12879811227321625,0.1210808157920837
batadal,cnn,2026,0,426,1,0,0.12058916687965393,0.1210808157920837
batadal,cnn,2026,0,427,1,1,0.12603065371513367,0.1210808157920837
batadal,cnn,2026,0,428,1,1,0.12542007863521576,0.1210808157920837
batadal,cnn,2026,0,429,1,1,0.12352462112903595,0.1210808157920837
batadal,cnn,2026,0,430,1,1,0.12985824048519135,0.1210808157920837
batadal,cnn,2026,0,431,1,0,0.11519172787666321,0.1210808157920837
batadal,cnn,2026,0,432,1,0,0.11489652842283249,0.1210808157920837
batadal,cnn,2026,0,433,1,0,0.11137767136096954,0.1210808157920837
batadal,cnn,2026,0,434,1,1,0.12217014282941818,0.1210808157920837
batadal,cnn,2026,0,435,1,1,0.1254701167345047,0.1210808157920837
batadal,cnn,2026,0,436,1,0,0.12076254189014435,0.1210808157920837
batadal,cnn,2026,0,437,1,0,0.11686666309833527,0.1210808157920837
batadal,cnn,2026,0,438,1,1,0.12135468423366547,0.1210808157920837
batadal,cnn,2026,0,439,1,0,0.11807567626237869,0.1210808157920837
batadal,cnn,2026,0,440,1,1,0.12235958129167557,0.1210808157920837
batadal,cnn,2026,0,441,1,1,0.13100065290927887,0.1210808157920837
batadal,cnn,2026,0,442,1,1,0.13460983335971832,0.1210808157920837
batadal,cnn,2026,0,443,1,1,0.12614738941192627,0.1210808157920837
batadal,cnn,2026,0,444,1,0,0.11770803481340408,0.1210808157920837
batadal,cnn,2026,0,445,1,0,0.11201095581054688,0.1210808157920837
batadal,cnn,2026,0,446,1,0,0.11378063261508942,0.1210808157920837
batadal,cnn,2026,0,447,1,1,0.12234041839838028,0.1210808157920837
batadal,cnn,2026,0,448,1,0,0.12088172882795334,0.1210808157920837
batadal,cnn,2026,0,449,1,0,0.10551166534423828,0.1210808157920837
batadal,cnn,2026,0,450,1,0,0.11350538581609726,0.1210808157920837
batadal,cnn,2026,0,451,1,0,0.12002202123403549,0.1210808157920837
batadal,cnn,2026,0,452,1,0,0.11971136927604675,0.1210808157920837
batadal,cnn,2026,0,453,1,0,0.10453681647777557,0.1210808157920837
batadal,cnn,2026,0,454,1,0,0.10582336783409119,0.1210808157920837
batadal,cnn,2026,0,455,1,0,0.09019125252962112,0.1210808157920837
batadal,cnn,2026,0,456,1,0,0.09164498001337051,0.1210808157920837
batadal,cnn,2026,0,457,1,0,0.09539339691400528,0.1210808157920837
batadal,cnn,2026,0,458,1,0,0.10276181250810623,0.1210808157920837
batadal,cnn,2026,0,459,1,0,0.10393808037042618,0.1210808157920837
batadal,cnn,2026,0,460,1,0,0.10032377392053604,0.1210808157920837
batadal,cnn,2026,0,461,1,0,0.10084152966737747,0.1210808157920837
batadal,cnn,2026,0,462,1,0,0.0874873697757721,0.1210808157920837
batadal,cnn,2026,0,463,1,0,0.08979862183332443,0.1210808157920837
batadal,cnn,2026,0,464,1,0,0.09366625547409058,0.1210808157920837
batadal,cnn,2026,0,465,1,0,0.09675921499729156,0.1210808157920837
batadal,cnn,2026,0,466,1,0,0.083830825984478,0.1210808157920837
batadal,cnn,2026,0,467,1,0,0.08262486755847931,0.1210808157920837
batadal,cnn,2026,0,468,1,0,0.07825617492198944,0.1210808157920837
batadal,cnn,2026,0,469,1,0,0.10524280369281769,0.1210808157920837
batadal,cnn,2026,0,470,1,0,0.09415698051452637,0.1210808157920837
batadal,cnn,2026,0,471,1,0,0.0825391560792923,0.1210808157920837
batadal,cnn,2026,0,472,1,0,0.08559802919626236,0.1210808157920837
batadal,cnn,2026,0,473,0,0,0.09301310777664185,0.1210808157920837
batadal,cnn,2026,0,474,0,0,0.09998805075883865,0.1210808157920837
batadal,cnn,2026,0,475,0,0,0.10110044479370117,0.1210808157920837
batadal,cnn,2026,0,476,0,0,0.10812589526176453,0.1210808157920837
batadal,cnn,2026,0,477,0,0,0.09701814502477646,0.1210808157920837
batadal,cnn,2026,0,478,0,0,0.09227460622787476,0.1210808157920837
batadal,cnn,2026,0,479,0,0,0.08713529258966446,0.1210808157920837
batadal,cnn,2026,0,480,0,0,0.08639118820428848,0.1210808157920837
batadal,cnn,2026,0,481,0,0,0.0936315730214119,0.1210808157920837
batadal,cnn,2026,0,482,0,0,0.09656170010566711,0.1210808157920837
batadal,cnn,2026,0,483,0,0,0.08747046440839767,0.1210808157920837
batadal,cnn,2026,0,484,0,0,0.08780772238969803,0.1210808157920837
batadal,cnn,2026,0,485,0,0,0.09153477847576141,0.1210808157920837
batadal,cnn,2026,0,486,0,0,0.0926034152507782,0.1210808157920837
batadal,cnn,2026,0,487,0,0,0.10171037912368774,0.1210808157920837
batadal,cnn,2026,0,488,0,0,0.10090477764606476,0.1210808157920837
batadal,cnn,2026,0,489,0,0,0.10625949501991272,0.1210808157920837
batadal,cnn,2026,0,490,0,0,0.09896499663591385,0.1210808157920837
batadal,cnn,2026,0,491,0,0,0.09981635957956314,0.1210808157920837
batadal,cnn,2026,0,492,0,0,0.09245314449071884,0.1210808157920837
batadal,cnn,2026,0,493,0,0,0.09985614567995071,0.1210808157920837
batadal,cnn,2026,0,494,0,0,0.09481585770845413,0.1210808157920837
batadal,cnn,2026,0,495,0,0,0.09884251654148102,0.1210808157920837
batadal,cnn,2026,0,496,0,0,0.09722603112459183,0.1210808157920837
batadal,cnn,2026,0,497,0,0,0.10196337103843689,0.1210808157920837
batadal,cnn,2026,0,498,0,0,0.09809845685958862,0.1210808157920837
batadal,cnn,2026,0,499,0,0,0.10993578284978867,0.1210808157920837
batadal,cnn,2026,0,500,0,0,0.10832836478948593,0.1210808157920837
batadal,cnn,2026,0,501,0,0,0.10510917752981186,0.1210808157920837
batadal,cnn,2026,0,502,0,0,0.10291844606399536,0.1210808157920837
batadal,cnn,2026,0,503,0,0,0.11211852729320526,0.1210808157920837
batadal,cnn,2026,0,504,0,0,0.10999853163957596,0.1210808157920837
batadal,cnn,2026,0,505,0,0,0.10047510266304016,0.1210808157920837
batadal,cnn,2026,0,506,0,0,0.10408969223499298,0.1210808157920837
batadal,cnn,2026,0,507,0,0,0.10070419311523438,0.1210808157920837
batadal,cnn,2026,0,508,0,0,0.10479633510112762,0.1210808157920837
batadal,cnn,2026,0,509,0,0,0.11443646252155304,0.1210808157920837
batadal,cnn,2026,0,510,0,0,0.10831225663423538,0.1210808157920837
batadal,cnn,2026,0,511,0,0,0.10532539337873459,0.1210808157920837
batadal,cnn,2026,0,512,0,0,0.109201580286026,0.1210808157920837
batadal,cnn,2026,0,513,0,0,0.10750965774059296,0.1210808157920837
batadal,cnn,2026,0,514,0,0,0.10574658215045929,0.1210808157920837
batadal,cnn,2026,0,515,0,0,0.102178193628788,0.1210808157920837
batadal,cnn,2026,0,516,0,0,0.10221121460199356,0.1210808157920837
batadal,cnn,2026,0,517,0,0,0.09118249267339706,0.1210808157920837
batadal,cnn,2026,0,518,0,0,0.1008022278547287,0.1210808157920837
batadal,cnn,2026,0,519,0,0,0.0955587849020958,0.1210808157920837
batadal,cnn,2026,0,520,0,0,0.10279873013496399,0.1210808157920837
batadal,cnn,2026,0,521,0,0,0.10859359055757523,0.1210808157920837
batadal,cnn,2026,0,522,0,0,0.09692676365375519,0.1210808157920837
batadal,cnn,2026,0,523,0,0,0.09610597789287567,0.1210808157920837
batadal,cnn,2026,0,524,0,0,0.09702809154987335,0.1210808157920837
batadal,cnn,2026,0,525,0,0,0.10389116406440735,0.1210808157920837
batadal,cnn,2026,0,526,0,0,0.10225973278284073,0.1210808157920837
batadal,cnn,2026,0,527,0,0,0.10175521671772003,0.1210808157920837
batadal,cnn,2026,0,528,0,0,0.09172994643449783,0.1210808157920837
batadal,cnn,2026,0,529,0,0,0.1027223989367485,0.1210808157920837
batadal,cnn,2026,0,530,0,0,0.10410254448652267,0.1210808157920837
batadal,cnn,2026,0,531,0,0,0.10442669689655304,0.1210808157920837
batadal,cnn,2026,0,532,0,0,0.09561541676521301,0.1210808157920837
batadal,cnn,2026,0,533,0,0,0.10050588846206665,0.1210808157920837
batadal,cnn,2026,0,534,0,0,0.09376779198646545,0.1210808157920837
batadal,cnn,2026,0,535,0,0,0.10074001550674438,0.1210808157920837
batadal,cnn,2026,0,536,0,0,0.09836795181035995,0.1210808157920837
batadal,cnn,2026,0,537,0,0,0.1068921685218811,0.1210808157920837
batadal,cnn,2026,0,538,0,0,0.108592689037323,0.1210808157920837
batadal,cnn,2026,0,539,0,0,0.10277063399553299,0.1210808157920837
batadal,cnn,2026,0,540,0,0,0.09933676570653915,0.1210808157920837
batadal,cnn,2026,0,541,0,0,0.10390512645244598,0.1210808157920837
batadal,cnn,2026,0,542,0,0,0.0978781059384346,0.1210808157920837
batadal,cnn,2026,0,543,0,0,0.09155449271202087,0.1210808157920837
batadal,cnn,2026,0,544,0,0,0.10032322257757187,0.1210808157920837
batadal,cnn,2026,0,545,0,0,0.09382098913192749,0.1210808157920837
batadal,cnn,2026,0,546,0,0,0.09522649645805359,0.1210808157920837
batadal,cnn,2026,0,547,0,0,0.10525012016296387,0.1210808157920837
batadal,cnn,2026,0,548,0,0,0.10261764377355576,0.1210808157920837
batadal,cnn,2026,0,549,0,0,0.09862007945775986,0.1210808157920837
batadal,cnn,2026,0,550,0,0,0.10957769304513931,0.1210808157920837
batadal,cnn,2026,0,551,0,0,0.10809513926506042,0.1210808157920837
batadal,cnn,2026,0,552,0,0,0.10079453140497208,0.1210808157920837
batadal,cnn,2026,0,553,0,0,0.09990958124399185,0.1210808157920837
batadal,cnn,2026,0,554,0,0,0.1019771546125412,0.1210808157920837
batadal,cnn,2026,0,555,0,0,0.0997907817363739,0.1210808157920837
batadal,cnn,2026,0,556,0,0,0.1115434467792511,0.1210808157920837
batadal,cnn,2026,0,557,0,0,0.10163711756467819,0.1210808157920837
batadal,cnn,2026,0,558,0,0,0.10410172492265701,0.1210808157920837
batadal,cnn,2026,0,559,0,0,0.09823101758956909,0.1210808157920837
batadal,cnn,2026,0,560,0,0,0.1097538098692894,0.1210808157920837
batadal,cnn,2026,0,561,0,0,0.10442489385604858,0.1210808157920837
batadal,cnn,2026,0,562,0,0,0.1054249256849289,0.1210808157920837
batadal,cnn,2026,0,563,0,0,0.09618076682090759,0.1210808157920837
batadal,cnn,2026,0,564,0,0,0.09995817393064499,0.1210808157920837
batadal,cnn,2026,0,565,0,0,0.09818687289953232,0.1210808157920837
batadal,cnn,2026,0,566,0,0,0.10014767944812775,0.1210808157920837
batadal,cnn,2026,0,567,0,0,0.10444726794958115,0.1210808157920837
batadal,cnn,2026,0,568,0,0,0.10409437119960785,0.1210808157920837
batadal,cnn,2026,0,569,0,0,0.09668248891830444,0.1210808157920837
batadal,cnn,2026,0,570,0,0,0.09870689362287521,0.1210808157920837
batadal,cnn,2026,0,571,0,0,0.10561346262693405,0.1210808157920837
batadal,cnn,2026,0,572,0,0,0.10333707183599472,0.1210808157920837
batadal,cnn,2026,0,573,0,0,0.10805000364780426,0.1210808157920837
batadal,cnn,2026,0,574,0,0,0.09269558638334274,0.1210808157920837
batadal,cnn,2026,0,575,0,0,0.08620548248291016,0.1210808157920837
batadal,cnn,2026,0,576,0,0,0.09751395136117935,0.1210808157920837
batadal,cnn,2026,0,577,0,0,0.09689021110534668,0.1210808157920837
batadal,cnn,2026,0,578,0,0,0.09651726484298706,0.1210808157920837
batadal,cnn,2026,0,579,0,0,0.09683351218700409,0.1210808157920837
batadal,cnn,2026,0,580,0,0,0.09253805130720139,0.1210808157920837
batadal,cnn,2026,0,581,0,0,0.09381202608346939,0.1210808157920837
batadal,cnn,2026,0,582,0,0,0.10848858207464218,0.1210808157920837
batadal,cnn,2026,0,583,0,0,0.10429926216602325,0.1210808157920837
batadal,cnn,2026,0,584,0,0,0.10690658539533615,0.1210808157920837
batadal,cnn,2026,0,585,0,0,0.10148651897907257,0.1210808157920837
batadal,cnn,2026,0,586,0,0,0.09724873304367065,0.1210808157920837
batadal,cnn,2026,0,587,0,0,0.10301242768764496,0.1210808157920837
batadal,cnn,2026,0,588,0,0,0.09280435740947723,0.1210808157920837
batadal,cnn,2026,0,589,0,0,0.09124426543712616,0.1210808157920837
batadal,cnn,2026,0,590,0,0,0.10078404098749161,0.1210808157920837
batadal,cnn,2026,0,591,0,0,0.0973033681511879,0.1210808157920837
batadal,cnn,2026,0,592,0,0,0.10097451508045197,0.1210808157920837
batadal,cnn,2026,0,593,0,0,0.10786963254213333,0.1210808157920837
batadal,cnn,2026,0,594,0,0,0.10903535038232803,0.1210808157920837
batadal,cnn,2026,0,595,0,0,0.1043250560760498,0.1210808157920837
batadal,cnn,2026,0,596,0,0,0.09507959336042404,0.1210808157920837
batadal,cnn,2026,0,597,0,0,0.09976740181446075,0.1210808157920837
batadal,cnn,2026,0,598,0,0,0.1099105179309845,0.1210808157920837
batadal,cnn,2026,0,599,0,0,0.09134934097528458,0.1210808157920837
batadal,cnn,2026,0,600,0,0,0.09601367264986038,0.1210808157920837
batadal,cnn,2026,0,601,0,0,0.09130893647670746,0.1210808157920837
batadal,cnn,2026,0,602,0,0,0.0899709165096283,0.1210808157920837
batadal,cnn,2026,0,603,0,0,0.10889670997858047,0.1210808157920837
batadal,cnn,2026,0,604,0,0,0.09580983221530914,0.1210808157920837
batadal,cnn,2026,0,605,0,0,0.0865342915058136,0.1210808157920837
batadal,cnn,2026,0,606,0,0,0.089710533618927,0.1210808157920837
batadal,cnn,2026,0,607,0,0,0.09031496942043304,0.1210808157920837
batadal,cnn,2026,0,608,0,0,0.09495604783296585,0.1210808157920837
batadal,cnn,2026,0,609,0,0,0.09674899280071259,0.1210808157920837
batadal,cnn,2026,0,610,0,0,0.11257614940404892,0.1210808157920837
batadal,cnn,2026,0,611,0,0,0.0937502384185791,0.1210808157920837
batadal,cnn,2026,0,612,0,0,0.08765631914138794,0.1210808157920837
batadal,cnn,2026,0,613,0,0,0.08552733063697815,0.1210808157920837
batadal,cnn,2026,0,614,0,0,0.09421785175800323,0.1210808157920837
batadal,cnn,2026,0,615,0,0,0.08760697394609451,0.1210808157920837
batadal,cnn,2026,0,616,0,0,0.09550159424543381,0.1210808157920837
batadal,cnn,2026,0,617,0,0,0.09666531533002853,0.1210808157920837
batadal,cnn,2026,0,618,0,0,0.09223314374685287,0.1210808157920837
batadal,cnn,2026,0,619,0,0,0.09099310636520386,0.1210808157920837
batadal,cnn,2026,0,620,0,0,0.0967632457613945,0.1210808157920837
batadal,cnn,2026,0,621,0,0,0.10310447961091995,0.1210808157920837
batadal,cnn,2026,0,622,0,0,0.0971594825387001,0.1210808157920837
batadal,cnn,2026,0,623,0,0,0.09095844626426697,0.1210808157920837
batadal,cnn,2026,0,624,0,0,0.09110569208860397,0.1210808157920837
batadal,cnn,2026,0,625,0,0,0.09024909883737564,0.1210808157920837
batadal,cnn,2026,0,626,0,0,0.09708479046821594,0.1210808157920837
batadal,cnn,2026,0,627,0,0,0.09747769683599472,0.1210808157920837
batadal,cnn,2026,0,628,0,0,0.1033155545592308,0.1210808157920837
batadal,cnn,2026,0,629,0,0,0.0939449593424797,0.1210808157920837
batadal,cnn,2026,0,630,0,0,0.0967613011598587,0.1210808157920837
batadal,cnn,2026,0,631,0,0,0.09367228299379349,0.1210808157920837
batadal,cnn,2026,0,632,0,0,0.09788192063570023,0.1210808157920837
batadal,cnn,2026,0,633,0,0,0.08997369557619095,0.1210808157920837
batadal,cnn,2026,0,634,0,0,0.09661542624235153,0.1210808157920837
batadal,cnn,2026,0,635,0,0,0.09206046164035797,0.1210808157920837
batadal,cnn,2026,0,636,0,0,0.09028512984514236,0.1210808157920837
batadal,cnn,2026,0,637,0,0,0.09004177153110504,0.1210808157920837
batadal,cnn,2026,0,638,0,0,0.09048599004745483,0.1210808157920837
batadal,cnn,2026,0,639,0,0,0.0858270451426506,0.1210808157920837
batadal,cnn,2026,0,640,0,0,0.08741827309131622,0.1210808157920837
batadal,cnn,2026,0,641,0,0,0.08445461094379425,0.1210808157920837
batadal,cnn,2026,0,642,0,0,0.08992389589548111,0.1210808157920837
batadal,cnn,2026,0,643,0,0,0.08062035590410233,0.1210808157920837
batadal,cnn,2026,0,644,0,0,0.08541884273290634,0.1210808157920837
batadal,cnn,2026,0,645,0,0,0.10016016662120819,0.1210808157920837
batadal,cnn,2026,0,646,0,0,0.09613688290119171,0.1210808157920837
batadal,cnn,2026,0,647,0,0,0.07873912155628204,0.1210808157920837
batadal,cnn,2026,0,648,0,0,0.0805349126458168,0.1210808157920837
batadal,cnn,2026,0,649,0,0,0.07621493190526962,0.1210808157920837
batadal,cnn,2026,0,650,0,0,0.07933217287063599,0.1210808157920837
batadal,cnn,2026,0,651,0,0,0.07788331806659698,0.1210808157920837
batadal,cnn,2026,0,652,0,0,0.07891524583101273,0.1210808157920837
batadal,cnn,2026,0,653,0,0,0.08428595215082169,0.1210808157920837
batadal,cnn,2026,0,654,0,0,0.09100392460823059,0.1210808157920837
batadal,cnn,2026,0,655,0,0,0.07836046069860458,0.1210808157920837
batadal,cnn,2026,0,656,0,0,0.08842813223600388,0.1210808157920837
batadal,cnn,2026,0,657,0,0,0.08301445096731186,0.1210808157920837
batadal,cnn,2026,0,658,0,0,0.0895213782787323,0.1210808157920837
batadal,cnn,2026,0,659,0,0,0.09491279721260071,0.1210808157920837
batadal,cnn,2026,0,660,0,0,0.0888533815741539,0.1210808157920837
batadal,cnn,2026,0,661,0,0,0.08724555373191833,0.1210808157920837
batadal,cnn,2026,0,662,0,0,0.09388740360736847,0.1210808157920837
batadal,cnn,2026,0,663,0,0,0.0956253781914711,0.1210808157920837
batadal,cnn,2026,0,664,0,0,0.10132443159818649,0.1210808157920837
batadal,cnn,2026,0,665,0,0,0.09833503514528275,0.1210808157920837
batadal,cnn,2026,0,666,0,0,0.09570379555225372,0.1210808157920837
batadal,cnn,2026,0,667,0,0,0.09355255961418152,0.1210808157920837
batadal,cnn,2026,0,668,0,0,0.0919838547706604,0.1210808157920837
batadal,cnn,2026,0,669,0,0,0.08944845199584961,0.1210808157920837
batadal,cnn,2026,0,670,0,0,0.09894201904535294,0.1210808157920837
batadal,cnn,2026,0,671,0,0,0.09766479581594467,0.1210808157920837
batadal,cnn,2026,0,672,0,0,0.10042712092399597,0.1210808157920837
batadal,cnn,2026,0,673,0,0,0.10291620343923569,0.1210808157920837
batadal,cnn,2026,0,674,0,0,0.09865027666091919,0.1210808157920837
batadal,cnn,2026,0,675,0,0,0.10787629336118698,0.1210808157920837
batadal,cnn,2026,0,676,0,0,0.10982546955347061,0.1210808157920837
batadal,cnn,2026,0,677,0,0,0.1016751378774643,0.1210808157920837
batadal,cnn,2026,0,678,0,0,0.10165077447891235,0.1210808157920837
batadal,cnn,2026,0,679,0,0,0.10196325182914734,0.1210808157920837
batadal,cnn,2026,0,680,0,0,0.10758250206708908,0.1210808157920837
batadal,cnn,2026,0,681,0,0,0.12085826694965363,0.1210808157920837
batadal,cnn,2026,0,682,0,0,0.09567846357822418,0.1210808157920837
batadal,cnn,2026,0,683,0,0,0.09159039705991745,0.1210808157920837
batadal,cnn,2026,0,684,0,0,0.08694596588611603,0.1210808157920837
batadal,cnn,2026,0,685,0,0,0.093968965113163,0.1210808157920837
batadal,cnn,2026,0,686,0,0,0.08628164976835251,0.1210808157920837
batadal,cnn,2026,0,687,0,0,0.08576862514019012,0.1210808157920837
batadal,cnn,2026,0,688,0,0,0.09044279158115387,0.1210808157920837
batadal,cnn,2026,0,689,0,0,0.08485600352287292,0.1210808157920837
batadal,cnn,2026,0,690,0,0,0.09297145158052444,0.1210808157920837
batadal,cnn,2026,0,691,0,0,0.09461316466331482,0.1210808157920837
batadal,cnn,2026,0,692,0,0,0.09814520925283432,0.1210808157920837
batadal,cnn,2026,0,693,0,0,0.10708295553922653,0.1210808157920837
batadal,cnn,2026,0,694,0,0,0.10066047310829163,0.1210808157920837
batadal,cnn,2026,0,695,0,0,0.10282482206821442,0.1210808157920837
batadal,cnn,2026,0,696,0,0,0.09977242350578308,0.1210808157920837
batadal,cnn,2026,0,697,0,0,0.09823554754257202,0.1210808157920837
batadal,cnn,2026,0,698,0,0,0.10386981815099716,0.1210808157920837
batadal,cnn,2026,0,699,0,0,0.10385346412658691,0.1210808157920837
batadal,cnn,2026,0,700,0,0,0.10101106017827988,0.1210808157920837
batadal,cnn,2026,0,701,0,0,0.10350311547517776,0.1210808157920837
batadal,cnn,2026,0,702,0,0,0.09619660675525665,0.1210808157920837
batadal,cnn,2026,0,703,0,0,0.10501156002283096,0.1210808157920837
batadal,cnn,2026,0,704,0,0,0.11192169040441513,0.1210808157920837
batadal,cnn,2026,0,705,0,0,0.11203155666589737,0.1210808157920837
batadal,cnn,2026,0,706,0,0,0.10581935942173004,0.1210808157920837
batadal,cnn,2026,0,707,0,0,0.10457760095596313,0.1210808157920837
batadal,cnn,2026,0,708,0,0,0.09711116552352905,0.1210808157920837
batadal,cnn,2026,0,709,0,0,0.10410673916339874,0.1210808157920837
batadal,cnn,2026,0,710,0,0,0.10856284201145172,0.1210808157920837
batadal,cnn,2026,0,711,0,0,0.10362802445888519,0.1210808157920837
batadal,cnn,2026,0,712,0,0,0.10782923549413681,0.1210808157920837
batadal,cnn,2026,0,713,0,0,0.1045081615447998,0.1210808157920837
batadal,cnn,2026,0,714,0,0,0.09814658015966415,0.1210808157920837
batadal,cnn,2026,0,715,0,0,0.1124567911028862,0.1210808157920837
batadal,cnn,2026,0,716,0,0,0.1134498119354248,0.1210808157920837
batadal,cnn,2026,0,717,0,0,0.11800052970647812,0.1210808157920837
batadal,cnn,2026,0,718,0,0,0.11198963224887848,0.1210808157920837
batadal,cnn,2026,0,719,0,0,0.10782629251480103,0.1210808157920837
batadal,cnn,2026,0,720,0,0,0.10725725442171097,0.1210808157920837
batadal,cnn,2026,0,721,0,0,0.10306096076965332,0.1210808157920837
batadal,cnn,2026,0,722,0,0,0.1032300740480423,0.1210808157920837
batadal,cnn,2026,0,723,0,0,0.10424181818962097,0.1210808157920837
batadal,cnn,2026,0,724,0,0,0.10108896344900131,0.1210808157920837
batadal,cnn,2026,0,725,0,0,0.10654310137033463,0.1210808157920837
batadal,cnn,2026,0,726,0,0,0.10036098212003708,0.1210808157920837
batadal,cnn,2026,0,727,0,0,0.11114868521690369,0.1210808157920837
batadal,cnn,2026,0,728,0,0,0.10819803178310394,0.1210808157920837
batadal,cnn,2026,0,729,0,0,0.10241831839084625,0.1210808157920837
batadal,cnn,2026,0,730,0,0,0.10753341019153595,0.1210808157920837
batadal,cnn,2026,0,731,0,0,0.11266622692346573,0.1210808157920837
batadal,cnn,2026,0,732,0,0,0.1077023595571518,0.1210808157920837
batadal,cnn,2026,0,733,0,0,0.10728521645069122,0.1210808157920837
batadal,cnn,2026,0,734,0,0,0.11104980111122131,0.1210808157920837
batadal,cnn,2026,0,735,0,0,0.10828685015439987,0.1210808157920837
batadal,cnn,2026,0,736,0,0,0.10781116783618927,0.1210808157920837
batadal,cnn,7,0,0,0,0,0.10570638626813889,0.1241397932171821
batadal,cnn,7,0,1,0,0,0.09123414754867554,0.1241397932171821
batadal,cnn,7,0,2,0,0,0.08970481902360916,0.1241397932171821
batadal,cnn,7,0,3,0,0,0.09251949191093445,0.1241397932171821
batadal,cnn,7,0,4,0,0,0.09561724960803986,0.1241397932171821
batadal,cnn,7,0,5,0,0,0.08828657865524292,0.1241397932171821
batadal,cnn,7,0,6,0,0,0.0906427800655365,0.1241397932171821
batadal,cnn,7,0,7,0,0,0.09116417169570923,0.1241397932171821
batadal,cnn,7,0,8,0,0,0.10294029116630554,0.1241397932171821
batadal,cnn,7,0,9,0,0,0.10446309298276901,0.1241397932171821
batadal,cnn,7,0,10,0,0,0.09342172741889954,0.1241397932171821
batadal,cnn,7,0,11,0,0,0.10649330168962479,0.1241397932171821
batadal,cnn,7,0,12,0,0,0.09928417205810547,0.1241397932171821
batadal,cnn,7,0,13,0,0,0.1027049571275711,0.1241397932171821
batadal,cnn,7,0,14,0,0,0.09868607670068741,0.1241397932171821
batadal,cnn,7,0,15,0,0,0.09605507552623749,0.1241397932171821
batadal,cnn,7,0,16,0,0,0.09287390857934952,0.1241397932171821
batadal,cnn,7,0,17,0,0,0.08593548834323883,0.1241397932171821
batadal,cnn,7,0,18,0,0,0.09529083967208862,0.1241397932171821
batadal,cnn,7,0,19,0,0,0.10074227303266525,0.1241397932171821
batadal,cnn,7,0,20,0,0,0.10434836149215698,0.1241397932171821
batadal,cnn,7,0,21,0,0,0.11061931401491165,0.1241397932171821
batadal,cnn,7,0,22,0,0,0.10190855711698532,0.1241397932171821
batadal,cnn,7,0,23,0,0,0.10765640437602997,0.1241397932171821
batadal,cnn,7,0,24,0,0,0.10514575242996216,0.1241397932171821
batadal,cnn,7,0,25,0,0,0.11212160438299179,0.1241397932171821
batadal,cnn,7,0,26,0,0,0.09833107143640518,0.1241397932171821
batadal,cnn,7,0,27,0,0,0.10052929818630219,0.1241397932171821
batadal,cnn,7,0,28,0,0,0.09700807929039001,0.1241397932171821
batadal,cnn,7,0,29,0,0,0.10175661742687225,0.1241397932171821
batadal,cnn,7,0,30,0,0,0.09573357552289963,0.1241397932171821
batadal,cnn,7,0,31,0,0,0.10380814224481583,0.1241397932171821
batadal,cnn,7,0,32,0,0,0.09988361597061157,0.1241397932171821
batadal,cnn,7,0,33,0,0,0.10844868421554565,0.1241397932171821
batadal,cnn,7,0,34,0,0,0.09508510679006577,0.1241397932171821
batadal,cnn,7,0,35,0,0,0.09520715475082397,0.1241397932171821
batadal,cnn,7,0,36,0,0,0.09896428883075714,0.1241397932171821
batadal,cnn,7,0,37,0,0,0.09820593148469925,0.1241397932171821
batadal,cnn,7,0,38,0,0,0.09710901230573654,0.1241397932171821
batadal,cnn,7,0,39,0,0,0.1092948466539383,0.1241397932171821
batadal,cnn,7,0,40,0,0,0.10380713641643524,0.1241397932171821
batadal,cnn,7,0,41,0,0,0.10259164869785309,0.1241397932171821
batadal,cnn,7,0,42,0,0,0.09266004711389542,0.1241397932171821
batadal,cnn,7,0,43,0,0,0.09535261243581772,0.1241397932171821
batadal,cnn,7,0,44,0,0,0.09374362975358963,0.1241397932171821
batadal,cnn,7,0,45,0,0,0.0982724279165268,0.1241397932171821
batadal,cnn,7,0,46,0,0,0.11180095374584198,0.1241397932171821
batadal,cnn,7,0,47,0,0,0.100194051861763,0.1241397932171821
batadal,cnn,7,0,48,0,0,0.09719771146774292,0.1241397932171821
batadal,cnn,7,0,49,0,0,0.09605861455202103,0.1241397932171821
batadal,cnn,7,0,50,0,0,0.0914701446890831,0.1241397932171821
batadal,cnn,7,0,51,0,0,0.09262598305940628,0.1241397932171821
batadal,cnn,7,0,52,0,0,0.09078549593687057,0.1241397932171821
batadal,cnn,7,0,53,0,0,0.09676903486251831,0.1241397932171821
batadal,cnn,7,0,54,0,0,0.09334637969732285,0.1241397932171821
batadal,cnn,7,0,55,0,0,0.09564024955034256,0.1241397932171821
batadal,cnn,7,0,56,0,0,0.09082704782485962,0.1241397932171821
batadal,cnn,7,0,57,0,0,0.08462299406528473,0.1241397932171821
batadal,cnn,7,0,58,0,0,0.0805671289563179,0.1241397932171821
batadal,cnn,7,0,59,0,0,0.08563551306724548,0.1241397932171821
batadal,cnn,7,0,60,0,0,0.08546103537082672,0.1241397932171821
batadal,cnn,7,0,61,0,0,0.09608761966228485,0.1241397932171821
batadal,cnn,7,0,62,0,0,0.09211481362581253,0.1241397932171821
batadal,cnn,7,0,63,0,0,0.08273356407880783,0.1241397932171821
batadal,cnn,7,0,64,0,0,0.0821194276213646,0.1241397932171821
batadal,cnn,7,0,65,0,0,0.084851935505867,0.1241397932171821
batadal,cnn,7,0,66,0,0,0.08018221706151962,0.1241397932171821
batadal,cnn,7,0,67,0,0,0.09219187498092651,0.1241397932171821
batadal,cnn,7,0,68,1,0,0.09470724314451218,0.1241397932171821
batadal,cnn,7,0,69,1,0,0.08846796303987503,0.1241397932171821
batadal,cnn,7,0,70,1,0,0.08810064941644669,0.1241397932171821
batadal,cnn,7,0,71,1,0,0.091291144490242,0.1241397932171821
batadal,cnn,7,0,72,1,0,0.08544478565454483,0.1241397932171821
batadal,cnn,7,0,73,1,0,0.08049327880144119,0.1241397932171821
batadal,cnn,7,0,74,1,0,0.08921350538730621,0.1241397932171821
batadal,cnn,7,0,75,1,0,0.08674889802932739,0.1241397932171821
batadal,cnn,7,0,76,1,0,0.08201484382152557,0.1241397932171821
batadal,cnn,7,0,77,1,0,0.0949520468711853,0.1241397932171821
batadal,cnn,7,0,78,1,0,0.09726487845182419,0.1241397932171821
batadal,cnn,7,0,79,1,0,0.10130086541175842,0.1241397932171821
batadal,cnn,7,0,80,1,0,0.10165288299322128,0.1241397932171821
batadal,cnn,7,0,81,1,0,0.09045282006263733,0.1241397932171821
batadal,cnn,7,0,82,1,0,0.08679752051830292,0.1241397932171821
batadal,cnn,7,0,83,1,0,0.08107917010784149,0.1241397932171821
batadal,cnn,7,0,84,1,0,0.07662711292505264,0.1241397932171821
batadal,cnn,7,0,85,1,0,0.07932531088590622,0.1241397932171821
batadal,cnn,7,0,86,1,0,0.08192317187786102,0.1241397932171821
batadal,cnn,7,0,87,1,0,0.07974106073379517,0.1241397932171821
batadal,cnn,7,0,88,1,0,0.07794934511184692,0.1241397932171821
batadal,cnn,7,0,89,1,0,0.0748526006937027,0.1241397932171821
batadal,cnn,7,0,90,1,0,0.08318009972572327,0.1241397932171821
batadal,cnn,7,0,91,1,0,0.08721233159303665,0.1241397932171821
batadal,cnn,7,0,92,1,0,0.09005673229694366,0.1241397932171821
batadal,cnn,7,0,93,1,0,0.09904864430427551,0.1241397932171821
batadal,cnn,7,0,94,1,0,0.0930950939655304,0.1241397932171821
batadal,cnn,7,0,95,1,0,0.08695585280656815,0.1241397932171821
batadal,cnn,7,0,96,1,0,0.08594586700201035,0.1241397932171821
batadal,cnn,7,0,97,1,0,0.0841299369931221,0.1241397932171821
batadal,cnn,7,0,98,1,0,0.08254772424697876,0.1241397932171821
batadal,cnn,7,0,99,1,0,0.08306711912155151,0.1241397932171821
batadal,cnn,7,0,100,1,0,0.08538347482681274,0.1241397932171821
batadal,cnn,7,0,101,1,0,0.08678916096687317,0.1241397932171821
batadal,cnn,7,0,102,1,0,0.0848945677280426,0.1241397932171821
batadal,cnn,7,0,103,1,0,0.08861801773309708,0.1241397932171821
batadal,cnn,7,0,104,1,0,0.09562645852565765,0.1241397932171821
batadal,cnn,7,0,105,1,0,0.08381727337837219,0.1241397932171821
batadal,cnn,7,0,106,1,0,0.0907173752784729,0.1241397932171821
batadal,cnn,7,0,107,1,0,0.09367945045232773,0.1241397932171821
batadal,cnn,7,0,108,1,0,0.09162731468677521,0.1241397932171821
batadal,cnn,7,0,109,1,0,0.0938483402132988,0.1241397932171821
batadal,cnn,7,0,110,1,0,0.08933407813310623,0.1241397932171821
batadal,cnn,7,0,111,1,0,0.085628941655159,0.1241397932171821
batadal,cnn,7,0,112,1,0,0.08907525986433029,0.1241397932171821
batadal,cnn,7,0,113,1,0,0.08881662040948868,0.1241397932171821
batadal,cnn,7,0,114,1,0,0.08274715393781662,0.1241397932171821
batadal,cnn,7,0,115,1,0,0.09397894889116287,0.1241397932171821
batadal,cnn,7,0,116,1,0,0.09267930686473846,0.1241397932171821
batadal,cnn,7,0,117,1,0,0.08918621391057968,0.1241397932171821
batadal,cnn,7,0,118,1,0,0.09474094212055206,0.1241397932171821
batadal,cnn,7,0,119,1,0,0.09205994755029678,0.1241397932171821
batadal,cnn,7,0,120,1,0,0.0846124142408371,0.1241397932171821
batadal,cnn,7,0,121,1,0,0.0878448411822319,0.1241397932171821
batadal,cnn,7,0,122,1,0,0.08819713443517685,0.1241397932171821
batadal,cnn,7,0,123,1,0,0.09122886508703232,0.1241397932171821
batadal,cnn,7,0,124,1,0,0.08498332649469376,0.1241397932171821
batadal,cnn,7,0,125,1,0,0.08517614006996155,0.1241397932171821
batadal,cnn,7,0,126,1,0,0.08896322548389435,0.1241397932171821
batadal,cnn,7,0,127,1,0,0.09124653041362762,0.1241397932171821
batadal,cnn,7,0,128,1,0,0.1033644750714302,0.1241397932171821
batadal,cnn,7,0,129,1,0,0.09058710187673569,0.1241397932171821
batadal,cnn,7,0,130,1,0,0.0905468761920929,0.1241397932171821
batadal,cnn,7,0,131,1,0,0.0948018804192543,0.1241397932171821
batadal,cnn,7,0,132,1,0,0.10027902573347092,0.1241397932171821
batadal,cnn,7,0,133,1,0,0.09108472615480423,0.1241397932171821
batadal,cnn,7,0,134,1,0,0.0970749482512474,0.1241397932171821
batadal,cnn,7,0,135,1,0,0.09799203276634216,0.1241397932171821
batadal,cnn,7,0,136,1,0,0.09109899401664734,0.1241397932171821
batadal,cnn,7,0,137,1,0,0.08226116001605988,0.1241397932171821
batadal,cnn,7,0,138,1,0,0.08743777871131897,0.1241397932171821
batadal,cnn,7,0,139,1,0,0.08831589668989182,0.1241397932171821
batadal,cnn,7,0,140,1,0,0.0952642410993576,0.1241397932171821
batadal,cnn,7,0,141,1,0,0.0884907990694046,0.1241397932171821
batadal,cnn,7,0,142,1,0,0.09598974883556366,0.1241397932171821
batadal,cnn,7,0,143,1,0,0.09055399894714355,0.1241397932171821
batadal,cnn,7,0,144,1,0,0.09575288742780685,0.1241397932171821
batadal,cnn,7,0,145,1,0,0.08002389222383499,0.1241397932171821
batadal,cnn,7,0,146,1,0,0.08403730392456055,0.1241397932171821
batadal,cnn,7,0,147,1,0,0.08182777464389801,0.1241397932171821
batadal,cnn,7,0,148,1,0,0.08547914773225784,0.1241397932171821
batadal,cnn,7,0,149,1,0,0.08958996832370758,0.1241397932171821
batadal,cnn,7,0,150,1,0,0.09425637125968933,0.1241397932171821
batadal,cnn,7,0,151,1,0,0.09580720961093903,0.1241397932171821
batadal,cnn,7,0,152,1,0,0.10103529691696167,0.1241397932171821
batadal,cnn,7,0,153,1,0,0.09096451103687286,0.1241397932171821
batadal,cnn,7,0,154,1,0,0.08369850367307663,0.1241397932171821
batadal,cnn,7,0,155,1,0,0.091189906001091,0.1241397932171821
batadal,cnn,7,0,156,1,0,0.09197309613227844,0.1241397932171821
batadal,cnn,7,0,157,1,0,0.08137903362512589,0.1241397932171821
batadal,cnn,7,0,158,1,0,0.09869872778654099,0.1241397932171821
batadal,cnn,7,0,159,1,0,0.08980195969343185,0.1241397932171821
batadal,cnn,7,0,160,1,0,0.09000369906425476,0.1241397932171821
batadal,cnn,7,0,161,1,0,0.0836777612566948,0.1241397932171821
batadal,cnn,7,0,162,1,0,0.09638434648513794,0.1241397932171821
batadal,cnn,7,0,163,1,0,0.09510698169469833,0.1241397932171821
batadal,cnn,7,0,164,1,0,0.11337584257125854,0.1241397932171821
batadal,cnn,7,0,165,1,0,0.1108299046754837,0.1241397932171821
batadal,cnn,7,0,166,1,0,0.11629600822925568,0.1241397932171821
batadal,cnn,7,0,167,1,0,0.09769311547279358,0.1241397932171821
batadal,cnn,7,0,168,1,0,0.0956745371222496,0.1241397932171821
batadal,cnn,7,0,169,1,0,0.08840255439281464,0.1241397932171821
batadal,cnn,7,0,170,1,0,0.10010984539985657,0.1241397932171821
batadal,cnn,7,0,171,1,0,0.09601593762636185,0.1241397932171821
batadal,cnn,7,0,172,1,0,0.09980084747076035,0.1241397932171821
batadal,cnn,7,0,173,1,0,0.09133464097976685,0.1241397932171821
batadal,cnn,7,0,174,0,0,0.10118041932582855,0.1241397932171821
batadal,cnn,7,0,175,0,0,0.09517166018486023,0.1241397932171821
batadal,cnn,7,0,176,0,0,0.10669776797294617,0.1241397932171821
batadal,cnn,7,0,177,0,0,0.09460504353046417,0.1241397932171821
batadal,cnn,7,0,178,0,0,0.08859776705503464,0.1241397932171821
batadal,cnn,7,0,179,0,0,0.09095298498868942,0.1241397932171821
batadal,cnn,7,0,180,0,0,0.09397751092910767,0.1241397932171821
batadal,cnn,7,0,181,0,0,0.0977645143866539,0.1241397932171821
batadal,cnn,7,0,182,0,0,0.09547442197799683,0.1241397932171821
batadal,cnn,7,0,183,0,0,0.10072915256023407,0.1241397932171821
batadal,cnn,7,0,184,0,0,0.09740198403596878,0.1241397932171821
batadal,cnn,7,0,185,0,0,0.09375329315662384,0.1241397932171821
batadal,cnn,7,0,186,0,0,0.09532171487808228,0.1241397932171821
batadal,cnn,7,0,187,0,0,0.09165450930595398,0.1241397932171821
batadal,cnn,7,0,188,0,0,0.11232362687587738,0.1241397932171821
batadal,cnn,7,0,189,0,0,0.10361644625663757,0.1241397932171821
batadal,cnn,7,0,190,0,0,0.09384475648403168,0.1241397932171821
batadal,cnn,7,0,191,0,0,0.08601383119821548,0.1241397932171821
batadal,cnn,7,0,192,0,0,0.09701431542634964,0.1241397932171821
batadal,cnn,7,0,193,0,0,0.0925946906208992,0.1241397932171821
batadal,cnn,7,0,194,0,0,0.10317574441432953,0.1241397932171821
batadal,cnn,7,0,195,0,0,0.09524491429328918,0.1241397932171821
batadal,cnn,7,0,196,0,0,0.09145164489746094,0.1241397932171821
batadal,cnn,7,0,197,0,0,0.09507961571216583,0.1241397932171821
batadal,cnn,7,0,198,0,0,0.09298542141914368,0.1241397932171821
batadal,cnn,7,0,199,0,0,0.09723832458257675,0.1241397932171821
batadal,cnn,7,0,200,0,0,0.10630644857883453,0.1241397932171821
batadal,cnn,7,0,201,0,0,0.10105924308300018,0.1241397932171821
batadal,cnn,7,0,202,0,0,0.09923555701971054,0.1241397932171821
batadal,cnn,7,0,203,0,0,0.09406222403049469,0.1241397932171821
batadal,cnn,7,0,204,0,0,0.0960221067070961,0.1241397932171821
batadal,cnn,7,0,205,0,0,0.09062936902046204,0.1241397932171821
batadal,cnn,7,0,206,0,0,0.10559439659118652,0.1241397932171821
batadal,cnn,7,0,207,0,0,0.09332861006259918,0.1241397932171821
batadal,cnn,7,0,208,0,0,0.09326301515102386,0.1241397932171821
batadal,cnn,7,0,209,0,0,0.09432534128427505,0.1241397932171821
batadal,cnn,7,0,210,0,0,0.0936177521944046,0.1241397932171821
batadal,cnn,7,0,211,0,0,0.08769836276769638,0.1241397932171821
batadal,cnn,7,0,212,0,0,0.09892402589321136,0.1241397932171821
batadal,cnn,7,0,213,0,0,0.09732288122177124,0.1241397932171821
batadal,cnn,7,0,214,0,0,0.11423590034246445,0.1241397932171821
batadal,cnn,7,0,215,0,0,0.09827970713376999,0.1241397932171821
batadal,cnn,7,0,216,0,0,0.09365632385015488,0.1241397932171821
batadal,cnn,7,0,217,0,0,0.09801468253135681,0.1241397932171821
batadal,cnn,7,0,218,0,0,0.11434817314147949,0.1241397932171821
batadal,cnn,7,0,219,0,0,0.10031019896268845,0.1241397932171821
batadal,cnn,7,0,220,0,0,0.09779490530490875,0.1241397932171821
batadal,cnn,7,0,221,0,0,0.10900311172008514,0.1241397932171821
batadal,cnn,7,0,222,0,0,0.10563437640666962,0.1241397932171821
batadal,cnn,7,0,223,0,0,0.09683965891599655,0.1241397932171821
batadal,cnn,7,0,224,0,0,0.10912177711725235,0.1241397932171821
batadal,cnn,7,0,225,0,0,0.12161298841238022,0.1241397932171821
batadal,cnn,7,0,226,0,0,0.09478506445884705,0.1241397932171821
batadal,cnn,7,0,227,0,0,0.08998347073793411,0.1241397932171821
batadal,cnn,7,0,228,0,0,0.09623191505670547,0.1241397932171821
batadal,cnn,7,0,229,0,0,0.10424425452947617,0.1241397932171821
batadal,cnn,7,0,230,0,0,0.09944505989551544,0.1241397932171821
batadal,cnn,7,0,231,0,0,0.10581441223621368,0.1241397932171821
batadal,cnn,7,0,232,0,0,0.09670859575271606,0.1241397932171821
batadal,cnn,7,0,233,0,0,0.10539926588535309,0.1241397932171821
batadal,cnn,7,0,234,0,0,0.09266155958175659,0.1241397932171821
batadal,cnn,7,0,235,0,0,0.09270130842924118,0.1241397932171821
batadal,cnn,7,0,236,0,1,0.12607474625110626,0.1241397932171821
batadal,cnn,7,0,237,0,1,0.12585952877998352,0.1241397932171821
batadal,cnn,7,0,238,0,0,0.10709439963102341,0.1241397932171821
batadal,cnn,7,0,239,0,0,0.09796083718538284,0.1241397932171821
batadal,cnn,7,0,240,0,0,0.10049565136432648,0.1241397932171821
batadal,cnn,7,0,241,0,0,0.11746814846992493,0.1241397932171821
batadal,cnn,7,0,242,0,0,0.09998012334108353,0.1241397932171821
batadal,cnn,7,0,243,0,0,0.11821822822093964,0.1241397932171821
batadal,cnn,7,0,244,0,0,0.11253967136144638,0.1241397932171821
batadal,cnn,7,0,245,0,0,0.10725494474172592,0.1241397932171821
batadal,cnn,7,0,246,0,0,0.10272786021232605,0.1241397932171821
batadal,cnn,7,0,247,0,0,0.09999870508909225,0.1241397932171821
batadal,cnn,7,0,248,0,0,0.10723748058080673,0.1241397932171821
batadal,cnn,7,0,249,0,0,0.1149318590760231,0.1241397932171821
batadal,cnn,7,0,250,0,0,0.09496869891881943,0.1241397932171821
batadal,cnn,7,0,251,0,0,0.10277370363473892,0.1241397932171821
batadal,cnn,7,0,252,0,0,0.10198628157377243,0.1241397932171821
batadal,cnn,7,0,253,0,0,0.10635162144899368,0.1241397932171821
batadal,cnn,7,0,254,0,0,0.10413116216659546,0.1241397932171821
batadal,cnn,7,0,255,0,0,0.10891373455524445,0.1241397932171821
batadal,cnn,7,0,256,0,0,0.10236001759767532,0.1241397932171821
batadal,cnn,7,0,257,0,0,0.10921522229909897,0.1241397932171821
batadal,cnn,7,0,258,0,0,0.11144546419382095,0.1241397932171821
batadal,cnn,7,0,259,0,0,0.10256437957286835,0.1241397932171821
batadal,cnn,7,0,260,0,0,0.11268958449363708,0.1241397932171821
batadal,cnn,7,0,261,0,0,0.12081269919872284,0.1241397932171821
batadal,cnn,7,0,262,0,0,0.10874917358160019,0.1241397932171821
batadal,cnn,7,0,263,0,0,0.10312236100435257,0.1241397932171821
batadal,cnn,7,0,264,0,0,0.10133811831474304,0.1241397932171821
batadal,cnn,7,0,265,0,0,0.10301505774259567,0.1241397932171821
batadal,cnn,7,0,266,0,0,0.08280900865793228,0.1241397932171821
batadal,cnn,7,0,267,0,0,0.09836340695619583,0.1241397932171821
batadal,cnn,7,0,268,0,0,0.09167139232158661,0.1241397932171821
batadal,cnn,7,0,269,0,0,0.10626132041215897,0.1241397932171821
batadal,cnn,7,0,270,0,0,0.08918674290180206,0.1241397932171821
batadal,cnn,7,0,271,0,0,0.09892531484365463,0.1241397932171821
batadal,cnn,7,0,272,0,0,0.11016812920570374,0.1241397932171821
batadal,cnn,7,0,273,0,0,0.11834291368722916,0.1241397932171821
batadal,cnn,7,0,274,0,0,0.10915317386388779,0.1241397932171821
batadal,cnn,7,0,275,0,0,0.10124776512384415,0.1241397932171821
batadal,cnn,7,0,276,0,0,0.10219346731901169,0.1241397932171821
batadal,cnn,7,0,277,0,0,0.10595539957284927,0.1241397932171821
batadal,cnn,7,0,278,0,0,0.1064770519733429,0.1241397932171821
batadal,cnn,7,0,279,0,0,0.1130065843462944,0.1241397932171821
batadal,cnn,7,0,280,0,0,0.1059703603386879,0.1241397932171821
batadal,cnn,7,0,281,0,0,0.10620138794183731,0.1241397932171821
batadal,cnn,7,0,282,0,0,0.09951181709766388,0.1241397932171821
batadal,cnn,7,0,283,0,0,0.10121513158082962,0.1241397932171821
batadal,cnn,7,0,284,0,0,0.11152706295251846,0.1241397932171821
batadal,cnn,7,0,285,0,0,0.12181052565574646,0.1241397932171821
batadal,cnn,7,0,286,0,0,0.10989383608102798,0.1241397932171821
batadal,cnn,7,0,287,0,0,0.10431364178657532,0.1241397932171821
batadal,cnn,7,0,288,0,0,0.12023954093456268,0.1241397932171821
batadal,cnn,7,0,289,0,1,0.13127481937408447,0.1241397932171821
batadal,cnn,7,0,290,0,0,0.11054162681102753,0.1241397932171821
batadal,cnn,7,0,291,0,0,0.118653304874897,0.1241397932171821
batadal,cnn,7,0,292,0,0,0.11557003110647202,0.1241397932171821
batadal,cnn,7,0,293,0,0,0.11490198224782944,0.1241397932171821
batadal,cnn,7,0,294,0,0,0.11993879079818726,0.1241397932171821
batadal,cnn,7,0,295,0,0,0.12319020926952362,0.1241397932171821
batadal,cnn,7,0,296,0,1,0.1441415548324585,0.1241397932171821
batadal,cnn,7,0,297,0,1,0.13575582206249237,0.1241397932171821
batadal,cnn,7,0,298,0,0,0.1114424541592598,0.1241397932171821
batadal,cnn,7,0,299,0,0,0.11332385241985321,0.1241397932171821
batadal,cnn,7,0,300,0,0,0.11962117999792099,0.1241397932171821
batadal,cnn,7,0,301,1,1,0.13242405652999878,0.1241397932171821
batadal,cnn,7,0,302,1,1,0.13130861520767212,0.1241397932171821
batadal,cnn,7,0,303,1,1,0.13773293793201447,0.1241397932171821
batadal,cnn,7,0,304,1,0,0.11669524013996124,0.1241397932171821
batadal,cnn,7,0,305,1,0,0.11718747019767761,0.1241397932171821
batadal,cnn,7,0,306,1,0,0.12088796496391296,0.1241397932171821
batadal,cnn,7,0,307,1,1,0.13066214323043823,0.1241397932171821
batadal,cnn,7,0,308,1,1,0.13329650461673737,0.1241397932171821
batadal,cnn,7,0,309,1,1,0.15336090326309204,0.1241397932171821
batadal,cnn,7,0,310,1,1,0.12679584324359894,0.1241397932171821
batadal,cnn,7,0,311,1,1,0.12851105630397797,0.1241397932171821
batadal,cnn,7,0,312,1,1,0.1326194554567337,0.1241397932171821
batadal,cnn,7,0,313,1,1,0.13204091787338257,0.1241397932171821
batadal,cnn,7,0,314,1,1,0.13604414463043213,0.1241397932171821
batadal,cnn,7,0,315,1,1,0.13863393664360046,0.1241397932171821
batadal,cnn,7,0,316,1,1,0.13685238361358643,0.1241397932171821
batadal,cnn,7,0,317,1,1,0.1371799260377884,0.1241397932171821
batadal,cnn,7,0,318,1,0,0.11521089822053909,0.1241397932171821
batadal,cnn,7,0,319,1,0,0.11394698172807693,0.1241397932171821
batadal,cnn,7,0,320,1,1,0.14215682446956635,0.1241397932171821
batadal,cnn,7,0,321,1,1,0.14443103969097137,0.1241397932171821
batadal,cnn,7,0,322,1,1,0.12478205561637878,0.1241397932171821
batadal,cnn,7,0,323,1,0,0.1092018336057663,0.1241397932171821
batadal,cnn,7,0,324,1,0,0.11780101805925369,0.1241397932171821
batadal,cnn,7,0,325,1,0,0.121216781437397,0.1241397932171821
batadal,cnn,7,0,326,1,1,0.1250188946723938,0.1241397932171821
batadal,cnn,7,0,327,1,0,0.1169116422533989,0.1241397932171821
batadal,cnn,7,0,328,1,1,0.12443730980157852,0.1241397932171821
batadal,cnn,7,0,329,1,1,0.12657491862773895,0.1241397932171821
batadal,cnn,7,0,330,1,0,0.12343506515026093,0.1241397932171821
batadal,cnn,7,0,331,1,0,0.11733944714069366,0.1241397932171821
batadal,cnn,7,0,332,1,1,0.12460245937108994,0.1241397932171821
batadal,cnn,7,0,333,1,1,0.13083887100219727,0.1241397932171821
batadal,cnn,7,0,334,1,1,0.1396578997373581,0.1241397932171821
batadal,cnn,7,0,335,1,0,0.12294711172580719,0.1241397932171821
batadal,cnn,7,0,336,1,1,0.1338007152080536,0.1241397932171821
batadal,cnn,7,0,337,1,1,0.13030654191970825,0.1241397932171821
batadal,cnn,7,0,338,1,0,0.11077418923377991,0.1241397932171821
batadal,cnn,7,0,339,1,0,0.11194979399442673,0.1241397932171821
batadal,cnn,7,0,340,1,0,0.10740600526332855,0.1241397932171821
batadal,cnn,7,0,341,1,0,0.11032690852880478,0.1241397932171821
batadal,cnn,7,0,342,1,1,0.12566149234771729,0.1241397932171821
batadal,cnn,7,0,343,1,1,0.13947883248329163,0.1241397932171821
batadal,cnn,7,0,344,1,1,0.13934634625911713,0.1241397932171821
batadal,cnn,7,0,345,1,0,0.12111431360244751,0.1241397932171821
batadal,cnn,7,0,346,1,0,0.11574649810791016,0.1241397932171821
batadal,cnn,7,0,347,1,0,0.11727234721183777,0.1241397932171821
batadal,cnn,7,0,348,1,1,0.12750837206840515,0.1241397932171821
batadal,cnn,7,0,349,1,1,0.12982523441314697,0.1241397932171821
batadal,cnn,7,0,350,1,1,0.1485040783882141,0.1241397932171821
batadal,cnn,7,0,351,1,1,0.1342700719833374,0.1241397932171821
batadal,cnn,7,0,352,1,0,0.11059561371803284,0.1241397932171821
batadal,cnn,7,0,353,1,0,0.1189124807715416,0.1241397932171821
batadal,cnn,7,0,354,1,0,0.12050631642341614,0.1241397932171821
batadal,cnn,7,0,355,1,1,0.12720169126987457,0.1241397932171821
batadal,cnn,7,0,356,1,1,0.15848597884178162,0.1241397932171821
batadal,cnn,7,0,357,1,1,0.1792905032634735,0.1241397932171821
batadal,cnn,7,0,358,1,1,0.16053016483783722,0.1241397932171821
batadal,cnn,7,0,359,1,1,0.14153450727462769,0.1241397932171821
batadal,cnn,7,0,360,1,1,0.1276637464761734,0.1241397932171821
batadal,cnn,7,0,361,1,1,0.13371124863624573,0.1241397932171821
batadal,cnn,7,0,362,1,1,0.14394141733646393,0.1241397932171821
batadal,cnn,7,0,363,1,1,0.14793381094932556,0.1241397932171821
batadal,cnn,7,0,364,1,1,0.1424427628517151,0.1241397932171821
batadal,cnn,7,0,365,1,1,0.1438942849636078,0.1241397932171821
batadal,cnn,7,0,366,1,1,0.14304181933403015,0.1241397932171821
batadal,cnn,7,0,367,1,1,0.159158855676651,0.1241397932171821
batadal,cnn,7,0,368,1,1,0.17791537940502167,0.1241397932171821
batadal,cnn,7,0,369,1,1,0.1803145408630371,0.1241397932171821
batadal,cnn,7,0,370,1,1,0.16968876123428345,0.1241397932171821
batadal,cnn,7,0,371,1,1,0.15439888834953308,0.1241397932171821
batadal,cnn,7,0,372,1,1,0.15460890531539917,0.1241397932171821
batadal,cnn,7,0,373,1,1,0.166534423828125,0.1241397932171821
batadal,cnn,7,0,374,1,1,0.1600247323513031,0.1241397932171821
batadal,cnn,7,0,375,1,1,0.17049065232276917,0.1241397932171821
batadal,cnn,7,0,376,1,1,0.1605365127325058,0.1241397932171821
batadal,cnn,7,0,377,1,1,0.1561124622821808,0.1241397932171821
batadal,cnn,7,0,378,1,1,0.15678341686725616,0.1241397932171821
batadal,cnn,7,0,379,1,1,0.17071068286895752,0.1241397932171821
batadal,cnn,7,0,380,1,1,0.184877410531044,0.1241397932171821
batadal,cnn,7,0,381,1,1,0.18652477860450745,0.1241397932171821
batadal,cnn,7,0,382,1,1,0.1752380132675171,0.1241397932171821
batadal,cnn,7,0,383,1,1,0.16742323338985443,0.1241397932171821
batadal,cnn,7,0,384,1,1,0.15985260903835297,0.1241397932171821
batadal,cnn,7,0,385,1,1,0.16163009405136108,0.1241397932171821
batadal,cnn,7,0,386,1,1,0.17163389921188354,0.1241397932171821
batadal,cnn,7,0,387,1,1,0.14947502315044403,0.1241397932171821
batadal,cnn,7,0,388,1,1,0.14200733602046967,0.1241397932171821
batadal,cnn,7,0,389,1,1,0.14053182303905487,0.1241397932171821
batadal,cnn,7,0,390,1,1,0.15810008347034454,0.1241397932171821
batadal,cnn,7,0,391,1,1,0.1524277627468109,0.1241397932171821
batadal,cnn,7,0,392,1,1,0.15860559046268463,0.1241397932171821
batadal,cnn,7,0,393,1,1,0.14384394884109497,0.1241397932171821
batadal,cnn,7,0,394,1,1,0.1357833594083786,0.1241397932171821
batadal,cnn,7,0,395,1,1,0.12955111265182495,0.1241397932171821
batadal,cnn,7,0,396,1,1,0.12807191908359528,0.1241397932171821
batadal,cnn,7,0,397,1,1,0.13644567131996155,0.1241397932171821
batadal,cnn,7,0,398,1,1,0.14383907616138458,0.1241397932171821
batadal,cnn,7,0,399,1,1,0.13159199059009552,0.1241397932171821
batadal,cnn,7,0,400,1,0,0.11686424165964127,0.1241397932171821
batadal,cnn,7,0,401,1,1,0.12427219748497009,0.1241397932171821
batadal,cnn,7,0,402,1,0,0.12290757894515991,0.1241397932171821
batadal,cnn,7,0,403,1,1,0.13936686515808105,0.1241397932171821
batadal,cnn,7,0,404,1,1,0.13690705597400665,0.1241397932171821
batadal,cnn,7,0,405,1,1,0.13433313369750977,0.1241397932171821
batadal,cnn,7,0,406,1,0,0.12341999262571335,0.1241397932171821
batadal,cnn,7,0,407,1,1,0.12952803075313568,0.1241397932171821
batadal,cnn,7,0,408,1,1,0.1300596296787262,0.1241397932171821
batadal,cnn,7,0,409,1,1,0.1376371681690216,0.1241397932171821
batadal,cnn,7,0,410,1,1,0.13966673612594604,0.1241397932171821
batadal,cnn,7,0,411,1,1,0.1303204894065857,0.1241397932171821
batadal,cnn,7,0,412,1,0,0.11912190169095993,0.1241397932171821
batadal,cnn,7,0,413,1,0,0.11718664318323135,0.1241397932171821
batadal,cnn,7,0,414,1,0,0.12394093722105026,0.1241397932171821
batadal,cnn,7,0,415,1,1,0.14226357638835907,0.1241397932171821
batadal,cnn,7,0,416,1,1,0.15631558001041412,0.1241397932171821
batadal,cnn,7,0,417,1,1,0.15137052536010742,0.1241397932171821
batadal,cnn,7,0,418,1,1,0.13235563039779663,0.1241397932171821
batadal,cnn,7,0,419,1,0,0.11722519248723984,0.1241397932171821
batadal,cnn,7,0,420,1,0,0.12408609688282013,0.1241397932171821
batadal,cnn,7,0,421,1,0,0.12279053777456284,0.1241397932171821
batadal,cnn,7,0,422,1,0,0.11689253151416779,0.1241397932171821
batadal,cnn,7,0,423,1,1,0.12547266483306885,0.1241397932171821
batadal,cnn,7,0,424,1,0,0.11143910139799118,0.1241397932171821
batadal,cnn,7,0,425,1,0,0.10426115989685059,0.1241397932171821
batadal,cnn,7,0,426,1,0,0.1065303385257721,0.1241397932171821
batadal,cnn,7,0,427,1,1,0.12812654674053192,0.1241397932171821
batadal,cnn,7,0,428,1,1,0.13145707547664642,0.1241397932171821
batadal,cnn,7,0,429,1,1,0.13256238400936127,0.1241397932171821
batadal,cnn,7,0,430,1,0,0.12190696597099304,0.1241397932171821
batadal,cnn,7,0,431,1,0,0.1107381135225296,0.1241397932171821
batadal,cnn,7,0,432,1,0,0.10808153450489044,0.1241397932171821
batadal,cnn,7,0,433,1,0,0.10467313975095749,0.1241397932171821
batadal,cnn,7,0,434,1,0,0.112114317715168,0.1241397932171821
batadal,cnn,7,0,435,1,0,0.10880527645349503,0.1241397932171821
batadal,cnn,7,0,436,1,0,0.10890732705593109,0.1241397932171821
batadal,cnn,7,0,437,1,0,0.09960737824440002,0.1241397932171821
batadal,cnn,7,0,438,1,0,0.1053304374217987,0.1241397932171821
batadal,cnn,7,0,439,1,0,0.11143729090690613,0.1241397932171821
batadal,cnn,7,0,440,1,0,0.10940489172935486,0.1241397932171821
batadal,cnn,7,0,441,1,0,0.1118411049246788,0.1241397932171821
batadal,cnn,7,0,442,1,0,0.10767342895269394,0.1241397932171821
batadal,cnn,7,0,443,1,0,0.11506696045398712,0.1241397932171821
batadal,cnn,7,0,444,1,0,0.11331824958324432,0.1241397932171821
batadal,cnn,7,0,445,1,0,0.11248482018709183,0.1241397932171821
batadal,cnn,7,0,446,1,0,0.11318621039390564,0.1241397932171821
batadal,cnn,7,0,447,1,0,0.10830021649599075,0.1241397932171821
batadal,cnn,7,0,448,1,0,0.11130163073539734,0.1241397932171821
batadal,cnn,7,0,449,1,0,0.10633257776498795,0.1241397932171821
batadal,cnn,7,0,450,1,0,0.09795788675546646,0.1241397932171821
batadal,cnn,7,0,451,1,0,0.11230400204658508,0.1241397932171821
batadal,cnn,7,0,452,1,0,0.1235516369342804,0.1241397932171821
batadal,cnn,7,0,453,1,0,0.10013523697853088,0.1241397932171821
batadal,cnn,7,0,454,1,0,0.09890968352556229,0.1241397932171821
batadal,cnn,7,0,455,1,0,0.09794923663139343,0.1241397932171821
batadal,cnn,7,0,456,1,0,0.10144553333520889,0.1241397932171821
batadal,cnn,7,0,457,1,0,0.0944625735282898,0.1241397932171821
batadal,cnn,7,0,458,1,0,0.09188142418861389,0.1241397932171821
batadal,cnn,7,0,459,1,0,0.09767963737249374,0.1241397932171821
batadal,cnn,7,0,460,1,0,0.08788347244262695,0.1241397932171821
batadal,cnn,7,0,461,1,0,0.08567366749048233,0.1241397932171821
batadal,cnn,7,0,462,1,0,0.07863351702690125,0.1241397932171821
batadal,cnn,7,0,463,1,0,0.08733825385570526,0.1241397932171821
batadal,cnn,7,0,464,1,0,0.09257715940475464,0.1241397932171821
batadal,cnn,7,0,465,1,0,0.09362491965293884,0.1241397932171821
batadal,cnn,7,0,466,1,0,0.08450846374034882,0.1241397932171821
batadal,cnn,7,0,467,1,0,0.08449462801218033,0.1241397932171821
batadal,cnn,7,0,468,1,0,0.0811396911740303,0.1241397932171821
batadal,cnn,7,0,469,1,0,0.0955350399017334,0.1241397932171821
batadal,cnn,7,0,470,1,0,0.09547993540763855,0.1241397932171821
batadal,cnn,7,0,471,1,0,0.08591043204069138,0.1241397932171821
batadal,cnn,7,0,472,1,0,0.09228170663118362,0.1241397932171821
batadal,cnn,7,0,473,0,0,0.08703333884477615,0.1241397932171821
batadal,cnn,7,0,474,0,0,0.08687561005353928,0.1241397932171821
batadal,cnn,7,0,475,0,0,0.09481866657733917,0.1241397932171821
batadal,cnn,7,0,476,0,0,0.09636586904525757,0.1241397932171821
batadal,cnn,7,0,477,0,0,0.0916244238615036,0.1241397932171821
batadal,cnn,7,0,478,0,0,0.09173033386468887,0.1241397932171821
batadal,cnn,7,0,479,0,0,0.08645409345626831,0.1241397932171821
batadal,cnn,7,0,480,0,0,0.08898108452558517,0.1241397932171821
batadal,cnn,7,0,481,0,0,0.0896151140332222,0.1241397932171821
batadal,cnn,7,0,482,0,0,0.08862995356321335,0.1241397932171821
batadal,cnn,7,0,483,0,0,0.08762084692716599,0.1241397932171821
batadal,cnn,7,0,484,0,0,0.0830436646938324,0.1241397932171821
batadal,cnn,7,0,485,0,0,0.08687371015548706,0.1241397932171821
batadal,cnn,7,0,486,0,0,0.09230325371026993,0.1241397932171821
batadal,cnn,7,0,487,0,0,0.10563451796770096,0.1241397932171821
batadal,cnn,7,0,488,0,0,0.11140740662813187,0.1241397932171821
batadal,cnn,7,0,489,0,0,0.10393199324607849,0.1241397932171821
batadal,cnn,7,0,490,0,0,0.09253205358982086,0.1241397932171821
batadal,cnn,7,0,491,0,0,0.0951065942645073,0.1241397932171821
batadal,cnn,7,0,492,0,0,0.09827844798564911,0.1241397932171821
batadal,cnn,7,0,493,0,0,0.10461695492267609,0.1241397932171821
batadal,cnn,7,0,494,0,0,0.10838604718446732,0.1241397932171821
batadal,cnn,7,0,495,0,0,0.10203204303979874,0.1241397932171821
batadal,cnn,7,0,496,0,0,0.10236263275146484,0.1241397932171821
batadal,cnn,7,0,497,0,0,0.09256792813539505,0.1241397932171821
batadal,cnn,7,0,498,0,0,0.09242963790893555,0.1241397932171821
batadal,cnn,7,0,499,0,0,0.10375098884105682,0.1241397932171821
batadal,cnn,7,0,500,0,0,0.11339429020881653,0.1241397932171821
batadal,cnn,7,0,501,0,0,0.11148515343666077,0.1241397932171821
batadal,cnn,7,0,502,0,0,0.10304780304431915,0.1241397932171821
batadal,cnn,7,0,503,0,0,0.11356044560670853,0.1241397932171821
batadal,cnn,7,0,504,0,0,0.10600805282592773,0.1241397932171821
batadal,cnn,7,0,505,0,0,0.10636582225561142,0.1241397932171821
batadal,cnn,7,0,506,0,0,0.10327720642089844,0.1241397932171821
batadal,cnn,7,0,507,0,0,0.10113433748483658,0.1241397932171821
batadal,cnn,7,0,508,0,0,0.09307688474655151,0.1241397932171821
batadal,cnn,7,0,509,0,0,0.10556355118751526,0.1241397932171821
batadal,cnn,7,0,510,0,0,0.10096536576747894,0.1241397932171821
batadal,cnn,7,0,511,0,0,0.11275596916675568,0.1241397932171821
batadal,cnn,7,0,512,0,0,0.10957814007997513,0.1241397932171821
batadal,cnn,7,0,513,0,0,0.10126159340143204,0.1241397932171821
batadal,cnn,7,0,514,0,0,0.09963387250900269,0.1241397932171821
batadal,cnn,7,0,515,0,0,0.1074574738740921,0.1241397932171821
batadal,cnn,7,0,516,0,0,0.10480101406574249,0.1241397932171821
batadal,cnn,7,0,517,0,0,0.10309936851263046,0.1241397932171821
batadal,cnn,7,0,518,0,0,0.10123926401138306,0.1241397932171821
batadal,cnn,7,0,519,0,0,0.09680326282978058,0.1241397932171821
batadal,cnn,7,0,520,0,0,0.09911216795444489,0.1241397932171821
batadal,cnn,7,0,521,0,0,0.10200800001621246,0.1241397932171821
batadal,cnn,7,0,522,0,0,0.09906475991010666,0.1241397932171821
batadal,cnn,7,0,523,0,0,0.09956125915050507,0.1241397932171821
batadal,cnn,7,0,524,0,0,0.10568881779909134,0.1241397932171821
batadal,cnn,7,0,525,0,0,0.10303138941526413,0.1241397932171821
batadal,cnn,7,0,526,0,0,0.11592657119035721,0.1241397932171821
batadal,cnn,7,0,527,0,0,0.10114134103059769,0.1241397932171821
batadal,cnn,7,0,528,0,0,0.09860236197710037,0.1241397932171821
batadal,cnn,7,0,529,0,0,0.09997453540563583,0.1241397932171821
batadal,cnn,7,0,530,0,0,0.10234884172677994,0.1241397932171821
batadal,cnn,7,0,531,0,0,0.10045937448740005,0.1241397932171821
batadal,cnn,7,0,532,0,0,0.09502275288105011,0.1241397932171821
batadal,cnn,7,0,533,0,0,0.10274423658847809,0.1241397932171821
batadal,cnn,7,0,534,0,0,0.10355042666196823,0.1241397932171821
batadal,cnn,7,0,535,0,0,0.10334461182355881,0.1241397932171821
batadal,cnn,7,0,536,0,0,0.10901537537574768,0.1241397932171821
batadal,cnn,7,0,537,0,0,0.11050611734390259,0.1241397932171821
batadal,cnn,7,0,538,0,0,0.10640747100114822,0.1241397932171821
batadal,cnn,7,0,539,0,0,0.10576163232326508,0.1241397932171821
batadal,cnn,7,0,540,0,0,0.10598541051149368,0.1241397932171821
batadal,cnn,7,0,541,0,0,0.09223411232233047,0.1241397932171821
batadal,cnn,7,0,542,0,0,0.09945516288280487,0.1241397932171821
batadal,cnn,7,0,543,0,0,0.09744372218847275,0.1241397932171821
batadal,cnn,7,0,544,0,0,0.09489988535642624,0.1241397932171821
batadal,cnn,7,0,545,0,0,0.09394912421703339,0.1241397932171821
batadal,cnn,7,0,546,0,0,0.08562692999839783,0.1241397932171821
batadal,cnn,7,0,547,0,0,0.09770975261926651,0.1241397932171821
batadal,cnn,7,0,548,0,0,0.11031635105609894,0.1241397932171821
batadal,cnn,7,0,549,0,0,0.10562072694301605,0.1241397932171821
batadal,cnn,7,0,550,0,0,0.10322307795286179,0.1241397932171821
batadal,cnn,7,0,551,0,0,0.0976451113820076,0.1241397932171821
batadal,cnn,7,0,552,0,0,0.0986509770154953,0.1241397932171821
batadal,cnn,7,0,553,0,0,0.10473798960447311,0.1241397932171821
batadal,cnn,7,0,554,0,0,0.09867854416370392,0.1241397932171821
batadal,cnn,7,0,555,0,0,0.09405013918876648,0.1241397932171821
batadal,cnn,7,0,556,0,0,0.09365702420473099,0.1241397932171821
batadal,cnn,7,0,557,0,0,0.10319038480520248,0.1241397932171821
batadal,cnn,7,0,558,0,0,0.09997104853391647,0.1241397932171821
batadal,cnn,7,0,559,0,0,0.10852587968111038,0.1241397932171821
batadal,cnn,7,0,560,0,0,0.11412831395864487,0.1241397932171821
batadal,cnn,7,0,561,0,0,0.10919484496116638,0.1241397932171821
batadal,cnn,7,0,562,0,0,0.10340782254934311,0.1241397932171821
batadal,cnn,7,0,563,0,0,0.09769300371408463,0.1241397932171821
batadal,cnn,7,0,564,0,0,0.09834469109773636,0.1241397932171821
batadal,cnn,7,0,565,0,0,0.1033364087343216,0.1241397932171821
batadal,cnn,7,0,566,0,0,0.11203861981630325,0.1241397932171821
batadal,cnn,7,0,567,0,0,0.10257571935653687,0.1241397932171821
batadal,cnn,7,0,568,0,0,0.10058853030204773,0.1241397932171821
batadal,cnn,7,0,569,0,0,0.09129366278648376,0.1241397932171821
batadal,cnn,7,0,570,0,0,0.08797755092382431,0.1241397932171821
batadal,cnn,7,0,571,0,0,0.09997344017028809,0.1241397932171821
batadal,cnn,7,0,572,0,0,0.10845975577831268,0.1241397932171821
batadal,cnn,7,0,573,0,0,0.11109881103038788,0.1241397932171821
batadal,cnn,7,0,574,0,0,0.10120050609111786,0.1241397932171821
batadal,cnn,7,0,575,0,0,0.09978925436735153,0.1241397932171821
batadal,cnn,7,0,576,0,0,0.10076041519641876,0.1241397932171821
batadal,cnn,7,0,577,0,0,0.10422958433628082,0.1241397932171821
batadal,cnn,7,0,578,0,0,0.09585200995206833,0.1241397932171821
batadal,cnn,7,0,579,0,0,0.09982797503471375,0.1241397932171821
batadal,cnn,7,0,580,0,0,0.09766561537981033,0.1241397932171821
batadal,cnn,7,0,581,0,0,0.10916976630687714,0.1241397932171821
batadal,cnn,7,0,582,0,0,0.1031462550163269,0.1241397932171821
batadal,cnn,7,0,583,0,0,0.10315069556236267,0.1241397932171821
batadal,cnn,7,0,584,0,0,0.11827277392148972,0.1241397932171821
batadal,cnn,7,0,585,0,0,0.12378668040037155,0.1241397932171821
batadal,cnn,7,0,586,0,0,0.09756462275981903,0.1241397932171821
batadal,cnn,7,0,587,0,0,0.09614277631044388,0.1241397932171821
batadal,cnn,7,0,588,0,0,0.10235326737165451,0.1241397932171821
batadal,cnn,7,0,589,0,0,0.09568458795547485,0.1241397932171821
batadal,cnn,7,0,590,0,0,0.09581460058689117,0.1241397932171821
batadal,cnn,7,0,591,0,0,0.10329196602106094,0.1241397932171821
batadal,cnn,7,0,592,0,0,0.09127651154994965,0.1241397932171821
batadal,cnn,7,0,593,0,0,0.1010359674692154,0.1241397932171821
batadal,cnn,7,0,594,0,0,0.09272255748510361,0.1241397932171821
batadal,cnn,7,0,595,0,0,0.09319822490215302,0.1241397932171821
batadal,cnn,7,0,596,0,0,0.10057363659143448,0.1241397932171821
batadal,cnn,7,0,597,0,0,0.10423391312360764,0.1241397932171821
batadal,cnn,7,0,598,0,0,0.10570920258760452,0.1241397932171821
batadal,cnn,7,0,599,0,0,0.09342338889837265,0.1241397932171821
batadal,cnn,7,0,600,0,0,0.0964767262339592,0.1241397932171821
batadal,cnn,7,0,601,0,0,0.0920124277472496,0.1241397932171821
batadal,cnn,7,0,602,0,0,0.08853822946548462,0.1241397932171821
batadal,cnn,7,0,603,0,0,0.0980735719203949,0.1241397932171821
batadal,cnn,7,0,604,0,0,0.09114096313714981,0.1241397932171821
batadal,cnn,7,0,605,0,0,0.08613045513629913,0.1241397932171821
batadal,cnn,7,0,606,0,0,0.0911799967288971,0.1241397932171821
batadal,cnn,7,0,607,0,0,0.10389388352632523,0.1241397932171821
batadal,cnn,7,0,608,0,0,0.09613940119743347,0.1241397932171821
batadal,cnn,7,0,609,0,0,0.08900468051433563,0.1241397932171821
batadal,cnn,7,0,610,0,0,0.09179649502038956,0.1241397932171821
batadal,cnn,7,0,611,0,0,0.09705090522766113,0.1241397932171821
batadal,cnn,7,0,612,0,0,0.09856615960597992,0.1241397932171821
batadal,cnn,7,0,613,0,0,0.10640070587396622,0.1241397932171821
batadal,cnn,7,0,614,0,0,0.10316583514213562,0.1241397932171821
batadal,cnn,7,0,615,0,0,0.0951603427529335,0.1241397932171821
batadal,cnn,7,0,616,0,0,0.09943706542253494,0.1241397932171821
batadal,cnn,7,0,617,0,0,0.10021022707223892,0.1241397932171821
batadal,cnn,7,0,618,0,0,0.08166240900754929,0.1241397932171821
batadal,cnn,7,0,619,0,0,0.09782087057828903,0.1241397932171821
batadal,cnn,7,0,620,0,0,0.11193392425775528,0.1241397932171821
batadal,cnn,7,0,621,0,0,0.10582470148801804,0.1241397932171821
batadal,cnn,7,0,622,0,0,0.09563486278057098,0.1241397932171821
batadal,cnn,7,0,623,0,0,0.09030162543058395,0.1241397932171821
batadal,cnn,7,0,624,0,0,0.0943576917052269,0.1241397932171821
batadal,cnn,7,0,625,0,0,0.09560350328683853,0.1241397932171821
batadal,cnn,7,0,626,0,0,0.0930243507027626,0.1241397932171821
batadal,cnn,7,0,627,0,0,0.09612485766410828,0.1241397932171821
batadal,cnn,7,0,628,0,0,0.09584187716245651,0.1241397932171821
batadal,cnn,7,0,629,0,0,0.09290800243616104,0.1241397932171821
batadal,cnn,7,0,630,0,0,0.09076524525880814,0.1241397932171821
batadal,cnn,7,0,631,0,0,0.11448802053928375,0.1241397932171821
batadal,cnn,7,0,632,0,0,0.1091696172952652,0.1241397932171821
batadal,cnn,7,0,633,0,0,0.09994432330131531,0.1241397932171821
batadal,cnn,7,0,634,0,0,0.09996841102838516,0.1241397932171821
batadal,cnn,7,0,635,0,0,0.10119201987981796,0.1241397932171821
batadal,cnn,7,0,636,0,0,0.09493769705295563,0.1241397932171821
batadal,cnn,7,0,637,0,0,0.09567738324403763,0.1241397932171821
batadal,cnn,7,0,638,0,0,0.10658962279558182,0.1241397932171821
batadal,cnn,7,0,639,0,0,0.107462078332901,0.1241397932171821
batadal,cnn,7,0,640,0,0,0.09756500273942947,0.1241397932171821
batadal,cnn,7,0,641,0,0,0.09281911700963974,0.1241397932171821
batadal,cnn,7,0,642,0,0,0.08681520819664001,0.1241397932171821
batadal,cnn,7,0,643,0,0,0.09274102002382278,0.1241397932171821
batadal,cnn,7,0,644,0,0,0.10971590131521225,0.1241397932171821
batadal,cnn,7,0,645,0,0,0.106373131275177,0.1241397932171821
batadal,cnn,7,0,646,0,0,0.1062651127576828,0.1241397932171821
batadal,cnn,7,0,647,0,0,0.08974457532167435,0.1241397932171821
batadal,cnn,7,0,648,0,0,0.09324522316455841,0.1241397932171821
batadal,cnn,7,0,649,0,0,0.08484067767858505,0.1241397932171821
batadal,cnn,7,0,650,0,0,0.08338474482297897,0.1241397932171821
batadal,cnn,7,0,651,0,0,0.0909636914730072,0.1241397932171821
batadal,cnn,7,0,652,0,0,0.09447526931762695,0.1241397932171821
batadal,cnn,7,0,653,0,0,0.09224466234445572,0.1241397932171821
batadal,cnn,7,0,654,0,0,0.08926744759082794,0.1241397932171821
batadal,cnn,7,0,655,0,0,0.09718921035528183,0.1241397932171821
batadal,cnn,7,0,656,0,0,0.09878837317228317,0.1241397932171821
batadal,cnn,7,0,657,0,0,0.0949229896068573,0.1241397932171821
batadal,cnn,7,0,658,0,0,0.09395494312047958,0.1241397932171821
batadal,cnn,7,0,659,0,0,0.10314109176397324,0.1241397932171821
batadal,cnn,7,0,660,0,0,0.09187354892492294,0.1241397932171821
batadal,cnn,7,0,661,0,0,0.1049322709441185,0.1241397932171821
batadal,cnn,7,0,662,0,0,0.10775024443864822,0.1241397932171821
batadal,cnn,7,0,663,0,0,0.09547290205955505,0.1241397932171821
batadal,cnn,7,0,664,0,0,0.09278037399053574,0.1241397932171821
batadal,cnn,7,0,665,0,0,0.09978868812322617,0.1241397932171821
batadal,cnn,7,0,666,0,0,0.0886162593960762,0.1241397932171821
batadal,cnn,7,0,667,0,0,0.0889129638671875,0.1241397932171821
batadal,cnn,7,0,668,0,0,0.10093214362859726,0.1241397932171821
batadal,cnn,7,0,669,0,0,0.10161593556404114,0.1241397932171821
batadal,cnn,7,0,670,0,0,0.10460701584815979,0.1241397932171821
batadal,cnn,7,0,671,0,0,0.10393674671649933,0.1241397932171821
batadal,cnn,7,0,672,0,0,0.09887665510177612,0.1241397932171821
batadal,cnn,7,0,673,0,0,0.09376072138547897,0.1241397932171821
batadal,cnn,7,0,674,0,0,0.09807619452476501,0.1241397932171821
batadal,cnn,7,0,675,0,0,0.1068907082080841,0.1241397932171821
batadal,cnn,7,0,676,0,0,0.09475010633468628,0.1241397932171821
batadal,cnn,7,0,677,0,0,0.09588544815778732,0.1241397932171821
batadal,cnn,7,0,678,0,0,0.09969905763864517,0.1241397932171821
batadal,cnn,7,0,679,0,0,0.1001528948545456,0.1241397932171821
batadal,cnn,7,0,680,0,0,0.09352125227451324,0.1241397932171821
batadal,cnn,7,0,681,0,0,0.10634817183017731,0.1241397932171821
batadal,cnn,7,0,682,0,0,0.09107626974582672,0.1241397932171821
batadal,cnn,7,0,683,0,0,0.0975569412112236,0.1241397932171821
batadal,cnn,7,0,684,0,0,0.09710334986448288,0.1241397932171821
batadal,cnn,7,0,685,0,0,0.09551284462213516,0.1241397932171821
batadal,cnn,7,0,686,0,0,0.08659625798463821,0.1241397932171821
batadal,cnn,7,0,687,0,0,0.09696780890226364,0.1241397932171821
batadal,cnn,7,0,688,0,0,0.08969646692276001,0.1241397932171821
batadal,cnn,7,0,689,0,0,0.07511159777641296,0.1241397932171821
batadal,cnn,7,0,690,0,0,0.08610977977514267,0.1241397932171821
batadal,cnn,7,0,691,0,0,0.09465669840574265,0.1241397932171821
batadal,cnn,7,0,692,0,0,0.10115943849086761,0.1241397932171821
batadal,cnn,7,0,693,0,0,0.10278797149658203,0.1241397932171821
batadal,cnn,7,0,694,0,0,0.09575681388378143,0.1241397932171821
batadal,cnn,7,0,695,0,0,0.10546449571847916,0.1241397932171821
batadal,cnn,7,0,696,0,0,0.10130632668733597,0.1241397932171821
batadal,cnn,7,0,697,0,0,0.09991512447595596,0.1241397932171821
batadal,cnn,7,0,698,0,0,0.09748653322458267,0.1241397932171821
batadal,cnn,7,0,699,0,0,0.10493114590644836,0.1241397932171821
batadal,cnn,7,0,700,0,0,0.09996210783720016,0.1241397932171821
batadal,cnn,7,0,701,0,0,0.10311110317707062,0.1241397932171821
batadal,cnn,7,0,702,0,0,0.09776340425014496,0.1241397932171821
batadal,cnn,7,0,703,0,0,0.10823498666286469,0.1241397932171821
batadal,cnn,7,0,704,0,0,0.10768561065196991,0.1241397932171821
batadal,cnn,7,0,705,0,0,0.10903269797563553,0.1241397932171821
batadal,cnn,7,0,706,0,0,0.1046827882528305,0.1241397932171821
batadal,cnn,7,0,707,0,0,0.10571873933076859,0.1241397932171821
batadal,cnn,7,0,708,0,0,0.10900087654590607,0.1241397932171821
batadal,cnn,7,0,709,0,0,0.11195183545351028,0.1241397932171821
batadal,cnn,7,0,710,0,0,0.10323686897754669,0.1241397932171821
batadal,cnn,7,0,711,0,0,0.10654499381780624,0.1241397932171821
batadal,cnn,7,0,712,0,0,0.10401459783315659,0.1241397932171821
batadal,cnn,7,0,713,0,0,0.10158784687519073,0.1241397932171821
batadal,cnn,7,0,714,0,0,0.09594957530498505,0.1241397932171821
batadal,cnn,7,0,715,0,0,0.1095299944281578,0.1241397932171821
batadal,cnn,7,0,716,0,0,0.11375077068805695,0.1241397932171821
batadal,cnn,7,0,717,0,1,0.127595916390419,0.1241397932171821
batadal,cnn,7,0,718,0,0,0.11171885579824448,0.1241397932171821
batadal,cnn,7,0,719,0,0,0.11411002278327942,0.1241397932171821
batadal,cnn,7,0,720,0,0,0.10672102123498917,0.1241397932171821
batadal,cnn,7,0,721,0,0,0.10329616814851761,0.1241397932171821
batadal,cnn,7,0,722,0,0,0.09877487272024155,0.1241397932171821
batadal,cnn,7,0,723,0,0,0.1123429387807846,0.1241397932171821
batadal,cnn,7,0,724,0,0,0.1038014218211174,0.1241397932171821
batadal,cnn,7,0,725,0,0,0.10176372528076172,0.1241397932171821
batadal,cnn,7,0,726,0,0,0.1050654873251915,0.1241397932171821
batadal,cnn,7,0,727,0,0,0.10728586465120316,0.1241397932171821
batadal,cnn,7,0,728,0,0,0.102410688996315,0.1241397932171821
batadal,cnn,7,0,729,0,0,0.1018487811088562,0.1241397932171821
batadal,cnn,7,0,730,0,0,0.10237675905227661,0.1241397932171821
batadal,cnn,7,0,731,0,0,0.11281990259885788,0.1241397932171821
batadal,cnn,7,0,732,0,0,0.11173540353775024,0.1241397932171821
batadal,cnn,7,0,733,0,0,0.11602912843227386,0.1241397932171821
batadal,cnn,7,0,734,0,0,0.11826921254396439,0.1241397932171821
batadal,cnn,7,0,735,0,0,0.1118992269039154,0.1241397932171821
batadal,cnn,7,0,736,0,0,0.10755132883787155,0.1241397932171821
batadal,cnn,999,0,0,0,0,0.10526276379823685,0.1144594997167587
batadal,cnn,999,0,1,0,0,0.08602291345596313,0.1144594997167587
batadal,cnn,999,0,2,0,0,0.08976809680461884,0.1144594997167587
batadal,cnn,999,0,3,0,0,0.08996488898992538,0.1144594997167587
batadal,cnn,999,0,4,0,0,0.09811652451753616,0.1144594997167587
batadal,cnn,999,0,5,0,0,0.09003785997629166,0.1144594997167587
batadal,cnn,999,0,6,0,0,0.09006797522306442,0.1144594997167587
batadal,cnn,999,0,7,0,0,0.09092289954423904,0.1144594997167587
batadal,cnn,999,0,8,0,0,0.08896306157112122,0.1144594997167587
batadal,cnn,999,0,9,0,0,0.09515752643346786,0.1144594997167587
batadal,cnn,999,0,10,0,0,0.09570199996232986,0.1144594997167587
batadal,cnn,999,0,11,0,0,0.09655600786209106,0.1144594997167587
batadal,cnn,999,0,12,0,0,0.09235985577106476,0.1144594997167587
batadal,cnn,999,0,13,0,0,0.09164131432771683,0.1144594997167587
batadal,cnn,999,0,14,0,0,0.09487990289926529,0.1144594997167587
batadal,cnn,999,0,15,0,0,0.09438030421733856,0.1144594997167587
batadal,cnn,999,0,16,0,0,0.08657696843147278,0.1144594997167587
batadal,cnn,999,0,17,0,0,0.09071585536003113,0.1144594997167587
batadal,cnn,999,0,18,0,0,0.09310457110404968,0.1144594997167587
batadal,cnn,999,0,19,0,0,0.09406944364309311,0.1144594997167587
batadal,cnn,999,0,20,0,0,0.09389939904212952,0.1144594997167587
batadal,cnn,999,0,21,0,0,0.10540198534727097,0.1144594997167587
batadal,cnn,999,0,22,0,0,0.091800257563591,0.1144594997167587
batadal,cnn,999,0,23,0,0,0.09714106470346451,0.1144594997167587
batadal,cnn,999,0,24,0,0,0.0985594168305397,0.1144594997167587
batadal,cnn,999,0,25,0,0,0.10029588639736176,0.1144594997167587
batadal,cnn,999,0,26,0,0,0.09616779536008835,0.1144594997167587
batadal,cnn,999,0,27,0,0,0.09506041556596756,0.1144594997167587
batadal,cnn,999,0,28,0,0,0.09633838385343552,0.1144594997167587
batadal,cnn,999,0,29,0,0,0.10978234559297562,0.1144594997167587
batadal,cnn,999,0,30,0,0,0.09645236283540726,0.1144594997167587
batadal,cnn,999,0,31,0,0,0.09583315253257751,0.1144594997167587
batadal,cnn,999,0,32,0,0,0.09661659598350525,0.1144594997167587
batadal,cnn,999,0,33,0,0,0.09651994705200195,0.1144594997167587
batadal,cnn,999,0,34,0,0,0.09034612029790878,0.1144594997167587
batadal,cnn,999,0,35,0,0,0.09036102145910263,0.1144594997167587
batadal,cnn,999,0,36,0,0,0.09331686049699783,0.1144594997167587
batadal,cnn,999,0,37,0,0,0.08862520009279251,0.1144594997167587
batadal,cnn,999,0,38,0,0,0.0946618914604187,0.1144594997167587
batadal,cnn,999,0,39,0,0,0.09560894221067429,0.1144594997167587
batadal,cnn,999,0,40,0,0,0.1026247963309288,0.1144594997167587
batadal,cnn,999,0,41,0,0,0.09483786672353745,0.1144594997167587
batadal,cnn,999,0,42,0,0,0.08406796306371689,0.1144594997167587
batadal,cnn,999,0,43,0,0,0.07620886713266373,0.1144594997167587
batadal,cnn,999,0,44,0,0,0.08651631325483322,0.1144594997167587
batadal,cnn,999,0,45,0,0,0.08894878625869751,0.1144594997167587
batadal,cnn,999,0,46,0,0,0.09267988801002502,0.1144594997167587
batadal,cnn,999,0,47,0,0,0.09546992927789688,0.1144594997167587
batadal,cnn,999,0,48,0,0,0.09541300684213638,0.1144594997167587
batadal,cnn,999,0,49,0,0,0.0977490022778511,0.1144594997167587
batadal,cnn,999,0,50,0,0,0.09133858978748322,0.1144594997167587
batadal,cnn,999,0,51,0,0,0.09999029338359833,0.1144594997167587
batadal,cnn,999,0,52,0,0,0.08980757743120193,0.1144594997167587
batadal,cnn,999,0,53,0,0,0.09350406378507614,0.1144594997167587
batadal,cnn,999,0,54,0,0,0.08037428557872772,0.1144594997167587
batadal,cnn,999,0,55,0,0,0.08661030977964401,0.1144594997167587
batadal,cnn,999,0,56,0,0,0.08154337108135223,0.1144594997167587
batadal,cnn,999,0,57,0,0,0.0824199765920639,0.1144594997167587
batadal,cnn,999,0,58,0,0,0.07781335711479187,0.1144594997167587
batadal,cnn,999,0,59,0,0,0.08782986551523209,0.1144594997167587
batadal,cnn,999,0,60,0,0,0.0802822858095169,0.1144594997167587
batadal,cnn,999,0,61,0,0,0.0823068842291832,0.1144594997167587
batadal,cnn,999,0,62,0,0,0.07799465954303741,0.1144594997167587
batadal,cnn,999,0,63,0,0,0.07833824306726456,0.1144594997167587
batadal,cnn,999,0,64,0,0,0.086378313601017,0.1144594997167587
batadal,cnn,999,0,65,0,0,0.08182405680418015,0.1144594997167587
batadal,cnn,999,0,66,0,0,0.07659940421581268,0.1144594997167587
batadal,cnn,999,0,67,0,0,0.08041522651910782,0.1144594997167587
batadal,cnn,999,0,68,1,0,0.0778452679514885,0.1144594997167587
batadal,cnn,999,0,69,1,0,0.08446994423866272,0.1144594997167587
batadal,cnn,999,0,70,1,0,0.07899957150220871,0.1144594997167587
batadal,cnn,999,0,71,1,0,0.08761560171842575,0.1144594997167587
batadal,cnn,999,0,72,1,0,0.082184799015522,0.1144594997167587
batadal,cnn,999,0,73,1,0,0.08389828354120255,0.1144594997167587
batadal,cnn,999,0,74,1,0,0.07520837336778641,0.1144594997167587
batadal,cnn,999,0,75,1,0,0.08582530915737152,0.1144594997167587
batadal,cnn,999,0,76,1,0,0.0847691223025322,0.1144594997167587
batadal,cnn,999,0,77,1,0,0.08752687275409698,0.1144594997167587
batadal,cnn,999,0,78,1,0,0.08952269703149796,0.1144594997167587
batadal,cnn,999,0,79,1,0,0.08888315409421921,0.1144594997167587
batadal,cnn,999,0,80,1,0,0.08414369821548462,0.1144594997167587
batadal,cnn,999,0,81,1,0,0.08302733302116394,0.1144594997167587
batadal,cnn,999,0,82,1,0,0.08215053379535675,0.1144594997167587
batadal,cnn,999,0,83,1,0,0.07725003361701965,0.1144594997167587
batadal,cnn,999,0,84,1,0,0.07030945271253586,0.1144594997167587
batadal,cnn,999,0,85,1,0,0.08093111217021942,0.1144594997167587
batadal,cnn,999,0,86,1,0,0.07231391221284866,0.1144594997167587
batadal,cnn,999,0,87,1,0,0.07493855059146881,0.1144594997167587
batadal,cnn,999,0,88,1,0,0.07652577012777328,0.1144594997167587
batadal,cnn,999,0,89,1,0,0.07831894606351852,0.1144594997167587
batadal,cnn,999,0,90,1,0,0.06664977967739105,0.1144594997167587
batadal,cnn,999,0,91,1,0,0.07580912858247757,0.1144594997167587
batadal,cnn,999,0,92,1,0,0.07809066772460938,0.1144594997167587
batadal,cnn,999,0,93,1,0,0.08342551440000534,0.1144594997167587
batadal,cnn,999,0,94,1,0,0.08260355144739151,0.1144594997167587
batadal,cnn,999,0,95,1,0,0.082229845225811,0.1144594997167587
batadal,cnn,999,0,96,1,0,0.07944298535585403,0.1144594997167587
batadal,cnn,999,0,97,1,0,0.07546170055866241,0.1144594997167587
batadal,cnn,999,0,98,1,0,0.07410918921232224,0.1144594997167587
batadal,cnn,999,0,99,1,0,0.07772462069988251,0.1144594997167587
batadal,cnn,999,0,100,1,0,0.07196097820997238,0.1144594997167587
batadal,cnn,999,0,101,1,0,0.07884317636489868,0.1144594997167587
batadal,cnn,999,0,102,1,0,0.07616621255874634,0.1144594997167587
batadal,cnn,999,0,103,1,0,0.07763992995023727,0.1144594997167587
batadal,cnn,999,0,104,1,0,0.08673369139432907,0.1144594997167587
batadal,cnn,999,0,105,1,0,0.09008336812257767,0.1144594997167587
batadal,cnn,999,0,106,1,0,0.08221050351858139,0.1144594997167587
batadal,cnn,999,0,107,1,0,0.08201915770769119,0.1144594997167587
batadal,cnn,999,0,108,1,0,0.08448836952447891,0.1144594997167587
batadal,cnn,999,0,109,1,0,0.08242054283618927,0.1144594997167587
batadal,cnn,999,0,110,1,0,0.0843014046549797,0.1144594997167587
batadal,cnn,999,0,111,1,0,0.07752302289009094,0.1144594997167587
batadal,cnn,999,0,112,1,0,0.08125916123390198,0.1144594997167587
batadal,cnn,999,0,113,1,0,0.09144176542758942,0.1144594997167587
batadal,cnn,999,0,114,1,0,0.08644387871026993,0.1144594997167587
batadal,cnn,999,0,115,1,0,0.0837225690484047,0.1144594997167587
batadal,cnn,999,0,116,1,0,0.08447790145874023,0.1144594997167587
batadal,cnn,999,0,117,1,0,0.08019744604825974,0.1144594997167587
batadal,cnn,999,0,118,1,0,0.08034446090459824,0.1144594997167587
batadal,cnn,999,0,119,1,0,0.07806497812271118,0.1144594997167587
batadal,cnn,999,0,120,1,0,0.07789125293493271,0.1144594997167587
batadal,cnn,999,0,121,1,0,0.07666047662496567,0.1144594997167587
batadal,cnn,999,0,122,1,0,0.07608284801244736,0.1144594997167587
batadal,cnn,999,0,123,1,0,0.07734911143779755,0.1144594997167587
batadal,cnn,999,0,124,1,0,0.08014509081840515,0.1144594997167587
batadal,cnn,999,0,125,1,0,0.07692353427410126,0.1144594997167587
batadal,cnn,999,0,126,1,0,0.08405827730894089,0.1144594997167587
batadal,cnn,999,0,127,1,0,0.08472791314125061,0.1144594997167587
batadal,cnn,999,0,128,1,0,0.08789751678705215,0.1144594997167587
batadal,cnn,999,0,129,1,0,0.08766050636768341,0.1144594997167587
batadal,cnn,999,0,130,1,0,0.08410417288541794,0.1144594997167587
batadal,cnn,999,0,131,1,0,0.09322591125965118,0.1144594997167587
batadal,cnn,999,0,132,1,0,0.08814506232738495,0.1144594997167587
batadal,cnn,999,0,133,1,0,0.08321144431829453,0.1144594997167587
batadal,cnn,999,0,134,1,0,0.08443737030029297,0.1144594997167587
batadal,cnn,999,0,135,1,0,0.08234402537345886,0.1144594997167587
batadal,cnn,999,0,136,1,0,0.08595869690179825,0.1144594997167587
batadal,cnn,999,0,137,1,0,0.07895166426897049,0.1144594997167587
batadal,cnn,999,0,138,1,0,0.08048326522111893,0.1144594997167587
batadal,cnn,999,0,139,1,0,0.08148466795682907,0.1144594997167587
batadal,cnn,999,0,140,1,0,0.08460794389247894,0.1144594997167587
batadal,cnn,999,0,141,1,0,0.07805173099040985,0.1144594997167587
batadal,cnn,999,0,142,1,0,0.0917598083615303,0.1144594997167587
batadal,cnn,999,0,143,1,0,0.09650043398141861,0.1144594997167587
batadal,cnn,999,0,144,1,0,0.08655837178230286,0.1144594997167587
batadal,cnn,999,0,145,1,0,0.08011181652545929,0.1144594997167587
batadal,cnn,999,0,146,1,0,0.0783572867512703,0.1144594997167587
batadal,cnn,999,0,147,1,0,0.08044345676898956,0.1144594997167587
batadal,cnn,999,0,148,1,0,0.08365398645401001,0.1144594997167587
batadal,cnn,999,0,149,1,0,0.0859057605266571,0.1144594997167587
batadal,cnn,999,0,150,1,0,0.07980308681726456,0.1144594997167587
batadal,cnn,999,0,151,1,0,0.08340344578027725,0.1144594997167587
batadal,cnn,999,0,152,1,0,0.08353293687105179,0.1144594997167587
batadal,cnn,999,0,153,1,0,0.08035597950220108,0.1144594997167587
batadal,cnn,999,0,154,1,0,0.08558672666549683,0.1144594997167587
batadal,cnn,999,0,155,1,0,0.0809471607208252,0.1144594997167587
batadal,cnn,999,0,156,1,0,0.07773371040821075,0.1144594997167587
batadal,cnn,999,0,157,1,0,0.0714399516582489,0.1144594997167587
batadal,cnn,999,0,158,1,0,0.07525322586297989,0.1144594997167587
batadal,cnn,999,0,159,1,0,0.07066133618354797,0.1144594997167587
batadal,cnn,999,0,160,1,0,0.0770367980003357,0.1144594997167587
batadal,cnn,999,0,161,1,0,0.07522034645080566,0.1144594997167587
batadal,cnn,999,0,162,1,0,0.08020675927400589,0.1144594997167587
batadal,cnn,999,0,163,1,0,0.08008911460638046,0.1144594997167587
batadal,cnn,999,0,164,1,0,0.0872105285525322,0.1144594997167587
batadal,cnn,999,0,165,1,0,0.08836566656827927,0.1144594997167587
batadal,cnn,999,0,166,1,0,0.09671251475811005,0.1144594997167587
batadal,cnn,999,0,167,1,0,0.08803944289684296,0.1144594997167587
batadal,cnn,999,0,168,1,0,0.09477503597736359,0.1144594997167587
batadal,cnn,999,0,169,1,0,0.08805885165929794,0.1144594997167587
batadal,cnn,999,0,170,1,0,0.0875338613986969,0.1144594997167587
batadal,cnn,999,0,171,1,0,0.09156587719917297,0.1144594997167587
batadal,cnn,999,0,172,1,0,0.09868203103542328,0.1144594997167587
batadal,cnn,999,0,173,1,0,0.08416931331157684,0.1144594997167587
batadal,cnn,999,0,174,0,0,0.0907696932554245,0.1144594997167587
batadal,cnn,999,0,175,0,0,0.08931221067905426,0.1144594997167587
batadal,cnn,999,0,176,0,0,0.09307623654603958,0.1144594997167587
batadal,cnn,999,0,177,0,0,0.0781739205121994,0.1144594997167587
batadal,cnn,999,0,178,0,0,0.08917076140642166,0.1144594997167587
batadal,cnn,999,0,179,0,0,0.08980046212673187,0.1144594997167587
batadal,cnn,999,0,180,0,0,0.08515951037406921,0.1144594997167587
batadal,cnn,999,0,181,0,0,0.07955082505941391,0.1144594997167587
batadal,cnn,999,0,182,0,0,0.08221683651208878,0.1144594997167587
batadal,cnn,999,0,183,0,0,0.08626749366521835,0.1144594997167587
batadal,cnn,999,0,184,0,0,0.09050588309764862,0.1144594997167587
batadal,cnn,999,0,185,0,0,0.07752431184053421,0.1144594997167587
batadal,cnn,999,0,186,0,0,0.07855429500341415,0.1144594997167587
batadal,cnn,999,0,187,0,0,0.07798263430595398,0.1144594997167587
batadal,cnn,999,0,188,0,0,0.09487602114677429,0.1144594997167587
batadal,cnn,999,0,189,0,0,0.08455781638622284,0.1144594997167587
batadal,cnn,999,0,190,0,0,0.08033718913793564,0.1144594997167587
batadal,cnn,999,0,191,0,0,0.07743984460830688,0.1144594997167587
batadal,cnn,999,0,192,0,0,0.09038593620061874,0.1144594997167587
batadal,cnn,999,0,193,0,0,0.07736244052648544,0.1144594997167587
batadal,cnn,999,0,194,0,0,0.08480198681354523,0.1144594997167587
batadal,cnn,999,0,195,0,0,0.08468235284090042,0.1144594997167587
batadal,cnn,999,0,196,0,0,0.08666757494211197,0.1144594997167587
batadal,cnn,999,0,197,0,0,0.08224915713071823,0.1144594997167587
batadal,cnn,999,0,198,0,0,0.08468303829431534,0.1144594997167587
batadal,cnn,999,0,199,0,0,0.07808326929807663,0.1144594997167587
batadal,cnn,999,0,200,0,0,0.08784756809473038,0.1144594997167587
batadal,cnn,999,0,201,0,0,0.0827852338552475,0.1144594997167587
batadal,cnn,999,0,202,0,0,0.08888173848390579,0.1144594997167587
batadal,cnn,999,0,203,0,0,0.08009468764066696,0.1144594997167587
batadal,cnn,999,0,204,0,0,0.08342257142066956,0.1144594997167587
batadal,cnn,999,0,205,0,0,0.07569551467895508,0.1144594997167587
batadal,cnn,999,0,206,0,0,0.08266611397266388,0.1144594997167587
batadal,cnn,999,0,207,0,0,0.08551458269357681,0.1144594997167587
batadal,cnn,999,0,208,0,0,0.08836425840854645,0.1144594997167587
batadal,cnn,999,0,209,0,0,0.08819413930177689,0.1144594997167587
batadal,cnn,999,0,210,0,0,0.07779588550329208,0.1144594997167587
batadal,cnn,999,0,211,0,0,0.07554962486028671,0.1144594997167587
batadal,cnn,999,0,212,0,0,0.0830288678407669,0.1144594997167587
batadal,cnn,999,0,213,0,0,0.08277157694101334,0.1144594997167587
batadal,cnn,999,0,214,0,0,0.09750571846961975,0.1144594997167587
batadal,cnn,999,0,215,0,0,0.08642049133777618,0.1144594997167587
batadal,cnn,999,0,216,0,0,0.09242303669452667,0.1144594997167587
batadal,cnn,999,0,217,0,0,0.07769045978784561,0.1144594997167587
batadal,cnn,999,0,218,0,0,0.09783855080604553,0.1144594997167587
batadal,cnn,999,0,219,0,0,0.09041987359523773,0.1144594997167587
batadal,cnn,999,0,220,0,0,0.09528212249279022,0.1144594997167587
batadal,cnn,999,0,221,0,0,0.09473132342100143,0.1144594997167587
batadal,cnn,999,0,222,0,0,0.08942276239395142,0.1144594997167587
batadal,cnn,999,0,223,0,0,0.08859103918075562,0.1144594997167587
batadal,cnn,999,0,224,0,0,0.09338366240262985,0.1144594997167587
batadal,cnn,999,0,225,0,0,0.09809660166501999,0.1144594997167587
batadal,cnn,999,0,226,0,0,0.09615153074264526,0.1144594997167587
batadal,cnn,999,0,227,0,0,0.09248512238264084,0.1144594997167587
batadal,cnn,999,0,228,0,0,0.09594664722681046,0.1144594997167587
batadal,cnn,999,0,229,0,0,0.08933844417333603,0.1144594997167587
batadal,cnn,999,0,230,0,0,0.09009375423192978,0.1144594997167587
batadal,cnn,999,0,231,0,0,0.09587498009204865,0.1144594997167587
batadal,cnn,999,0,232,0,0,0.09599880129098892,0.1144594997167587
batadal,cnn,999,0,233,0,0,0.09665925055742264,0.1144594997167587
batadal,cnn,999,0,234,0,0,0.08764687180519104,0.1144594997167587
batadal,cnn,999,0,235,0,0,0.08551261574029922,0.1144594997167587
batadal,cnn,999,0,236,0,0,0.08398831635713577,0.1144594997167587
batadal,cnn,999,0,237,0,0,0.09880208224058151,0.1144594997167587
batadal,cnn,999,0,238,0,0,0.09553820639848709,0.1144594997167587
batadal,cnn,999,0,239,0,0,0.09597930312156677,0.1144594997167587
batadal,cnn,999,0,240,0,0,0.10323689132928848,0.1144594997167587
batadal,cnn,999,0,241,0,0,0.09318038821220398,0.1144594997167587
batadal,cnn,999,0,242,0,0,0.08833824098110199,0.1144594997167587
batadal,cnn,999,0,243,0,0,0.09609130769968033,0.1144594997167587
batadal,cnn,999,0,244,0,0,0.09290845692157745,0.1144594997167587
batadal,cnn,999,0,245,0,0,0.09895867109298706,0.1144594997167587
batadal,cnn,999,0,246,0,0,0.10197237879037857,0.1144594997167587
batadal,cnn,999,0,247,0,0,0.10264536738395691,0.1144594997167587
batadal,cnn,999,0,248,0,0,0.09629814326763153,0.1144594997167587
batadal,cnn,999,0,249,0,0,0.10505370050668716,0.1144594997167587
batadal,cnn,999,0,250,0,0,0.1028030514717102,0.1144594997167587
batadal,cnn,999,0,251,0,0,0.09719943255186081,0.1144594997167587
batadal,cnn,999,0,252,0,0,0.09993930906057358,0.1144594997167587
batadal,cnn,999,0,253,0,0,0.10543203353881836,0.1144594997167587
batadal,cnn,999,0,254,0,0,0.09708697348833084,0.1144594997167587
batadal,cnn,999,0,255,0,0,0.10017123818397522,0.1144594997167587
batadal,cnn,999,0,256,0,0,0.09720423817634583,0.1144594997167587
batadal,cnn,999,0,257,0,0,0.10374154150485992,0.1144594997167587
batadal,cnn,999,0,258,0,0,0.09935882687568665,0.1144594997167587
batadal,cnn,999,0,259,0,0,0.10197266936302185,0.1144594997167587
batadal,cnn,999,0,260,0,0,0.09618032723665237,0.1144594997167587
batadal,cnn,999,0,261,0,0,0.09690863639116287,0.1144594997167587
batadal,cnn,999,0,262,0,0,0.0983688235282898,0.1144594997167587
batadal,cnn,999,0,263,0,0,0.09967222064733505,0.1144594997167587
batadal,cnn,999,0,264,0,0,0.08802852779626846,0.1144594997167587
batadal,cnn,999,0,265,0,0,0.09457013756036758,0.1144594997167587
batadal,cnn,999,0,266,0,0,0.08225148171186447,0.1144594997167587
batadal,cnn,999,0,267,0,0,0.08320532739162445,0.1144594997167587
batadal,cnn,999,0,268,0,0,0.08945775777101517,0.1144594997167587
batadal,cnn,999,0,269,0,0,0.08956724405288696,0.1144594997167587
batadal,cnn,999,0,270,0,0,0.07752294838428497,0.1144594997167587
batadal,cnn,999,0,271,0,0,0.08915428817272186,0.1144594997167587
batadal,cnn,999,0,272,0,0,0.09320312738418579,0.1144594997167587
batadal,cnn,999,0,273,0,0,0.11201129853725433,0.1144594997167587
batadal,cnn,999,0,274,0,0,0.09585557878017426,0.1144594997167587
batadal,cnn,999,0,275,0,0,0.08423423767089844,0.1144594997167587
batadal,cnn,999,0,276,0,0,0.09288358688354492,0.1144594997167587
batadal,cnn,999,0,277,0,0,0.09245307743549347,0.1144594997167587
batadal,cnn,999,0,278,0,0,0.09099024534225464,0.1144594997167587
batadal,cnn,999,0,279,0,0,0.09874949604272842,0.1144594997167587
batadal,cnn,999,0,280,0,0,0.09147562086582184,0.1144594997167587
batadal,cnn,999,0,281,0,0,0.09866296499967575,0.1144594997167587
batadal,cnn,999,0,282,0,0,0.08984717726707458,0.1144594997167587
batadal,cnn,999,0,283,0,0,0.10638856887817383,0.1144594997167587
batadal,cnn,999,0,284,0,0,0.09662338346242905,0.1144594997167587
batadal,cnn,999,0,285,0,0,0.1054985448718071,0.1144594997167587
batadal,cnn,999,0,286,0,0,0.11295104026794434,0.1144594997167587
batadal,cnn,999,0,287,0,0,0.10022932291030884,0.1144594997167587
batadal,cnn,999,0,288,0,0,0.10478350520133972,0.1144594997167587
batadal,cnn,999,0,289,0,1,0.1266922801733017,0.1144594997167587
batadal,cnn,999,0,290,0,0,0.09746360778808594,0.1144594997167587
batadal,cnn,999,0,291,0,0,0.10828175395727158,0.1144594997167587
batadal,cnn,999,0,292,0,0,0.11297237128019333,0.1144594997167587
batadal,cnn,999,0,293,0,0,0.10804352909326553,0.1144594997167587
batadal,cnn,999,0,294,0,0,0.10706622153520584,0.1144594997167587
batadal,cnn,999,0,295,0,1,0.11983530223369598,0.1144594997167587
batadal,cnn,999,0,296,0,0,0.11237329244613647,0.1144594997167587
batadal,cnn,999,0,297,0,0,0.1108231246471405,0.1144594997167587
batadal,cnn,999,0,298,0,1,0.11558433622121811,0.1144594997167587
batadal,cnn,999,0,299,0,1,0.1206604540348053,0.1144594997167587
batadal,cnn,999,0,300,0,1,0.11592782288789749,0.1144594997167587
batadal,cnn,999,0,301,1,0,0.11289028823375702,0.1144594997167587
batadal,cnn,999,0,302,1,0,0.11333472281694412,0.1144594997167587
batadal,cnn,999,0,303,1,1,0.11544255912303925,0.1144594997167587
batadal,cnn,999,0,304,1,1,0.11845472455024719,0.1144594997167587
batadal,cnn,999,0,305,1,1,0.11631705611944199,0.1144594997167587
batadal,cnn,999,0,306,1,1,0.11635508388280869,0.1144594997167587
batadal,cnn,999,0,307,1,1,0.1190773993730545,0.1144594997167587
batadal,cnn,999,0,308,1,0,0.1135709211230278,0.1144594997167587
batadal,cnn,999,0,309,1,1,0.13596206903457642,0.1144594997167587
batadal,cnn,999,0,310,1,1,0.12723830342292786,0.1144594997167587
batadal,cnn,999,0,311,1,1,0.12512284517288208,0.1144594997167587
batadal,cnn,999,0,312,1,1,0.1369575709104538,0.1144594997167587
batadal,cnn,999,0,313,1,1,0.12430134415626526,0.1144594997167587
batadal,cnn,999,0,314,1,0,0.1011001318693161,0.1144594997167587
batadal,cnn,999,0,315,1,1,0.13137783110141754,0.1144594997167587
batadal,cnn,999,0,316,1,1,0.139533132314682,0.1144594997167587
batadal,cnn,999,0,317,1,1,0.13985049724578857,0.1144594997167587
batadal,cnn,999,0,318,1,1,0.13055413961410522,0.1144594997167587
batadal,cnn,999,0,319,1,1,0.11808370798826218,0.1144594997167587
batadal,cnn,999,0,320,1,0,0.10465340316295624,0.1144594997167587
batadal,cnn,999,0,321,1,0,0.10324208438396454,0.1144594997167587
batadal,cnn,999,0,322,1,0,0.09953628480434418,0.1144594997167587
batadal,cnn,999,0,323,1,0,0.09524848312139511,0.1144594997167587
batadal,cnn,999,0,324,1,1,0.11746441572904587,0.1144594997167587
batadal,cnn,999,0,325,1,1,0.11538669466972351,0.1144594997167587
batadal,cnn,999,0,326,1,1,0.11457300931215286,0.1144594997167587
batadal,cnn,999,0,327,1,0,0.10673460364341736,0.1144594997167587
batadal,cnn,999,0,328,1,0,0.10294661670923233,0.1144594997167587
batadal,cnn,999,0,329,1,0,0.10542315244674683,0.1144594997167587
batadal,cnn,999,0,330,1,0,0.10852846503257751,0.1144594997167587
batadal,cnn,999,0,331,1,1,0.11846695840358734,0.1144594997167587
batadal,cnn,999,0,332,1,0,0.11416684836149216,0.1144594997167587
batadal,cnn,999,0,333,1,1,0.134786456823349,0.1144594997167587
batadal,cnn,999,0,334,1,1,0.13218703866004944,0.1144594997167587
batadal,cnn,999,0,335,1,1,0.12503618001937866,0.1144594997167587
batadal,cnn,999,0,336,1,0,0.1090957447886467,0.1144594997167587
batadal,cnn,999,0,337,1,0,0.11348559707403183,0.1144594997167587
batadal,cnn,999,0,338,1,1,0.12107729911804199,0.1144594997167587
batadal,cnn,999,0,339,1,1,0.11940188705921173,0.1144594997167587
batadal,cnn,999,0,340,1,1,0.11605139821767807,0.1144594997167587
batadal,cnn,999,0,341,1,0,0.1122756376862526,0.1144594997167587
batadal,cnn,999,0,342,1,0,0.11235452443361282,0.1144594997167587
batadal,cnn,999,0,343,1,0,0.11045753210783005,0.1144594997167587
batadal,cnn,999,0,344,1,1,0.11953681707382202,0.1144594997167587
batadal,cnn,999,0,345,1,1,0.1241849809885025,0.1144594997167587
batadal,cnn,999,0,346,1,1,0.1264364868402481,0.1144594997167587
batadal,cnn,999,0,347,1,1,0.11611341685056686,0.1144594997167587
batadal,cnn,999,0,348,1,1,0.1235480085015297,0.1144594997167587
batadal,cnn,999,0,349,1,1,0.11913929134607315,0.1144594997167587
batadal,cnn,999,0,350,1,1,0.1244846060872078,0.1144594997167587
batadal,cnn,999,0,351,1,1,0.11849876493215561,0.1144594997167587
batadal,cnn,999,0,352,1,1,0.13559232652187347,0.1144594997167587
batadal,cnn,999,0,353,1,1,0.13770702481269836,0.1144594997167587
batadal,cnn,999,0,354,1,1,0.12625275552272797,0.1144594997167587
batadal,cnn,999,0,355,1,1,0.11607746034860611,0.1144594997167587
batadal,cnn,999,0,356,1,1,0.11986204981803894,0.1144594997167587
batadal,cnn,999,0,357,1,1,0.14246642589569092,0.1144594997167587
batadal,cnn,999,0,358,1,1,0.135935977101326,0.1144594997167587
batadal,cnn,999,0,359,1,1,0.1323966234922409,0.1144594997167587
batadal,cnn,999,0,360,1,1,0.14619922637939453,0.1144594997167587
batadal,cnn,999,0,361,1,1,0.1308036595582962,0.1144594997167587
batadal,cnn,999,0,362,1,1,0.13515137135982513,0.1144594997167587
batadal,cnn,999,0,363,1,1,0.1615990847349167,0.1144594997167587
batadal,cnn,999,0,364,1,1,0.15577301383018494,0.1144594997167587
batadal,cnn,999,0,365,1,1,0.1474234163761139,0.1144594997167587
batadal,cnn,999,0,366,1,1,0.16525956988334656,0.1144594997167587
batadal,cnn,999,0,367,1,1,0.16165848076343536,0.1144594997167587
batadal,cnn,999,0,368,1,1,0.1427585780620575,0.1144594997167587
batadal,cnn,999,0,369,1,1,0.14840593934059143,0.1144594997167587
batadal,cnn,999,0,370,1,1,0.1690802425146103,0.1144594997167587
batadal,cnn,999,0,371,1,1,0.16230781376361847,0.1144594997167587
batadal,cnn,999,0,372,1,1,0.15192680060863495,0.1144594997167587
batadal,cnn,999,0,373,1,1,0.16071435809135437,0.1144594997167587
batadal,cnn,999,0,374,1,1,0.16195717453956604,0.1144594997167587
batadal,cnn,999,0,375,1,1,0.16479790210723877,0.1144594997167587
batadal,cnn,999,0,376,1,1,0.17139951884746552,0.1144594997167587
batadal,cnn,999,0,377,1,1,0.1612747758626938,0.1144594997167587
batadal,cnn,999,0,378,1,1,0.16333383321762085,0.1144594997167587
batadal,cnn,999,0,379,1,1,0.1707102209329605,0.1144594997167587
batadal,cnn,999,0,380,1,1,0.16353921592235565,0.1144594997167587
batadal,cnn,999,0,381,1,1,0.17074817419052124,0.1144594997167587
batadal,cnn,999,0,382,1,1,0.17285043001174927,0.1144594997167587
batadal,cnn,999,0,383,1,1,0.16835685074329376,0.1144594997167587
batadal,cnn,999,0,384,1,1,0.16021838784217834,0.1144594997167587
batadal,cnn,999,0,385,1,1,0.15957891941070557,0.1144594997167587
batadal,cnn,999,0,386,1,1,0.15781405568122864,0.1144594997167587
batadal,cnn,999,0,387,1,1,0.1625167727470398,0.1144594997167587
batadal,cnn,999,0,388,1,1,0.16085413098335266,0.1144594997167587
batadal,cnn,999,0,389,1,1,0.1452254056930542,0.1144594997167587
batadal,cnn,999,0,390,1,1,0.14876149594783783,0.1144594997167587
batadal,cnn,999,0,391,1,1,0.13100199401378632,0.1144594997167587
batadal,cnn,999,0,392,1,1,0.13222473859786987,0.1144594997167587
batadal,cnn,999,0,393,1,1,0.14212508499622345,0.1144594997167587
batadal,cnn,999,0,394,1,1,0.1386871188879013,0.1144594997167587
batadal,cnn,999,0,395,1,1,0.14078819751739502,0.1144594997167587
batadal,cnn,999,0,396,1,1,0.13965873420238495,0.1144594997167587
batadal,cnn,999,0,397,1,1,0.12787769734859467,0.1144594997167587
batadal,cnn,999,0,398,1,1,0.12213532626628876,0.1144594997167587
batadal,cnn,999,0,399,1,1,0.12353847175836563,0.1144594997167587
batadal,cnn,999,0,400,1,1,0.12050459533929825,0.1144594997167587
batadal,cnn,999,0,401,1,1,0.13618120551109314,0.1144594997167587
batadal,cnn,999,0,402,1,1,0.12751628458499908,0.1144594997167587
batadal,cnn,999,0,403,1,1,0.126483753323555,0.1144594997167587
batadal,cnn,999,0,404,1,1,0.12690211832523346,0.1144594997167587
batadal,cnn,999,0,405,1,1,0.12234289944171906,0.1144594997167587
batadal,cnn,999,0,406,1,1,0.11674332618713379,0.1144594997167587
batadal,cnn,999,0,407,1,1,0.12864594161510468,0.1144594997167587
batadal,cnn,999,0,408,1,1,0.12853273749351501,0.1144594997167587
batadal,cnn,999,0,409,1,1,0.13163326680660248,0.1144594997167587
batadal,cnn,999,0,410,1,1,0.12634941935539246,0.1144594997167587
batadal,cnn,999,0,411,1,1,0.12429047375917435,0.1144594997167587
batadal,cnn,999,0,412,1,1,0.11592646688222885,0.1144594997167587
batadal,cnn,999,0,413,1,1,0.11460559815168381,0.1144594997167587
batadal,cnn,999,0,414,1,1,0.11872122436761856,0.1144594997167587
batadal,cnn,999,0,415,1,1,0.12183662503957748,0.1144594997167587
batadal,cnn,999,0,416,1,1,0.11630064994096756,0.1144594997167587
batadal,cnn,999,0,417,1,1,0.13038189709186554,0.1144594997167587
batadal,cnn,999,0,418,1,1,0.11807582527399063,0.1144594997167587
batadal,cnn,999,0,419,1,1,0.12010897696018219,0.1144594997167587
batadal,cnn,999,0,420,1,1,0.12154549360275269,0.1144594997167587
batadal,cnn,999,0,421,1,0,0.11227012425661087,0.1144594997167587
batadal,cnn,999,0,422,1,0,0.10207687318325043,0.1144594997167587
batadal,cnn,999,0,423,1,0,0.11287376284599304,0.1144594997167587
batadal,cnn,999,0,424,1,0,0.1069183349609375,0.1144594997167587
batadal,cnn,999,0,425,1,0,0.10095750540494919,0.1144594997167587
batadal,cnn,999,0,426,1,0,0.10389775037765503,0.1144594997167587
batadal,cnn,999,0,427,1,0,0.1072406992316246,0.1144594997167587
batadal,cnn,999,0,428,1,0,0.10389412939548492,0.1144594997167587
batadal,cnn,999,0,429,1,0,0.11138220131397247,0.1144594997167587
batadal,cnn,999,0,430,1,0,0.10706281661987305,0.1144594997167587
batadal,cnn,999,0,431,1,0,0.10904781520366669,0.1144594997167587
batadal,cnn,999,0,432,1,0,0.10517222434282303,0.1144594997167587
batadal,cnn,999,0,433,1,0,0.09778498858213425,0.1144594997167587
batadal,cnn,999,0,434,1,0,0.09898635745048523,0.1144594997167587
batadal,cnn,999,0,435,1,0,0.09638172388076782,0.1144594997167587
batadal,cnn,999,0,436,1,0,0.09214788675308228,0.1144594997167587
batadal,cnn,999,0,437,1,0,0.11000101268291473,0.1144594997167587
batadal,cnn,999,0,438,1,0,0.10121838748455048,0.1144594997167587
batadal,cnn,999,0,439,1,0,0.10268034040927887,0.1144594997167587
batadal,cnn,999,0,440,1,0,0.10516902804374695,0.1144594997167587
batadal,cnn,999,0,441,1,0,0.10933437943458557,0.1144594997167587
batadal,cnn,999,0,442,1,0,0.10987833887338638,0.1144594997167587
batadal,cnn,999,0,443,1,1,0.11966235190629959,0.1144594997167587
batadal,cnn,999,0,444,1,0,0.11006508767604828,0.1144594997167587
batadal,cnn,999,0,445,1,0,0.10396818071603775,0.1144594997167587
batadal,cnn,999,0,446,1,0,0.10247376561164856,0.1144594997167587
batadal,cnn,999,0,447,1,0,0.09885059297084808,0.1144594997167587
batadal,cnn,999,0,448,1,0,0.10250857472419739,0.1144594997167587
batadal,cnn,999,0,449,1,0,0.10077974200248718,0.1144594997167587
batadal,cnn,999,0,450,1,0,0.09889017790555954,0.1144594997167587
batadal,cnn,999,0,451,1,0,0.10877814143896103,0.1144594997167587
batadal,cnn,999,0,452,1,0,0.10901665687561035,0.1144594997167587
batadal,cnn,999,0,453,1,0,0.0948537290096283,0.1144594997167587
batadal,cnn,999,0,454,1,0,0.09165437519550323,0.1144594997167587
batadal,cnn,999,0,455,1,0,0.09512084722518921,0.1144594997167587
batadal,cnn,999,0,456,1,0,0.0928497239947319,0.1144594997167587
batadal,cnn,999,0,457,1,0,0.08366884291172028,0.1144594997167587
batadal,cnn,999,0,458,1,0,0.08745064586400986,0.1144594997167587
batadal,cnn,999,0,459,1,0,0.08973653614521027,0.1144594997167587
batadal,cnn,999,0,460,1,0,0.08900297433137894,0.1144594997167587
batadal,cnn,999,0,461,1,0,0.0853995531797409,0.1144594997167587
batadal,cnn,999,0,462,1,0,0.07967729866504669,0.1144594997167587
batadal,cnn,999,0,463,1,0,0.08640381693840027,0.1144594997167587
batadal,cnn,999,0,464,1,0,0.08132273703813553,0.1144594997167587
batadal,cnn,999,0,465,1,0,0.0851844996213913,0.1144594997167587
batadal,cnn,999,0,466,1,0,0.08073186129331589,0.1144594997167587
batadal,cnn,999,0,467,1,0,0.07758410274982452,0.1144594997167587
batadal,cnn,999,0,468,1,0,0.0719282254576683,0.1144594997167587
batadal,cnn,999,0,469,1,0,0.08936060965061188,0.1144594997167587
batadal,cnn,999,0,470,1,0,0.08402547240257263,0.1144594997167587
batadal,cnn,999,0,471,1,0,0.07882150262594223,0.1144594997167587
batadal,cnn,999,0,472,1,0,0.08682805299758911,0.1144594997167587
batadal,cnn,999,0,473,0,0,0.08464010059833527,0.1144594997167587
batadal,cnn,999,0,474,0,0,0.08383168280124664,0.1144594997167587
batadal,cnn,999,0,475,0,0,0.07402534782886505,0.1144594997167587
batadal,cnn,999,0,476,0,0,0.07900141179561615,0.1144594997167587
batadal,cnn,999,0,477,0,0,0.08097165822982788,0.1144594997167587
batadal,cnn,999,0,478,0,0,0.0882430449128151,0.1144594997167587
batadal,cnn,999,0,479,0,0,0.08613532781600952,0.1144594997167587
batadal,cnn,999,0,480,0,0,0.08031855523586273,0.1144594997167587
batadal,cnn,999,0,481,0,0,0.08120465278625488,0.1144594997167587
batadal,cnn,999,0,482,0,0,0.07540027797222137,0.1144594997167587
batadal,cnn,999,0,483,0,0,0.0881337821483612,0.1144594997167587
batadal,cnn,999,0,484,0,0,0.08714022487401962,0.1144594997167587
batadal,cnn,999,0,485,0,0,0.09023196250200272,0.1144594997167587
batadal,cnn,999,0,486,0,0,0.08944974094629288,0.1144594997167587
batadal,cnn,999,0,487,0,0,0.09093015640974045,0.1144594997167587
batadal,cnn,999,0,488,0,0,0.08844409883022308,0.1144594997167587
batadal,cnn,999,0,489,0,0,0.09272075444459915,0.1144594997167587
batadal,cnn,999,0,490,0,0,0.08729656040668488,0.1144594997167587
batadal,cnn,999,0,491,0,0,0.09525104612112045,0.1144594997167587
batadal,cnn,999,0,492,0,0,0.08970959484577179,0.1144594997167587
batadal,cnn,999,0,493,0,0,0.08664900064468384,0.1144594997167587
batadal,cnn,999,0,494,0,0,0.08251091837882996,0.1144594997167587
batadal,cnn,999,0,495,0,0,0.09187676757574081,0.1144594997167587
batadal,cnn,999,0,496,0,0,0.09072072803974152,0.1144594997167587
batadal,cnn,999,0,497,0,0,0.09276089817285538,0.1144594997167587
batadal,cnn,999,0,498,0,0,0.09076868742704391,0.1144594997167587
batadal,cnn,999,0,499,0,0,0.09546946734189987,0.1144594997167587
batadal,cnn,999,0,500,0,0,0.09333408623933792,0.1144594997167587
batadal,cnn,999,0,501,0,0,0.09695594757795334,0.1144594997167587
batadal,cnn,999,0,502,0,0,0.0899198055267334,0.1144594997167587
batadal,cnn,999,0,503,0,0,0.10895900428295135,0.1144594997167587
batadal,cnn,999,0,504,0,0,0.10079430788755417,0.1144594997167587
batadal,cnn,999,0,505,0,0,0.10290179401636124,0.1144594997167587
batadal,cnn,999,0,506,0,0,0.0962301641702652,0.1144594997167587
batadal,cnn,999,0,507,0,0,0.09668803215026855,0.1144594997167587
batadal,cnn,999,0,508,0,0,0.08995066583156586,0.1144594997167587
batadal,cnn,999,0,509,0,0,0.10226515680551529,0.1144594997167587
batadal,cnn,999,0,510,0,0,0.10393799841403961,0.1144594997167587
batadal,cnn,999,0,511,0,0,0.09625595808029175,0.1144594997167587
batadal,cnn,999,0,512,0,0,0.0942123681306839,0.1144594997167587
batadal,cnn,999,0,513,0,0,0.1011645719408989,0.1144594997167587
batadal,cnn,999,0,514,0,0,0.09377442300319672,0.1144594997167587
batadal,cnn,999,0,515,0,0,0.09541475027799606,0.1144594997167587
batadal,cnn,999,0,516,0,0,0.09964670240879059,0.1144594997167587
batadal,cnn,999,0,517,0,0,0.08743278682231903,0.1144594997167587
batadal,cnn,999,0,518,0,0,0.08702144026756287,0.1144594997167587
batadal,cnn,999,0,519,0,0,0.08906320482492447,0.1144594997167587
batadal,cnn,999,0,520,0,0,0.09669896960258484,0.1144594997167587
batadal,cnn,999,0,521,0,0,0.09297268837690353,0.1144594997167587
batadal,cnn,999,0,522,0,0,0.09306681901216507,0.1144594997167587
batadal,cnn,999,0,523,0,0,0.09135028719902039,0.1144594997167587
batadal,cnn,999,0,524,0,0,0.09196078032255173,0.1144594997167587
batadal,cnn,999,0,525,0,0,0.09189813584089279,0.1144594997167587
batadal,cnn,999,0,526,0,0,0.10640332847833633,0.1144594997167587
batadal,cnn,999,0,527,0,0,0.09799371659755707,0.1144594997167587
batadal,cnn,999,0,528,0,0,0.09416314959526062,0.1144594997167587
batadal,cnn,999,0,529,0,0,0.09656058996915817,0.1144594997167587
batadal,cnn,999,0,530,0,0,0.0982469916343689,0.1144594997167587
batadal,cnn,999,0,531,0,0,0.0909213051199913,0.1144594997167587
batadal,cnn,999,0,532,0,0,0.09042902290821075,0.1144594997167587
batadal,cnn,999,0,533,0,0,0.09673941880464554,0.1144594997167587
batadal,cnn,999,0,534,0,0,0.09249425679445267,0.1144594997167587
batadal,cnn,999,0,535,0,0,0.0946476012468338,0.1144594997167587
batadal,cnn,999,0,536,0,0,0.08955332636833191,0.1144594997167587
batadal,cnn,999,0,537,0,0,0.09566129744052887,0.1144594997167587
batadal,cnn,999,0,538,0,0,0.10443897545337677,0.1144594997167587
batadal,cnn,999,0,539,0,0,0.09638772904872894,0.1144594997167587
batadal,cnn,999,0,540,0,0,0.09095267206430435,0.1144594997167587
batadal,cnn,999,0,541,0,0,0.09057033807039261,0.1144594997167587
batadal,cnn,999,0,542,0,0,0.09308424592018127,0.1144594997167587
batadal,cnn,999,0,543,0,0,0.08791694045066833,0.1144594997167587
batadal,cnn,999,0,544,0,0,0.08620667457580566,0.1144594997167587
batadal,cnn,999,0,545,0,0,0.08445440977811813,0.1144594997167587
batadal,cnn,999,0,546,0,0,0.08993924409151077,0.1144594997167587
batadal,cnn,999,0,547,0,0,0.09036585688591003,0.1144594997167587
batadal,cnn,999,0,548,0,0,0.08798091113567352,0.1144594997167587
batadal,cnn,999,0,549,0,0,0.08693306148052216,0.1144594997167587
batadal,cnn,999,0,550,0,0,0.09960795193910599,0.1144594997167587
batadal,cnn,999,0,551,0,0,0.09817718714475632,0.1144594997167587
batadal,cnn,999,0,552,0,0,0.10039550065994263,0.1144594997167587
batadal,cnn,999,0,553,0,0,0.09139642864465714,0.1144594997167587
batadal,cnn,999,0,554,0,0,0.09194684773683548,0.1144594997167587
batadal,cnn,999,0,555,0,0,0.0948798656463623,0.1144594997167587
batadal,cnn,999,0,556,0,0,0.09836450219154358,0.1144594997167587
batadal,cnn,999,0,557,0,0,0.09428112953901291,0.1144594997167587
batadal,cnn,999,0,558,0,0,0.09419164806604385,0.1144594997167587
batadal,cnn,999,0,559,0,0,0.10308250784873962,0.1144594997167587
batadal,cnn,999,0,560,0,0,0.10196835547685623,0.1144594997167587
batadal,cnn,999,0,561,0,0,0.09597816318273544,0.1144594997167587
batadal,cnn,999,0,562,0,0,0.09001251310110092,0.1144594997167587
batadal,cnn,999,0,563,0,0,0.09416034817695618,0.1144594997167587
batadal,cnn,999,0,564,0,0,0.09389828890562057,0.1144594997167587
batadal,cnn,999,0,565,0,0,0.09405656903982162,0.1144594997167587
batadal,cnn,999,0,566,0,0,0.0937790796160698,0.1144594997167587
batadal,cnn,999,0,567,0,0,0.09181243926286697,0.1144594997167587
batadal,cnn,999,0,568,0,0,0.1063719093799591,0.1144594997167587
batadal,cnn,999,0,569,0,0,0.08321180194616318,0.1144594997167587
batadal,cnn,999,0,570,0,0,0.07963570207357407,0.1144594997167587
batadal,cnn,999,0,571,0,0,0.09166601300239563,0.1144594997167587
batadal,cnn,999,0,572,0,0,0.09118569642305374,0.1144594997167587
batadal,cnn,999,0,573,0,0,0.09104343503713608,0.1144594997167587
batadal,cnn,999,0,574,0,0,0.0831909105181694,0.1144594997167587
batadal,cnn,999,0,575,0,0,0.08114198595285416,0.1144594997167587
batadal,cnn,999,0,576,0,0,0.08774731308221817,0.1144594997167587
batadal,cnn,999,0,577,0,0,0.09021677076816559,0.1144594997167587
batadal,cnn,999,0,578,0,0,0.08261284977197647,0.1144594997167587
batadal,cnn,999,0,579,0,0,0.07868751883506775,0.1144594997167587
batadal,cnn,999,0,580,0,0,0.09472411125898361,0.1144594997167587
batadal,cnn,999,0,581,0,0,0.09660524129867554,0.1144594997167587
batadal,cnn,999,0,582,0,0,0.08656172454357147,0.1144594997167587
batadal,cnn,999,0,583,0,0,0.09223628044128418,0.1144594997167587
batadal,cnn,999,0,584,0,0,0.09329298883676529,0.1144594997167587
batadal,cnn,999,0,585,0,0,0.08615372329950333,0.1144594997167587
batadal,cnn,999,0,586,0,0,0.09121077507734299,0.1144594997167587
batadal,cnn,999,0,587,0,0,0.09012672305107117,0.1144594997167587
batadal,cnn,999,0,588,0,0,0.08249031752347946,0.1144594997167587
batadal,cnn,999,0,589,0,0,0.07941480726003647,0.1144594997167587
batadal,cnn,999,0,590,0,0,0.08555547893047333,0.1144594997167587
batadal,cnn,999,0,591,0,0,0.09255456179380417,0.1144594997167587
batadal,cnn,999,0,592,0,0,0.08875051140785217,0.1144594997167587
batadal,cnn,999,0,593,0,0,0.09180478751659393,0.1144594997167587
batadal,cnn,999,0,594,0,0,0.08848012238740921,0.1144594997167587
batadal,cnn,999,0,595,0,0,0.09325859695672989,0.1144594997167587
batadal,cnn,999,0,596,0,0,0.08900485932826996,0.1144594997167587
batadal,cnn,999,0,597,0,0,0.09296763688325882,0.1144594997167587
batadal,cnn,999,0,598,0,0,0.09547203034162521,0.1144594997167587
batadal,cnn,999,0,599,0,0,0.08446997404098511,0.1144594997167587
batadal,cnn,999,0,600,0,0,0.09070421010255814,0.1144594997167587
batadal,cnn,999,0,601,0,0,0.08347374945878983,0.1144594997167587
batadal,cnn,999,0,602,0,0,0.0839388370513916,0.1144594997167587
batadal,cnn,999,0,603,0,0,0.09915873408317566,0.1144594997167587
batadal,cnn,999,0,604,0,0,0.08775544911623001,0.1144594997167587
batadal,cnn,999,0,605,0,0,0.07657395303249359,0.1144594997167587
batadal,cnn,999,0,606,0,0,0.0762435793876648,0.1144594997167587
batadal,cnn,999,0,607,0,0,0.08445319533348083,0.1144594997167587
batadal,cnn,999,0,608,0,0,0.08123040944337845,0.1144594997167587
batadal,cnn,999,0,609,0,0,0.07103483378887177,0.1144594997167587
batadal,cnn,999,0,610,0,0,0.0834936648607254,0.1144594997167587
batadal,cnn,999,0,611,0,0,0.09322591125965118,0.1144594997167587
batadal,cnn,999,0,612,0,0,0.0829920694231987,0.1144594997167587
batadal,cnn,999,0,613,0,0,0.08916047215461731,0.1144594997167587
batadal,cnn,999,0,614,0,0,0.08494771271944046,0.1144594997167587
batadal,cnn,999,0,615,0,0,0.07642535865306854,0.1144594997167587
batadal,cnn,999,0,616,0,0,0.08951722830533981,0.1144594997167587
batadal,cnn,999,0,617,0,0,0.09085482358932495,0.1144594997167587
batadal,cnn,999,0,618,0,0,0.08715836703777313,0.1144594997167587
batadal,cnn,999,0,619,0,0,0.08742959052324295,0.1144594997167587
batadal,cnn,999,0,620,0,0,0.08076265454292297,0.1144594997167587
batadal,cnn,999,0,621,0,0,0.09325418621301651,0.1144594997167587
batadal,cnn,999,0,622,0,0,0.08037766814231873,0.1144594997167587
batadal,cnn,999,0,623,0,0,0.08777713030576706,0.1144594997167587
batadal,cnn,999,0,624,0,0,0.09265456348657608,0.1144594997167587
batadal,cnn,999,0,625,0,0,0.0949752926826477,0.1144594997167587
batadal,cnn,999,0,626,0,0,0.0850716084241867,0.1144594997167587
batadal,cnn,999,0,627,0,0,0.09522513300180435,0.1144594997167587
batadal,cnn,999,0,628,0,0,0.10518333315849304,0.1144594997167587
batadal,cnn,999,0,629,0,0,0.09687976539134979,0.1144594997167587
batadal,cnn,999,0,630,0,0,0.09527143836021423,0.1144594997167587
batadal,cnn,999,0,631,0,0,0.09628760069608688,0.1144594997167587
batadal,cnn,999,0,632,0,0,0.08501969277858734,0.1144594997167587
batadal,cnn,999,0,633,0,0,0.08190124481916428,0.1144594997167587
batadal,cnn,999,0,634,0,0,0.08186109364032745,0.1144594997167587
batadal,cnn,999,0,635,0,0,0.0861392468214035,0.1144594997167587
batadal,cnn,999,0,636,0,0,0.08208710700273514,0.1144594997167587
batadal,cnn,999,0,637,0,0,0.08971168845891953,0.1144594997167587
batadal,cnn,999,0,638,0,0,0.08741796761751175,0.1144594997167587
batadal,cnn,999,0,639,0,0,0.07782349735498428,0.1144594997167587
batadal,cnn,999,0,640,0,0,0.08090774714946747,0.1144594997167587
batadal,cnn,999,0,641,0,0,0.08173438906669617,0.1144594997167587
batadal,cnn,999,0,642,0,0,0.08873124420642853,0.1144594997167587
batadal,cnn,999,0,643,0,0,0.08870070427656174,0.1144594997167587
batadal,cnn,999,0,644,0,0,0.0855894535779953,0.1144594997167587
batadal,cnn,999,0,645,0,0,0.09177163988351822,0.1144594997167587
batadal,cnn,999,0,646,0,0,0.09813891351222992,0.1144594997167587
batadal,cnn,999,0,647,0,0,0.08029625564813614,0.1144594997167587
batadal,cnn,999,0,648,0,0,0.0791763886809349,0.1144594997167587
batadal,cnn,999,0,649,0,0,0.08006130903959274,0.1144594997167587
batadal,cnn,999,0,650,0,0,0.07588424533605576,0.1144594997167587
batadal,cnn,999,0,651,0,0,0.0767286866903305,0.1144594997167587
batadal,cnn,999,0,652,0,0,0.07008970528841019,0.1144594997167587
batadal,cnn,999,0,653,0,0,0.07925757020711899,0.1144594997167587
batadal,cnn,999,0,654,0,0,0.08184231072664261,0.1144594997167587
batadal,cnn,999,0,655,0,0,0.07624853402376175,0.1144594997167587
batadal,cnn,999,0,656,0,0,0.0858144760131836,0.1144594997167587
batadal,cnn,999,0,657,0,0,0.08690109103918076,0.1144594997167587
batadal,cnn,999,0,658,0,0,0.08859487622976303,0.1144594997167587
batadal,cnn,999,0,659,0,0,0.07909096032381058,0.1144594997167587
batadal,cnn,999,0,660,0,0,0.0792188048362732,0.1144594997167587
batadal,cnn,999,0,661,0,0,0.08516998589038849,0.1144594997167587
batadal,cnn,999,0,662,0,0,0.08559233695268631,0.1144594997167587
batadal,cnn,999,0,663,0,0,0.08482194691896439,0.1144594997167587
batadal,cnn,999,0,664,0,0,0.08292621374130249,0.1144594997167587
batadal,cnn,999,0,665,0,0,0.08915747702121735,0.1144594997167587
batadal,cnn,999,0,666,0,0,0.08273105323314667,0.1144594997167587
batadal,cnn,999,0,667,0,0,0.08460098505020142,0.1144594997167587
batadal,cnn,999,0,668,0,0,0.08872795104980469,0.1144594997167587
batadal,cnn,999,0,669,0,0,0.09102766960859299,0.1144594997167587
batadal,cnn,999,0,670,0,0,0.09427148848772049,0.1144594997167587
batadal,cnn,999,0,671,0,0,0.09362053126096725,0.1144594997167587
batadal,cnn,999,0,672,0,0,0.09303560853004456,0.1144594997167587
batadal,cnn,999,0,673,0,0,0.08680271357297897,0.1144594997167587
batadal,cnn,999,0,674,0,0,0.08785896003246307,0.1144594997167587
batadal,cnn,999,0,675,0,0,0.10025259852409363,0.1144594997167587
batadal,cnn,999,0,676,0,0,0.09427488595247269,0.1144594997167587
batadal,cnn,999,0,677,0,0,0.09083084017038345,0.1144594997167587
batadal,cnn,999,0,678,0,0,0.09824634343385696,0.1144594997167587
batadal,cnn,999,0,679,0,0,0.09856334328651428,0.1144594997167587
batadal,cnn,999,0,680,0,0,0.09584497660398483,0.1144594997167587
batadal,cnn,999,0,681,0,0,0.09820802509784698,0.1144594997167587
batadal,cnn,999,0,682,0,0,0.08734992891550064,0.1144594997167587
batadal,cnn,999,0,683,0,0,0.0898202583193779,0.1144594997167587
batadal,cnn,999,0,684,0,0,0.08736839145421982,0.1144594997167587
batadal,cnn,999,0,685,0,0,0.08532986044883728,0.1144594997167587
batadal,cnn,999,0,686,0,0,0.08638542890548706,0.1144594997167587
batadal,cnn,999,0,687,0,0,0.07881847769021988,0.1144594997167587
batadal,cnn,999,0,688,0,0,0.0802563950419426,0.1144594997167587
batadal,cnn,999,0,689,0,0,0.08318594843149185,0.1144594997167587
batadal,cnn,999,0,690,0,0,0.08116895705461502,0.1144594997167587
batadal,cnn,999,0,691,0,0,0.08165880292654037,0.1144594997167587
batadal,cnn,999,0,692,0,0,0.08832770586013794,0.1144594997167587
batadal,cnn,999,0,693,0,0,0.10305619984865189,0.1144594997167587
batadal,cnn,999,0,694,0,0,0.09730526059865952,0.1144594997167587
batadal,cnn,999,0,695,0,0,0.10017751902341843,0.1144594997167587
batadal,cnn,999,0,696,0,0,0.10161612182855606,0.1144594997167587
batadal,cnn,999,0,697,0,0,0.10165461897850037,0.1144594997167587
batadal,cnn,999,0,698,0,0,0.09451226890087128,0.1144594997167587
batadal,cnn,999,0,699,0,0,0.10124967247247696,0.1144594997167587
batadal,cnn,999,0,700,0,0,0.09874776005744934,0.1144594997167587
batadal,cnn,999,0,701,0,0,0.10036560148000717,0.1144594997167587
batadal,cnn,999,0,702,0,0,0.09399887919425964,0.1144594997167587
batadal,cnn,999,0,703,0,0,0.08766378462314606,0.1144594997167587
batadal,cnn,999,0,704,0,0,0.09872065484523773,0.1144594997167587
batadal,cnn,999,0,705,0,0,0.10637038946151733,0.1144594997167587
batadal,cnn,999,0,706,0,0,0.11049903929233551,0.1144594997167587
batadal,cnn,999,0,707,0,0,0.10452676564455032,0.1144594997167587
batadal,cnn,999,0,708,0,0,0.10201845318078995,0.1144594997167587
batadal,cnn,999,0,709,0,0,0.09821132570505142,0.1144594997167587
batadal,cnn,999,0,710,0,0,0.09828727692365646,0.1144594997167587
batadal,cnn,999,0,711,0,0,0.1026427149772644,0.1144594997167587
batadal,cnn,999,0,712,0,0,0.10931681841611862,0.1144594997167587
batadal,cnn,999,0,713,0,0,0.10510113090276718,0.1144594997167587
batadal,cnn,999,0,714,0,0,0.1013340950012207,0.1144594997167587
batadal,cnn,999,0,715,0,0,0.10179541260004044,0.1144594997167587
batadal,cnn,999,0,716,0,0,0.09990514814853668,0.1144594997167587
batadal,cnn,999,0,717,0,0,0.11358021944761276,0.1144594997167587
batadal,cnn,999,0,718,0,1,0.11581253260374069,0.1144594997167587
batadal,cnn,999,0,719,0,0,0.11183502525091171,0.1144594997167587
batadal,cnn,999,0,720,0,0,0.10851110517978668,0.1144594997167587
batadal,cnn,999,0,721,0,0,0.10077899694442749,0.1144594997167587
batadal,cnn,999,0,722,0,0,0.10549740493297577,0.1144594997167587
batadal,cnn,999,0,723,0,0,0.10630173981189728,0.1144594997167587
batadal,cnn,999,0,724,0,0,0.10472162067890167,0.1144594997167587
batadal,cnn,999,0,725,0,0,0.10273120552301407,0.1144594997167587
batadal,cnn,999,0,726,0,0,0.09976068139076233,0.1144594997167587
batadal,cnn,999,0,727,0,0,0.09573616087436676,0.1144594997167587
batadal,cnn,999,0,728,0,0,0.10075446963310242,0.1144594997167587
batadal,cnn,999,0,729,0,0,0.10152722150087357,0.1144594997167587
batadal,cnn,999,0,730,0,0,0.10847390443086624,0.1144594997167587
batadal,cnn,999,0,731,0,0,0.10679575055837631,0.1144594997167587
batadal,cnn,999,0,732,0,0,0.10804823040962219,0.1144594997167587
batadal,cnn,999,0,733,0,0,0.10101540386676788,0.1144594997167587
batadal,cnn,999,0,734,0,0,0.10506758838891983,0.1144594997167587
batadal,cnn,999,0,735,0,0,0.10546475648880005,0.1144594997167587
batadal,cnn,999,0,736,0,0,0.11132445931434631,0.1144594997167587
